# WaveFront *.obj file (generated by Autodesk ATF)

mtllib Configuration 1.mtl

g MeshBody1

v 243.384247 243.839996 0.000000
v -0.455745 243.839996 0.000000
v -0.455745 243.839996 1.270000
v 243.384247 243.839996 1.270000
v 121.464249 243.839996 0.635000
v 243.384247 0.000000 0.000000
v 243.384247 0.000000 1.270000
v 243.384247 121.919998 0.635000
v -0.455745 0.000000 0.000000
v -0.455745 0.000000 1.270000
v 121.464249 0.000000 0.635000
v -0.455745 121.919998 0.635000
v 121.464249 121.919998 1.270000
v 121.464249 121.919998 0.000000
usemtl 128,128,128
f 4 1 5
f 5 1 2
f 5 2 3
f 3 4 5
f 7 6 8
f 8 6 1
f 8 1 4
f 4 7 8
f 10 9 11
f 11 9 6
f 11 6 7
f 7 10 11
f 3 2 12
f 12 2 9
f 12 9 10
f 10 3 12
usemtl 0,0,0
f 4 3 13
f 13 3 10
f 13 10 7
f 7 4 13
usemtl 128,128,128
f 6 9 14
f 14 9 2
f 14 2 1
f 1 6 14
g MeshBody2

v 181.814651 198.424805 1.270000
v 181.814651 178.104797 1.270000
v 181.814651 178.104797 1.320800
v 181.814651 198.424805 1.320800
v 181.814651 188.264801 1.295400
v 161.494659 198.424805 1.270000
v 161.494659 198.424805 1.320800
v 171.654663 198.424805 1.295400
v 161.494659 178.104797 1.270000
v 161.494659 178.104797 1.320800
v 161.494659 188.264801 1.295400
v 171.654663 178.104797 1.295400
v 131.624252 98.043991 1.270000
v 131.624252 77.723999 1.270000
v 131.624252 77.723999 1.320800
v 131.624252 98.043991 1.320800
v 131.624252 87.883995 1.295400
v 111.304253 98.043991 1.270000
v 111.304253 98.043991 1.320800
v 121.464249 98.043991 1.295400
v 111.304253 77.723999 1.270000
v 111.304253 77.723999 1.320800
v 111.304253 87.883995 1.295400
v 121.464249 77.723999 1.295400
v 56.338654 98.043991 1.270000
v 56.338654 77.723999 1.270000
v 56.338654 77.723999 1.320800
v 56.338654 98.043991 1.320800
v 56.338654 87.883995 1.295400
v 36.018654 98.043991 1.270000
v 36.018654 98.043991 1.320800
v 46.178654 98.043991 1.295400
v 36.018654 77.723999 1.270000
v 36.018654 77.723999 1.320800
v 36.018654 87.883995 1.295400
v 46.178654 77.723999 1.295400
v 181.814651 98.043991 1.270000
v 181.814651 77.723999 1.270000
v 181.814651 77.723999 1.320800
v 181.814651 98.043991 1.320800
v 181.814651 87.883995 1.295400
v 161.494659 98.043991 1.270000
v 161.494659 98.043991 1.320800
v 171.654663 98.043991 1.295400
v 161.494659 77.723999 1.270000
v 161.494659 77.723999 1.320800
v 161.494659 87.883995 1.295400
v 171.654663 77.723999 1.295400
v 56.338654 47.853600 1.270000
v 56.338654 27.533600 1.270000
v 56.338654 27.533600 1.320800
v 56.338654 47.853600 1.320800
v 56.338654 37.693600 1.295400
v 36.018654 47.853600 1.270000
v 36.018654 47.853600 1.320800
v 46.178654 47.853600 1.295400
v 36.018654 27.533600 1.270000
v 36.018654 27.533600 1.320800
v 36.018654 37.693600 1.295400
v 46.178654 27.533600 1.295400
v 206.909851 98.043991 1.270000
v 206.909851 77.723999 1.270000
v 206.909851 77.723999 1.320800
v 206.909851 98.043991 1.320800
v 206.909851 87.883995 1.295400
v 186.589844 98.043991 1.270000
v 186.589844 98.043991 1.320800
v 196.749847 98.043991 1.295400
v 186.589844 77.723999 1.270000
v 186.589844 77.723999 1.320800
v 186.589844 87.883995 1.295400
v 196.749847 77.723999 1.295400
v 106.529060 72.948799 1.270000
v 106.529060 52.628796 1.270000
v 106.529060 52.628796 1.320800
v 106.529060 72.948799 1.320800
v 106.529060 62.788795 1.295400
v 86.209061 72.948799 1.270000
v 86.209061 72.948799 1.320800
v 96.369057 72.948799 1.295400
v 86.209061 52.628796 1.270000
v 86.209061 52.628796 1.320800
v 86.209061 62.788795 1.295400
v 96.369057 52.628796 1.295400
v 56.338654 173.329590 1.270000
v 56.338654 153.009598 1.270000
v 56.338654 153.009598 1.320800
v 56.338654 173.329590 1.320800
v 56.338654 163.169586 1.295400
v 36.018654 173.329590 1.270000
v 36.018654 173.329590 1.320800
v 46.178654 173.329590 1.295400
v 36.018654 153.009598 1.270000
v 36.018654 153.009598 1.320800
v 36.018654 163.169586 1.295400
v 46.178654 153.009598 1.295400
v 81.433853 123.139198 1.270000
v 81.433853 102.819199 1.270000
v 81.433853 102.819199 1.320800
v 81.433853 123.139198 1.320800
v 81.433853 112.979195 1.295400
v 61.113857 123.139198 1.270000
v 61.113857 123.139198 1.320800
v 71.273857 123.139198 1.295400
v 61.113857 102.819199 1.270000
v 61.113857 102.819199 1.320800
v 61.113857 112.979195 1.295400
v 71.273857 102.819199 1.295400
v 186.589844 27.533600 1.270000
v 186.589844 47.853600 1.270000
v 186.589844 47.853600 1.320800
v 186.589844 27.533600 1.320800
v 186.589844 37.693600 1.295400
v 206.909851 27.533600 1.270000
v 206.909851 27.533600 1.320800
v 196.749847 27.533600 1.295400
v 206.909851 47.853600 1.270000
v 206.909851 47.853600 1.320800
v 206.909851 37.693600 1.295400
v 196.749847 47.853600 1.295400
v 131.624252 148.234406 1.270000
v 131.624252 127.914398 1.270000
v 131.624252 127.914398 1.320800
v 131.624252 148.234406 1.320800
v 131.624252 138.074402 1.295400
v 111.304253 148.234406 1.270000
v 111.304253 148.234406 1.320800
v 121.464249 148.234406 1.295400
v 111.304253 127.914398 1.270000
v 111.304253 127.914398 1.320800
v 111.304253 138.074402 1.295400
v 121.464249 127.914398 1.295400
v 131.624252 198.424805 1.270000
v 131.624252 178.104797 1.270000
v 131.624252 178.104797 1.320800
v 131.624252 198.424805 1.320800
v 131.624252 188.264801 1.295400
v 111.304253 198.424805 1.270000
v 111.304253 198.424805 1.320800
v 121.464249 198.424805 1.295400
v 111.304253 178.104797 1.270000
v 111.304253 178.104797 1.320800
v 111.304253 188.264801 1.295400
v 121.464249 178.104797 1.295400
v 131.624252 123.139198 1.270000
v 131.624252 102.819199 1.270000
v 131.624252 102.819199 1.320800
v 131.624252 123.139198 1.320800
v 131.624252 112.979195 1.295400
v 111.304253 123.139198 1.270000
v 111.304253 123.139198 1.320800
v 121.464249 123.139198 1.295400
v 111.304253 102.819199 1.270000
v 111.304253 102.819199 1.320800
v 111.304253 112.979195 1.295400
v 121.464249 102.819199 1.295400
v 106.529060 148.234406 1.270000
v 106.529060 127.914398 1.270000
v 106.529060 127.914398 1.320800
v 106.529060 148.234406 1.320800
v 106.529060 138.074402 1.295400
v 86.209061 148.234406 1.270000
v 86.209061 148.234406 1.320800
v 96.369057 148.234406 1.295400
v 86.209061 127.914398 1.270000
v 86.209061 127.914398 1.320800
v 86.209061 138.074402 1.295400
v 96.369057 127.914398 1.295400
v 81.433853 72.948799 1.270000
v 81.433853 52.628796 1.270000
v 81.433853 52.628796 1.320800
v 81.433853 72.948799 1.320800
v 81.433853 62.788795 1.295400
v 61.113857 72.948799 1.270000
v 61.113857 72.948799 1.320800
v 71.273857 72.948799 1.295400
v 61.113857 52.628796 1.270000
v 61.113857 52.628796 1.320800
v 61.113857 62.788795 1.295400
v 71.273857 52.628796 1.295400
v 206.909851 148.234406 1.270000
v 206.909851 127.914398 1.270000
v 206.909851 127.914398 1.320800
v 206.909851 148.234406 1.320800
v 206.909851 138.074402 1.295400
v 186.589844 148.234406 1.270000
v 186.589844 148.234406 1.320800
v 196.749847 148.234406 1.295400
v 186.589844 127.914398 1.270000
v 186.589844 127.914398 1.320800
v 186.589844 138.074402 1.295400
v 196.749847 127.914398 1.295400
v 156.719452 173.329590 1.270000
v 156.719452 153.009598 1.270000
v 156.719452 153.009598 1.320800
v 156.719452 173.329590 1.320800
v 156.719452 163.169586 1.295400
v 136.399460 173.329590 1.270000
v 136.399460 173.329590 1.320800
v 146.559448 173.329590 1.295400
v 136.399460 153.009598 1.270000
v 136.399460 153.009598 1.320800
v 136.399460 163.169586 1.295400
v 146.559448 153.009598 1.295400
v 206.909851 72.948799 1.270000
v 206.909851 52.628796 1.270000
v 206.909851 52.628796 1.320800
v 206.909851 72.948799 1.320800
v 206.909851 62.788795 1.295400
v 186.589844 72.948799 1.270000
v 186.589844 72.948799 1.320800
v 196.749847 72.948799 1.295400
v 186.589844 52.628796 1.270000
v 186.589844 52.628796 1.320800
v 186.589844 62.788795 1.295400
v 196.749847 52.628796 1.295400
v 131.624252 173.329590 1.270000
v 131.624252 153.009598 1.270000
v 131.624252 153.009598 1.320800
v 131.624252 173.329590 1.320800
v 131.624252 163.169586 1.295400
v 111.304253 173.329590 1.270000
v 111.304253 173.329590 1.320800
v 121.464249 173.329590 1.295400
v 111.304253 153.009598 1.270000
v 111.304253 153.009598 1.320800
v 111.304253 163.169586 1.295400
v 121.464249 153.009598 1.295400
v 206.909851 123.139198 1.270000
v 206.909851 102.819199 1.270000
v 206.909851 102.819199 1.320800
v 206.909851 123.139198 1.320800
v 206.909851 112.979195 1.295400
v 186.589844 123.139198 1.270000
v 186.589844 123.139198 1.320800
v 196.749847 123.139198 1.295400
v 186.589844 102.819199 1.270000
v 186.589844 102.819199 1.320800
v 186.589844 112.979195 1.295400
v 196.749847 102.819199 1.295400
v 56.338654 123.139198 1.270000
v 56.338654 102.819199 1.270000
v 56.338654 102.819199 1.320800
v 56.338654 123.139198 1.320800
v 56.338654 112.979195 1.295400
v 36.018654 123.139198 1.270000
v 36.018654 123.139198 1.320800
v 46.178654 123.139198 1.295400
v 36.018654 102.819199 1.270000
v 36.018654 102.819199 1.320800
v 36.018654 112.979195 1.295400
v 46.178654 102.819199 1.295400
v 106.529060 47.853600 1.270000
v 106.529060 27.533600 1.270000
v 106.529060 27.533600 1.320800
v 106.529060 47.853600 1.320800
v 106.529060 37.693600 1.295400
v 86.209061 47.853600 1.270000
v 86.209061 47.853600 1.320800
v 96.369057 47.853600 1.295400
v 86.209061 27.533600 1.270000
v 86.209061 27.533600 1.320800
v 86.209061 37.693600 1.295400
v 96.369057 27.533600 1.295400
v 181.814651 173.329590 1.270000
v 181.814651 153.009598 1.270000
v 181.814651 153.009598 1.320800
v 181.814651 173.329590 1.320800
v 181.814651 163.169586 1.295400
v 161.494659 173.329590 1.270000
v 161.494659 173.329590 1.320800
v 171.654663 173.329590 1.295400
v 161.494659 153.009598 1.270000
v 161.494659 153.009598 1.320800
v 161.494659 163.169586 1.295400
v 171.654663 153.009598 1.295400
v 56.338654 198.424805 1.270000
v 56.338654 178.104797 1.270000
v 56.338654 178.104797 1.320800
v 56.338654 198.424805 1.320800
v 56.338654 188.264801 1.295400
v 36.018654 198.424805 1.270000
v 36.018654 198.424805 1.320800
v 46.178654 198.424805 1.295400
v 36.018654 178.104797 1.270000
v 36.018654 178.104797 1.320800
v 36.018654 188.264801 1.295400
v 46.178654 178.104797 1.295400
v 106.529060 98.043991 1.270000
v 106.529060 77.723999 1.270000
v 106.529060 77.723999 1.320800
v 106.529060 98.043991 1.320800
v 106.529060 87.883995 1.295400
v 86.209061 98.043991 1.270000
v 86.209061 98.043991 1.320800
v 96.369057 98.043991 1.295400
v 86.209061 77.723999 1.270000
v 86.209061 77.723999 1.320800
v 86.209061 87.883995 1.295400
v 96.369057 77.723999 1.295400
v 181.814651 148.234406 1.270000
v 181.814651 127.914398 1.270000
v 181.814651 127.914398 1.320800
v 181.814651 148.234406 1.320800
v 181.814651 138.074402 1.295400
v 161.494659 148.234406 1.270000
v 161.494659 148.234406 1.320800
v 171.654663 148.234406 1.295400
v 161.494659 127.914398 1.270000
v 161.494659 127.914398 1.320800
v 161.494659 138.074402 1.295400
v 171.654663 127.914398 1.295400
v 81.433853 198.424805 1.270000
v 81.433853 178.104797 1.270000
v 81.433853 178.104797 1.320800
v 81.433853 198.424805 1.320800
v 81.433853 188.264801 1.295400
v 61.113857 198.424805 1.270000
v 61.113857 198.424805 1.320800
v 71.273857 198.424805 1.295400
v 61.113857 178.104797 1.270000
v 61.113857 178.104797 1.320800
v 61.113857 188.264801 1.295400
v 71.273857 178.104797 1.295400
v 181.814651 72.948799 1.270000
v 181.814651 52.628796 1.270000
v 181.814651 52.628796 1.320800
v 181.814651 72.948799 1.320800
v 181.814651 62.788795 1.295400
v 161.494659 72.948799 1.270000
v 161.494659 72.948799 1.320800
v 171.654663 72.948799 1.295400
v 161.494659 52.628796 1.270000
v 161.494659 52.628796 1.320800
v 161.494659 62.788795 1.295400
v 171.654663 52.628796 1.295400
v 181.814651 47.853600 1.270000
v 181.814651 27.533600 1.270000
v 181.814651 27.533600 1.320800
v 181.814651 47.853600 1.320800
v 181.814651 37.693600 1.295400
v 161.494659 47.853600 1.270000
v 161.494659 47.853600 1.320800
v 171.654663 47.853600 1.295400
v 161.494659 27.533600 1.270000
v 161.494659 27.533600 1.320800
v 161.494659 37.693600 1.295400
v 171.654663 27.533600 1.295400
v 81.433853 173.329590 1.270000
v 81.433853 153.009598 1.270000
v 81.433853 153.009598 1.320800
v 81.433853 173.329590 1.320800
v 81.433853 163.169586 1.295400
v 61.113857 173.329590 1.270000
v 61.113857 173.329590 1.320800
v 71.273857 173.329590 1.295400
v 61.113857 153.009598 1.270000
v 61.113857 153.009598 1.320800
v 61.113857 163.169586 1.295400
v 71.273857 153.009598 1.295400
v 106.529060 198.424805 1.270000
v 106.529060 178.104797 1.270000
v 106.529060 178.104797 1.320800
v 106.529060 198.424805 1.320800
v 106.529060 188.264801 1.295400
v 86.209061 198.424805 1.270000
v 86.209061 198.424805 1.320800
v 96.369057 198.424805 1.295400
v 86.209061 178.104797 1.270000
v 86.209061 178.104797 1.320800
v 86.209061 188.264801 1.295400
v 96.369057 178.104797 1.295400
v 131.624252 47.853600 1.270000
v 131.624252 27.533600 1.270000
v 131.624252 27.533600 1.320800
v 131.624252 47.853600 1.320800
v 131.624252 37.693600 1.295400
v 111.304253 47.853600 1.270000
v 111.304253 47.853600 1.320800
v 121.464249 47.853600 1.295400
v 111.304253 27.533600 1.270000
v 111.304253 27.533600 1.320800
v 111.304253 37.693600 1.295400
v 121.464249 27.533600 1.295400
v 106.529060 173.329590 1.270000
v 106.529060 153.009598 1.270000
v 106.529060 153.009598 1.320800
v 106.529060 173.329590 1.320800
v 106.529060 163.169586 1.295400
v 86.209061 173.329590 1.270000
v 86.209061 173.329590 1.320800
v 96.369057 173.329590 1.295400
v 86.209061 153.009598 1.270000
v 86.209061 153.009598 1.320800
v 86.209061 163.169586 1.295400
v 96.369057 153.009598 1.295400
v 81.433853 148.234406 1.270000
v 81.433853 127.914398 1.270000
v 81.433853 127.914398 1.320800
v 81.433853 148.234406 1.320800
v 81.433853 138.074402 1.295400
v 61.113857 148.234406 1.270000
v 61.113857 148.234406 1.320800
v 71.273857 148.234406 1.295400
v 61.113857 127.914398 1.270000
v 61.113857 127.914398 1.320800
v 61.113857 138.074402 1.295400
v 71.273857 127.914398 1.295400
v 131.624252 72.948799 1.270000
v 131.624252 52.628796 1.270000
v 131.624252 52.628796 1.320800
v 131.624252 72.948799 1.320800
v 131.624252 62.788795 1.295400
v 111.304253 72.948799 1.270000
v 111.304253 72.948799 1.320800
v 121.464249 72.948799 1.295400
v 111.304253 52.628796 1.270000
v 111.304253 52.628796 1.320800
v 111.304253 62.788795 1.295400
v 121.464249 52.628796 1.295400
v 206.909851 173.329590 1.270000
v 206.909851 153.009598 1.270000
v 206.909851 153.009598 1.320800
v 206.909851 173.329590 1.320800
v 206.909851 163.169586 1.295400
v 186.589844 173.329590 1.270000
v 186.589844 173.329590 1.320800
v 196.749847 173.329590 1.295400
v 186.589844 153.009598 1.270000
v 186.589844 153.009598 1.320800
v 186.589844 163.169586 1.295400
v 196.749847 153.009598 1.295400
v 181.814651 123.139198 1.270000
v 181.814651 102.819199 1.270000
v 181.814651 102.819199 1.320800
v 181.814651 123.139198 1.320800
v 181.814651 112.979195 1.295400
v 161.494659 123.139198 1.270000
v 161.494659 123.139198 1.320800
v 171.654663 123.139198 1.295400
v 161.494659 102.819199 1.270000
v 161.494659 102.819199 1.320800
v 161.494659 112.979195 1.295400
v 171.654663 102.819199 1.295400
v 81.433853 98.043991 1.270000
v 81.433853 77.723999 1.270000
v 81.433853 77.723999 1.320800
v 81.433853 98.043991 1.320800
v 81.433853 87.883995 1.295400
v 61.113857 98.043991 1.270000
v 61.113857 98.043991 1.320800
v 71.273857 98.043991 1.295400
v 61.113857 77.723999 1.270000
v 61.113857 77.723999 1.320800
v 61.113857 87.883995 1.295400
v 71.273857 77.723999 1.295400
v 206.909851 198.424805 1.270000
v 206.909851 178.104797 1.270000
v 206.909851 178.104797 1.320800
v 206.909851 198.424805 1.320800
v 206.909851 188.264801 1.295400
v 186.589844 198.424805 1.270000
v 186.589844 198.424805 1.320800
v 196.749847 198.424805 1.295400
v 186.589844 178.104797 1.270000
v 186.589844 178.104797 1.320800
v 186.589844 188.264801 1.295400
v 196.749847 178.104797 1.295400
v 156.719452 72.948799 1.270000
v 156.719452 52.628796 1.270000
v 156.719452 52.628796 1.320800
v 156.719452 72.948799 1.320800
v 156.719452 62.788795 1.295400
v 136.399460 72.948799 1.270000
v 136.399460 72.948799 1.320800
v 146.559448 72.948799 1.295400
v 136.399460 52.628796 1.270000
v 136.399460 52.628796 1.320800
v 136.399460 62.788795 1.295400
v 146.559448 52.628796 1.295400
v 156.719452 123.139198 1.270000
v 156.719452 102.819199 1.270000
v 156.719452 102.819199 1.320800
v 156.719452 123.139198 1.320800
v 156.719452 112.979195 1.295400
v 136.399460 123.139198 1.270000
v 136.399460 123.139198 1.320800
v 146.559448 123.139198 1.295400
v 136.399460 102.819199 1.270000
v 136.399460 102.819199 1.320800
v 136.399460 112.979195 1.295400
v 146.559448 102.819199 1.295400
v 56.338654 72.948799 1.270000
v 56.338654 52.628796 1.270000
v 56.338654 52.628796 1.320800
v 56.338654 72.948799 1.320800
v 56.338654 62.788795 1.295400
v 36.018654 72.948799 1.270000
v 36.018654 72.948799 1.320800
v 46.178654 72.948799 1.295400
v 36.018654 52.628796 1.270000
v 36.018654 52.628796 1.320800
v 36.018654 62.788795 1.295400
v 46.178654 52.628796 1.295400
v 81.433853 47.853600 1.270000
v 81.433853 27.533600 1.270000
v 81.433853 27.533600 1.320800
v 81.433853 47.853600 1.320800
v 81.433853 37.693600 1.295400
v 61.113857 47.853600 1.270000
v 61.113857 47.853600 1.320800
v 71.273857 47.853600 1.295400
v 61.113857 27.533600 1.270000
v 61.113857 27.533600 1.320800
v 61.113857 37.693600 1.295400
v 71.273857 27.533600 1.295400
v 156.719452 148.234406 1.270000
v 156.719452 127.914398 1.270000
v 156.719452 127.914398 1.320800
v 156.719452 148.234406 1.320800
v 156.719452 138.074402 1.295400
v 136.399460 148.234406 1.270000
v 136.399460 148.234406 1.320800
v 146.559448 148.234406 1.295400
v 136.399460 127.914398 1.270000
v 136.399460 127.914398 1.320800
v 136.399460 138.074402 1.295400
v 146.559448 127.914398 1.295400
v 156.719452 198.424805 1.270000
v 156.719452 178.104797 1.270000
v 156.719452 178.104797 1.320800
v 156.719452 198.424805 1.320800
v 156.719452 188.264801 1.295400
v 136.399460 198.424805 1.270000
v 136.399460 198.424805 1.320800
v 146.559448 198.424805 1.295400
v 136.399460 178.104797 1.270000
v 136.399460 178.104797 1.320800
v 136.399460 188.264801 1.295400
v 146.559448 178.104797 1.295400
v 156.719452 47.853600 1.270000
v 156.719452 27.533600 1.270000
v 156.719452 27.533600 1.320800
v 156.719452 47.853600 1.320800
v 156.719452 37.693600 1.295400
v 136.399460 47.853600 1.270000
v 136.399460 47.853600 1.320800
v 146.559448 47.853600 1.295400
v 136.399460 27.533600 1.270000
v 136.399460 27.533600 1.320800
v 136.399460 37.693600 1.295400
v 146.559448 27.533600 1.295400
v 156.719452 98.043991 1.270000
v 156.719452 77.723999 1.270000
v 156.719452 77.723999 1.320800
v 156.719452 98.043991 1.320800
v 156.719452 87.883995 1.295400
v 136.399460 98.043991 1.270000
v 136.399460 98.043991 1.320800
v 146.559448 98.043991 1.295400
v 136.399460 77.723999 1.270000
v 136.399460 77.723999 1.320800
v 136.399460 87.883995 1.295400
v 146.559448 77.723999 1.295400
v 106.529060 123.139198 1.270000
v 106.529060 102.819199 1.270000
v 106.529060 102.819199 1.320800
v 106.529060 123.139198 1.320800
v 106.529060 112.979195 1.295400
v 86.209061 123.139198 1.270000
v 86.209061 123.139198 1.320800
v 96.369057 123.139198 1.295400
v 86.209061 102.819199 1.270000
v 86.209061 102.819199 1.320800
v 86.209061 112.979195 1.295400
v 96.369057 102.819199 1.295400
v 56.338654 148.234406 1.270000
v 56.338654 127.914398 1.270000
v 56.338654 127.914398 1.320800
v 56.338654 148.234406 1.320800
v 56.338654 138.074402 1.295400
v 36.018654 148.234406 1.270000
v 36.018654 148.234406 1.320800
v 46.178654 148.234406 1.295400
v 36.018654 127.914398 1.270000
v 36.018654 127.914398 1.320800
v 36.018654 138.074402 1.295400
v 46.178654 127.914398 1.295400
v 211.685059 22.758400 1.270000
v 211.685059 233.679993 1.270000
v 211.685059 233.679993 1.320800
v 211.685059 22.758400 1.320800
v 211.685059 128.219193 1.295400
v 31.243454 22.758400 1.270000
v 31.243454 22.758400 1.320800
v 121.464249 22.758400 1.295400
v 31.243454 203.199997 1.270000
v 31.243454 203.199997 1.320800
v 31.243454 112.979195 1.295400
v 206.909851 203.199997 1.270000
v 206.909851 203.199997 1.320800
v 119.076653 203.199997 1.295400
v 206.909851 228.904800 1.270000
v 206.909851 228.904800 1.320800
v 206.909851 216.052383 1.295400
v 143.944351 228.904800 1.270000
v 143.944351 228.904800 1.320800
v 175.427094 228.904800 1.295400
v 143.944351 233.679993 1.270000
v 143.944351 233.679993 1.320800
v 143.944351 231.292389 1.295400
v 177.814713 233.679993 1.295400
usemtl Steel_-_Satin
f 18 15 19
f 19 15 16
f 19 16 17
f 17 18 19
f 21 20 22
f 22 20 15
f 22 15 18
f 18 21 22
f 24 23 25
f 25 23 20
f 25 20 21
f 21 24 25
f 17 16 26
f 26 16 23
f 26 23 24
f 24 17 26
f 30 27 31
f 31 27 28
f 31 28 29
f 29 30 31
f 33 32 34
f 34 32 27
f 34 27 30
f 30 33 34
f 36 35 37
f 37 35 32
f 37 32 33
f 33 36 37
f 29 28 38
f 38 28 35
f 38 35 36
f 36 29 38
f 42 39 43
f 43 39 40
f 43 40 41
f 41 42 43
f 45 44 46
f 46 44 39
f 46 39 42
f 42 45 46
f 48 47 49
f 49 47 44
f 49 44 45
f 45 48 49
f 41 40 50
f 50 40 47
f 50 47 48
f 48 41 50
f 54 51 55
f 55 51 52
f 55 52 53
f 53 54 55
f 57 56 58
f 58 56 51
f 58 51 54
f 54 57 58
f 60 59 61
f 61 59 56
f 61 56 57
f 57 60 61
f 53 52 62
f 62 52 59
f 62 59 60
f 60 53 62
f 66 63 67
f 67 63 64
f 67 64 65
f 65 66 67
f 69 68 70
f 70 68 63
f 70 63 66
f 66 69 70
f 72 71 73
f 73 71 68
f 73 68 69
f 69 72 73
f 65 64 74
f 74 64 71
f 74 71 72
f 72 65 74
f 78 75 79
f 79 75 76
f 79 76 77
f 77 78 79
f 81 80 82
f 82 80 75
f 82 75 78
f 78 81 82
f 84 83 85
f 85 83 80
f 85 80 81
f 81 84 85
f 77 76 86
f 86 76 83
f 86 83 84
f 84 77 86
f 90 87 91
f 91 87 88
f 91 88 89
f 89 90 91
f 93 92 94
f 94 92 87
f 94 87 90
f 90 93 94
f 96 95 97
f 97 95 92
f 97 92 93
f 93 96 97
f 89 88 98
f 98 88 95
f 98 95 96
f 96 89 98
f 102 99 103
f 103 99 100
f 103 100 101
f 101 102 103
f 105 104 106
f 106 104 99
f 106 99 102
f 102 105 106
f 108 107 109
f 109 107 104
f 109 104 105
f 105 108 109
f 101 100 110
f 110 100 107
f 110 107 108
f 108 101 110
f 114 111 115
f 115 111 112
f 115 112 113
f 113 114 115
f 117 116 118
f 118 116 111
f 118 111 114
f 114 117 118
f 120 119 121
f 121 119 116
f 121 116 117
f 117 120 121
f 113 112 122
f 122 112 119
f 122 119 120
f 120 113 122
f 126 123 127
f 127 123 124
f 127 124 125
f 125 126 127
f 129 128 130
f 130 128 123
f 130 123 126
f 126 129 130
f 132 131 133
f 133 131 128
f 133 128 129
f 129 132 133
f 125 124 134
f 134 124 131
f 134 131 132
f 132 125 134
f 138 135 139
f 139 135 136
f 139 136 137
f 137 138 139
f 141 140 142
f 142 140 135
f 142 135 138
f 138 141 142
f 144 143 145
f 145 143 140
f 145 140 141
f 141 144 145
f 137 136 146
f 146 136 143
f 146 143 144
f 144 137 146
f 150 147 151
f 151 147 148
f 151 148 149
f 149 150 151
f 153 152 154
f 154 152 147
f 154 147 150
f 150 153 154
f 156 155 157
f 157 155 152
f 157 152 153
f 153 156 157
f 149 148 158
f 158 148 155
f 158 155 156
f 156 149 158
f 162 159 163
f 163 159 160
f 163 160 161
f 161 162 163
f 165 164 166
f 166 164 159
f 166 159 162
f 162 165 166
f 168 167 169
f 169 167 164
f 169 164 165
f 165 168 169
f 161 160 170
f 170 160 167
f 170 167 168
f 168 161 170
f 174 171 175
f 175 171 172
f 175 172 173
f 173 174 175
f 177 176 178
f 178 176 171
f 178 171 174
f 174 177 178
f 180 179 181
f 181 179 176
f 181 176 177
f 177 180 181
f 173 172 182
f 182 172 179
f 182 179 180
f 180 173 182
f 186 183 187
f 187 183 184
f 187 184 185
f 185 186 187
f 189 188 190
f 190 188 183
f 190 183 186
f 186 189 190
f 192 191 193
f 193 191 188
f 193 188 189
f 189 192 193
f 185 184 194
f 194 184 191
f 194 191 192
f 192 185 194
f 198 195 199
f 199 195 196
f 199 196 197
f 197 198 199
f 201 200 202
f 202 200 195
f 202 195 198
f 198 201 202
f 204 203 205
f 205 203 200
f 205 200 201
f 201 204 205
f 197 196 206
f 206 196 203
f 206 203 204
f 204 197 206
f 210 207 211
f 211 207 208
f 211 208 209
f 209 210 211
f 213 212 214
f 214 212 207
f 214 207 210
f 210 213 214
f 216 215 217
f 217 215 212
f 217 212 213
f 213 216 217
f 209 208 218
f 218 208 215
f 218 215 216
f 216 209 218
f 222 219 223
f 223 219 220
f 223 220 221
f 221 222 223
f 225 224 226
f 226 224 219
f 226 219 222
f 222 225 226
f 228 227 229
f 229 227 224
f 229 224 225
f 225 228 229
f 221 220 230
f 230 220 227
f 230 227 228
f 228 221 230
f 234 231 235
f 235 231 232
f 235 232 233
f 233 234 235
f 237 236 238
f 238 236 231
f 238 231 234
f 234 237 238
f 240 239 241
f 241 239 236
f 241 236 237
f 237 240 241
f 233 232 242
f 242 232 239
f 242 239 240
f 240 233 242
f 246 243 247
f 247 243 244
f 247 244 245
f 245 246 247
f 249 248 250
f 250 248 243
f 250 243 246
f 246 249 250
f 252 251 253
f 253 251 248
f 253 248 249
f 249 252 253
f 245 244 254
f 254 244 251
f 254 251 252
f 252 245 254
f 258 255 259
f 259 255 256
f 259 256 257
f 257 258 259
f 261 260 262
f 262 260 255
f 262 255 258
f 258 261 262
f 264 263 265
f 265 263 260
f 265 260 261
f 261 264 265
f 257 256 266
f 266 256 263
f 266 263 264
f 264 257 266
f 270 267 271
f 271 267 268
f 271 268 269
f 269 270 271
f 273 272 274
f 274 272 267
f 274 267 270
f 270 273 274
f 276 275 277
f 277 275 272
f 277 272 273
f 273 276 277
f 269 268 278
f 278 268 275
f 278 275 276
f 276 269 278
f 282 279 283
f 283 279 280
f 283 280 281
f 281 282 283
f 285 284 286
f 286 284 279
f 286 279 282
f 282 285 286
f 288 287 289
f 289 287 284
f 289 284 285
f 285 288 289
f 281 280 290
f 290 280 287
f 290 287 288
f 288 281 290
f 294 291 295
f 295 291 292
f 295 292 293
f 293 294 295
f 297 296 298
f 298 296 291
f 298 291 294
f 294 297 298
f 300 299 301
f 301 299 296
f 301 296 297
f 297 300 301
f 293 292 302
f 302 292 299
f 302 299 300
f 300 293 302
f 306 303 307
f 307 303 304
f 307 304 305
f 305 306 307
f 309 308 310
f 310 308 303
f 310 303 306
f 306 309 310
f 312 311 313
f 313 311 308
f 313 308 309
f 309 312 313
f 305 304 314
f 314 304 311
f 314 311 312
f 312 305 314
f 318 315 319
f 319 315 316
f 319 316 317
f 317 318 319
f 321 320 322
f 322 320 315
f 322 315 318
f 318 321 322
f 324 323 325
f 325 323 320
f 325 320 321
f 321 324 325
f 317 316 326
f 326 316 323
f 326 323 324
f 324 317 326
f 330 327 331
f 331 327 328
f 331 328 329
f 329 330 331
f 333 332 334
f 334 332 327
f 334 327 330
f 330 333 334
f 336 335 337
f 337 335 332
f 337 332 333
f 333 336 337
f 329 328 338
f 338 328 335
f 338 335 336
f 336 329 338
f 342 339 343
f 343 339 340
f 343 340 341
f 341 342 343
f 345 344 346
f 346 344 339
f 346 339 342
f 342 345 346
f 348 347 349
f 349 347 344
f 349 344 345
f 345 348 349
f 341 340 350
f 350 340 347
f 350 347 348
f 348 341 350
f 354 351 355
f 355 351 352
f 355 352 353
f 353 354 355
f 357 356 358
f 358 356 351
f 358 351 354
f 354 357 358
f 360 359 361
f 361 359 356
f 361 356 357
f 357 360 361
f 353 352 362
f 362 352 359
f 362 359 360
f 360 353 362
f 366 363 367
f 367 363 364
f 367 364 365
f 365 366 367
f 369 368 370
f 370 368 363
f 370 363 366
f 366 369 370
f 372 371 373
f 373 371 368
f 373 368 369
f 369 372 373
f 365 364 374
f 374 364 371
f 374 371 372
f 372 365 374
f 378 375 379
f 379 375 376
f 379 376 377
f 377 378 379
f 381 380 382
f 382 380 375
f 382 375 378
f 378 381 382
f 384 383 385
f 385 383 380
f 385 380 381
f 381 384 385
f 377 376 386
f 386 376 383
f 386 383 384
f 384 377 386
f 390 387 391
f 391 387 388
f 391 388 389
f 389 390 391
f 393 392 394
f 394 392 387
f 394 387 390
f 390 393 394
f 396 395 397
f 397 395 392
f 397 392 393
f 393 396 397
f 389 388 398
f 398 388 395
f 398 395 396
f 396 389 398
f 402 399 403
f 403 399 400
f 403 400 401
f 401 402 403
f 405 404 406
f 406 404 399
f 406 399 402
f 402 405 406
f 408 407 409
f 409 407 404
f 409 404 405
f 405 408 409
f 401 400 410
f 410 400 407
f 410 407 408
f 408 401 410
f 414 411 415
f 415 411 412
f 415 412 413
f 413 414 415
f 417 416 418
f 418 416 411
f 418 411 414
f 414 417 418
f 420 419 421
f 421 419 416
f 421 416 417
f 417 420 421
f 413 412 422
f 422 412 419
f 422 419 420
f 420 413 422
f 426 423 427
f 427 423 424
f 427 424 425
f 425 426 427
f 429 428 430
f 430 428 423
f 430 423 426
f 426 429 430
f 432 431 433
f 433 431 428
f 433 428 429
f 429 432 433
f 425 424 434
f 434 424 431
f 434 431 432
f 432 425 434
f 438 435 439
f 439 435 436
f 439 436 437
f 437 438 439
f 441 440 442
f 442 440 435
f 442 435 438
f 438 441 442
f 444 443 445
f 445 443 440
f 445 440 441
f 441 444 445
f 437 436 446
f 446 436 443
f 446 443 444
f 444 437 446
f 450 447 451
f 451 447 448
f 451 448 449
f 449 450 451
f 453 452 454
f 454 452 447
f 454 447 450
f 450 453 454
f 456 455 457
f 457 455 452
f 457 452 453
f 453 456 457
f 449 448 458
f 458 448 455
f 458 455 456
f 456 449 458
f 462 459 463
f 463 459 460
f 463 460 461
f 461 462 463
f 465 464 466
f 466 464 459
f 466 459 462
f 462 465 466
f 468 467 469
f 469 467 464
f 469 464 465
f 465 468 469
f 461 460 470
f 470 460 467
f 470 467 468
f 468 461 470
f 474 471 475
f 475 471 472
f 475 472 473
f 473 474 475
f 477 476 478
f 478 476 471
f 478 471 474
f 474 477 478
f 480 479 481
f 481 479 476
f 481 476 477
f 477 480 481
f 473 472 482
f 482 472 479
f 482 479 480
f 480 473 482
f 486 483 487
f 487 483 484
f 487 484 485
f 485 486 487
f 489 488 490
f 490 488 483
f 490 483 486
f 486 489 490
f 492 491 493
f 493 491 488
f 493 488 489
f 489 492 493
f 485 484 494
f 494 484 491
f 494 491 492
f 492 485 494
f 498 495 499
f 499 495 496
f 499 496 497
f 497 498 499
f 501 500 502
f 502 500 495
f 502 495 498
f 498 501 502
f 504 503 505
f 505 503 500
f 505 500 501
f 501 504 505
f 497 496 506
f 506 496 503
f 506 503 504
f 504 497 506
f 510 507 511
f 511 507 508
f 511 508 509
f 509 510 511
f 513 512 514
f 514 512 507
f 514 507 510
f 510 513 514
f 516 515 517
f 517 515 512
f 517 512 513
f 513 516 517
f 509 508 518
f 518 508 515
f 518 515 516
f 516 509 518
f 522 519 523
f 523 519 520
f 523 520 521
f 521 522 523
f 525 524 526
f 526 524 519
f 526 519 522
f 522 525 526
f 528 527 529
f 529 527 524
f 529 524 525
f 525 528 529
f 521 520 530
f 530 520 527
f 530 527 528
f 528 521 530
f 534 531 535
f 535 531 532
f 535 532 533
f 533 534 535
f 537 536 538
f 538 536 531
f 538 531 534
f 534 537 538
f 540 539 541
f 541 539 536
f 541 536 537
f 537 540 541
f 533 532 542
f 542 532 539
f 542 539 540
f 540 533 542
f 546 543 547
f 547 543 544
f 547 544 545
f 545 546 547
f 549 548 550
f 550 548 543
f 550 543 546
f 546 549 550
f 552 551 553
f 553 551 548
f 553 548 549
f 549 552 553
f 545 544 554
f 554 544 551
f 554 551 552
f 552 545 554
f 558 555 559
f 559 555 556
f 559 556 557
f 557 558 559
f 561 560 562
f 562 560 555
f 562 555 558
f 558 561 562
f 564 563 565
f 565 563 560
f 565 560 561
f 561 564 565
f 557 556 566
f 566 556 563
f 566 563 564
f 564 557 566
f 570 567 571
f 571 567 568
f 571 568 569
f 569 570 571
f 573 572 574
f 574 572 567
f 574 567 570
f 570 573 574
f 576 575 577
f 577 575 572
f 577 572 573
f 573 576 577
f 569 568 578
f 578 568 575
f 578 575 576
f 576 569 578
f 582 579 583
f 583 579 580
f 583 580 581
f 581 582 583
f 585 584 586
f 586 584 579
f 586 579 582
f 582 585 586
f 588 587 589
f 589 587 584
f 589 584 585
f 585 588 589
f 581 580 590
f 590 580 587
f 590 587 588
f 588 581 590
f 594 591 595
f 595 591 592
f 595 592 593
f 593 594 595
f 597 596 598
f 598 596 591
f 598 591 594
f 594 597 598
f 600 599 601
f 601 599 596
f 601 596 597
f 597 600 601
f 593 592 602
f 602 592 599
f 602 599 600
f 600 593 602
f 606 603 607
f 607 603 604
f 607 604 605
f 605 606 607
f 609 608 610
f 610 608 603
f 610 603 606
f 606 609 610
f 612 611 613
f 613 611 608
f 613 608 609
f 609 612 613
f 615 614 616
f 616 614 611
f 616 611 612
f 612 615 616
f 618 617 619
f 619 617 614
f 619 614 615
f 615 618 619
f 621 620 622
f 622 620 617
f 622 617 618
f 618 621 622
f 624 623 625
f 625 623 620
f 625 620 621
f 621 624 625
f 605 604 626
f 626 604 623
f 626 623 624
f 624 605 626
f 600 258 593
f 593 258 117
f 593 117 420
f 420 117 114
f 420 114 413
f 413 114 585
f 413 585 180
f 180 585 582
f 180 582 173
f 173 582 165
f 173 165 144
f 144 165 162
f 144 162 137
f 137 162 501
f 137 501 540
f 540 501 498
f 540 498 533
f 533 498 453
f 533 453 324
f 324 453 450
f 324 450 317
f 317 450 249
f 317 249 204
f 204 249 246
f 204 246 197
f 197 246 606
f 197 606 605
f 597 612 600
f 600 612 261
f 600 261 258
f 612 597 108
f 108 597 594
f 108 594 101
f 101 594 417
f 101 417 372
f 372 417 414
f 372 414 365
f 365 414 177
f 365 177 408
f 408 177 174
f 408 174 401
f 401 174 141
f 401 141 240
f 240 141 138
f 240 138 233
f 233 138 537
f 233 537 216
f 216 537 534
f 216 534 209
f 209 534 321
f 209 321 288
f 288 321 318
f 288 318 281
f 281 318 201
f 281 201 444
f 444 201 198
f 444 198 437
f 437 198 605
f 437 605 438
f 438 605 473
f 438 473 480
f 417 594 420
f 420 594 593
f 588 306 581
f 581 306 33
f 581 33 168
f 168 33 30
f 168 30 161
f 161 30 573
f 161 573 504
f 504 573 570
f 504 570 497
f 497 570 57
f 497 57 456
f 456 57 54
f 456 54 449
f 449 54 81
f 449 81 252
f 252 81 78
f 252 78 245
f 245 78 606
f 245 606 246
f 585 114 588
f 588 114 113
f 588 113 309
f 309 113 462
f 309 462 312
f 312 462 461
f 312 461 93
f 93 461 186
f 93 186 96
f 96 186 185
f 96 185 273
f 273 185 522
f 273 522 276
f 276 522 521
f 276 521 609
f 609 521 528
f 609 528 65
f 65 528 66
f 66 528 525
f 66 525 509
f 509 525 192
f 509 192 510
f 510 192 189
f 510 189 41
f 41 189 468
f 41 468 42
f 42 468 465
f 42 465 257
f 257 465 120
f 257 120 258
f 258 120 117
f 165 582 168
f 168 582 581
f 576 486 569
f 569 486 345
f 569 345 60
f 60 345 342
f 60 342 53
f 53 342 225
f 53 225 84
f 84 225 222
f 84 222 77
f 77 222 606
f 77 606 78
f 573 30 576
f 576 30 29
f 576 29 489
f 489 29 426
f 489 426 492
f 492 426 425
f 492 425 561
f 561 425 390
f 561 390 564
f 564 390 389
f 564 389 606
f 606 389 396
f 606 396 609
f 609 396 269
f 609 269 276
f 57 570 60
f 60 570 569
f 564 606 557
f 557 606 360
f 557 360 558
f 558 360 357
f 558 357 485
f 485 357 348
f 485 348 486
f 486 348 345
f 561 558 492
f 492 558 485
f 552 210 545
f 545 210 285
f 545 285 24
f 24 285 282
f 24 282 17
f 17 282 441
f 17 441 480
f 480 441 438
f 549 150 552
f 552 150 149
f 552 149 213
f 213 149 234
f 213 234 216
f 216 234 233
f 150 549 615
f 615 549 546
f 615 546 21
f 21 546 24
f 24 546 545
f 137 540 138
f 138 540 537
f 321 534 324
f 324 534 533
f 525 522 192
f 192 522 185
f 509 516 66
f 66 516 69
f 69 516 609
f 69 609 72
f 72 609 65
f 516 513 609
f 609 513 48
f 609 48 45
f 513 510 48
f 48 510 41
f 161 504 162
f 162 504 501
f 453 498 456
f 456 498 497
f 489 486 576
f 17 480 18
f 18 480 477
f 18 477 615
f 615 477 474
f 615 474 605
f 605 474 473
f 461 468 186
f 186 468 189
f 465 462 120
f 120 462 113
f 249 450 252
f 252 450 449
f 281 444 282
f 282 444 441
f 425 432 390
f 390 432 393
f 393 432 89
f 393 89 270
f 270 89 96
f 270 96 273
f 89 432 90
f 90 432 429
f 90 429 305
f 305 429 36
f 305 36 306
f 306 36 33
f 429 426 36
f 36 426 29
f 177 414 180
f 180 414 413
f 365 408 366
f 366 408 405
f 366 405 329
f 329 405 384
f 329 384 330
f 330 384 381
f 330 381 612
f 612 381 378
f 612 378 153
f 153 378 156
f 156 378 377
f 156 377 237
f 237 377 402
f 237 402 240
f 240 402 401
f 405 402 384
f 384 402 377
f 269 396 270
f 270 396 393
f 101 372 102
f 102 372 369
f 102 369 293
f 293 369 336
f 293 336 294
f 294 336 333
f 294 333 612
f 612 333 330
f 369 366 336
f 336 366 329
f 360 606 353
f 353 606 126
f 353 126 354
f 354 126 125
f 354 125 341
f 341 125 228
f 341 228 342
f 342 228 225
f 357 354 348
f 348 354 341
f 201 318 204
f 204 318 317
f 305 312 90
f 90 312 93
f 309 306 588
f 293 300 102
f 102 300 105
f 105 300 612
f 105 612 108
f 300 297 612
f 612 297 294
f 209 288 210
f 210 288 285
f 615 605 618
f 618 605 624
f 618 624 621
f 150 615 153
f 153 615 612
f 612 609 261
f 261 609 264
f 264 609 45
f 264 45 42
f 257 264 42
f 237 234 156
f 156 234 149
f 228 132 221
f 221 132 606
f 221 606 222
f 213 210 552
f 198 197 605
f 141 174 144
f 144 174 173
f 125 132 228
f 132 129 606
f 606 129 126
f 53 84 54
f 54 84 81
f 21 18 615
f 592 260 599
f 599 260 611
f 599 611 596
f 596 611 107
f 596 107 100
f 591 416 592
f 592 416 419
f 592 419 255
f 255 419 116
f 255 116 256
f 256 116 119
f 256 119 39
f 39 119 464
f 39 464 40
f 40 464 467
f 40 467 507
f 507 467 188
f 507 188 508
f 508 188 191
f 508 191 63
f 63 191 524
f 63 524 64
f 64 524 527
f 64 527 608
f 608 527 520
f 608 520 275
f 275 520 272
f 272 520 519
f 272 519 95
f 95 519 184
f 95 184 92
f 92 184 183
f 92 183 311
f 311 183 460
f 311 460 308
f 308 460 459
f 308 459 587
f 587 459 112
f 587 112 584
f 584 112 111
f 584 111 179
f 179 111 412
f 179 412 176
f 176 412 411
f 176 411 407
f 407 411 364
f 407 364 404
f 404 364 363
f 404 363 383
f 383 363 328
f 383 328 380
f 380 328 327
f 380 327 611
f 611 327 332
f 611 332 291
f 291 332 292
f 292 332 335
f 292 335 99
f 99 335 368
f 99 368 100
f 100 368 371
f 100 371 591
f 591 371 416
f 591 596 100
f 587 580 308
f 308 580 303
f 303 580 167
f 303 167 32
f 32 167 160
f 32 160 27
f 27 160 503
f 27 503 572
f 572 503 496
f 572 496 567
f 567 496 455
f 567 455 56
f 56 455 448
f 56 448 51
f 51 448 251
f 51 251 80
f 80 251 244
f 80 244 75
f 75 244 603
f 75 603 76
f 76 603 219
f 76 219 224
f 167 580 164
f 164 580 579
f 164 579 143
f 143 579 172
f 143 172 140
f 140 172 171
f 140 171 239
f 239 171 400
f 239 400 236
f 236 400 399
f 236 399 155
f 155 399 376
f 155 376 152
f 152 376 375
f 152 375 611
f 611 375 380
f 579 584 172
f 172 584 179
f 568 488 575
f 575 488 423
f 575 423 28
f 28 423 428
f 28 428 35
f 35 428 87
f 35 87 304
f 304 87 92
f 304 92 311
f 567 56 568
f 568 56 59
f 568 59 483
f 483 59 344
f 483 344 484
f 484 344 347
f 484 347 555
f 555 347 356
f 555 356 556
f 556 356 359
f 556 359 603
f 603 359 352
f 603 352 123
f 123 352 124
f 124 352 351
f 124 351 227
f 227 351 340
f 227 340 224
f 224 340 339
f 224 339 83
f 83 339 52
f 83 52 80
f 80 52 51
f 27 572 28
f 28 572 575
f 556 603 563
f 563 603 388
f 563 388 560
f 560 388 387
f 560 387 491
f 491 387 424
f 491 424 488
f 488 424 423
f 555 560 484
f 484 560 491
f 544 212 551
f 551 212 231
f 551 231 148
f 148 231 236
f 148 236 155
f 543 20 544
f 544 20 23
f 544 23 207
f 207 23 284
f 207 284 208
f 208 284 287
f 208 287 531
f 531 287 320
f 531 320 532
f 532 320 323
f 532 323 495
f 495 323 452
f 495 452 496
f 496 452 455
f 20 543 614
f 614 543 548
f 614 548 147
f 147 548 148
f 148 548 551
f 532 500 539
f 539 500 159
f 539 159 136
f 136 159 164
f 136 164 143
f 531 536 208
f 208 536 215
f 215 536 135
f 215 135 232
f 232 135 140
f 232 140 239
f 135 536 136
f 136 536 539
f 519 524 184
f 184 524 191
f 508 68 515
f 515 68 608
f 515 608 512
f 512 608 47
f 512 47 40
f 507 512 40
f 495 500 532
f 159 500 160
f 160 500 503
f 483 488 568
f 472 440 479
f 479 440 279
f 479 279 16
f 16 279 284
f 16 284 23
f 471 604 472
f 472 604 435
f 472 435 440
f 604 471 614
f 614 471 476
f 614 476 15
f 15 476 16
f 16 476 479
f 467 460 188
f 188 460 183
f 459 464 112
f 112 464 119
f 251 448 248
f 248 448 447
f 248 447 203
f 203 447 316
f 203 316 200
f 200 316 315
f 200 315 443
f 443 315 280
f 443 280 440
f 440 280 279
f 447 452 316
f 316 452 323
f 443 436 200
f 200 436 195
f 195 436 604
f 195 604 196
f 196 604 603
f 196 603 243
f 243 603 244
f 436 435 604
f 424 392 431
f 431 392 267
f 431 267 88
f 88 267 272
f 88 272 95
f 87 428 88
f 88 428 431
f 419 412 116
f 116 412 111
f 411 416 364
f 364 416 371
f 407 400 176
f 176 400 171
f 399 404 376
f 376 404 383
f 388 608 395
f 395 608 268
f 395 268 392
f 392 268 267
f 387 392 424
f 363 368 328
f 328 368 335
f 351 356 340
f 340 356 347
f 339 344 52
f 52 344 59
f 315 320 280
f 280 320 287
f 35 304 32
f 32 304 303
f 292 104 299
f 299 104 611
f 299 611 296
f 296 611 291
f 275 268 608
f 620 623 617
f 617 623 604
f 617 604 614
f 603 608 388
f 611 263 608
f 608 263 44
f 608 44 47
f 611 614 152
f 152 614 147
f 263 256 44
f 44 256 39
f 255 260 592
f 260 263 611
f 243 248 196
f 196 248 203
f 215 232 212
f 212 232 231
f 227 220 124
f 124 220 131
f 131 220 603
f 131 603 128
f 128 603 123
f 220 219 603
f 207 212 544
f 99 104 292
f 104 107 611
f 83 76 224
f 68 71 608
f 608 71 64
f 63 68 508
f 15 20 614
g MeshBody3

v 167.857346 231.444809 1.320800
v 167.857346 231.444809 1.371600
v 167.861206 231.530380 1.371600
v 167.873260 231.618103 1.371600
v 167.894135 231.706879 1.371600
v 167.924225 231.795395 1.371600
v 167.963760 231.882278 1.371600
v 168.012604 231.966019 1.371600
v 168.070374 232.045151 1.371600
v 168.136322 232.118301 1.371600
v 168.209503 232.184280 1.371600
v 168.288635 232.242035 1.371600
v 168.372375 232.290894 1.371600
v 168.459244 232.330429 1.371600
v 168.547775 232.360519 1.371600
v 168.636520 232.381393 1.371600
v 168.724274 232.393448 1.371600
v 168.809845 232.397308 1.371600
v 168.895447 232.393448 1.371600
v 168.983170 232.381393 1.371600
v 169.071945 232.360519 1.371600
v 169.160461 232.330429 1.371600
v 169.247314 232.290894 1.371600
v 169.331070 232.242035 1.371600
v 169.410217 232.184280 1.371600
v 169.483368 232.118301 1.371600
v 169.549332 232.045151 1.371600
v 169.607086 231.966019 1.371600
v 169.655945 231.882278 1.371600
v 169.695480 231.795395 1.371600
v 169.725586 231.706879 1.371600
v 169.746460 231.618103 1.371600
v 169.758499 231.530380 1.371600
v 169.762344 231.444809 1.371600
v 169.762344 231.444809 1.320800
v 169.758499 231.530380 1.320800
v 169.746460 231.618103 1.320800
v 169.725586 231.706879 1.320800
v 169.695480 231.795395 1.320800
v 169.655945 231.882278 1.320800
v 169.607086 231.966019 1.320800
v 169.549332 232.045151 1.320800
v 169.483368 232.118301 1.320800
v 169.410217 232.184280 1.320800
v 169.331070 232.242035 1.320800
v 169.247314 232.290894 1.320800
v 169.160461 232.330429 1.320800
v 169.071945 232.360519 1.320800
v 168.983170 232.381393 1.320800
v 168.895447 232.393448 1.320800
v 168.809845 232.397308 1.320800
v 168.724274 232.393448 1.320800
v 168.636520 232.381393 1.320800
v 168.547775 232.360519 1.320800
v 168.459244 232.330429 1.320800
v 168.372375 232.290894 1.320800
v 168.288635 232.242035 1.320800
v 168.209503 232.184280 1.320800
v 168.136322 232.118301 1.320800
v 168.070374 232.045151 1.320800
v 168.012604 231.966019 1.320800
v 167.963760 231.882278 1.320800
v 167.924225 231.795395 1.320800
v 167.894135 231.706879 1.320800
v 167.873260 231.618103 1.320800
v 167.861206 231.530380 1.320800
v 167.862411 231.542801 1.346200
v 167.878296 231.643433 1.346200
v 167.905869 231.744934 1.346200
v 167.945663 231.845337 1.346200
v 167.997726 231.942490 1.346200
v 168.061600 232.034180 1.346200
v 168.136322 232.118301 1.346200
v 168.220459 232.193054 1.346200
v 168.312149 232.256927 1.346200
v 168.409317 232.308975 1.346200
v 168.509705 232.348785 1.346200
v 168.611221 232.376358 1.346200
v 168.711838 232.392242 1.346200
v 168.809845 232.397308 1.346200
v 168.907867 232.392242 1.346200
v 169.008484 232.376358 1.346200
v 169.084641 232.356796 1.346200
v 169.160461 232.330429 1.346200
v 169.235077 232.297119 1.346200
v 169.307556 232.256927 1.346200
v 169.376953 232.210083 1.346200
v 169.442368 232.156952 1.346200
v 169.503006 232.098099 1.346200
v 169.558090 232.034180 1.346200
v 169.607086 231.966019 1.346200
v 169.649521 231.894470 1.346200
v 169.685150 231.820465 1.346200
v 169.713821 231.744934 1.346200
v 169.735641 231.668808 1.346200
v 169.750763 231.592896 1.346200
v 169.759537 231.517990 1.346200
v 167.861206 231.359207 1.320800
v 167.873260 231.271484 1.320800
v 167.894135 231.182709 1.320800
v 167.924225 231.094193 1.320800
v 167.963760 231.007309 1.320800
v 168.012604 230.923569 1.320800
v 168.070374 230.844437 1.320800
v 168.136322 230.771286 1.320800
v 168.209503 230.705307 1.320800
v 168.288635 230.647568 1.320800
v 168.372375 230.598709 1.320800
v 168.459244 230.559174 1.320800
v 168.547775 230.529068 1.320800
v 168.636520 230.508194 1.320800
v 168.724274 230.496140 1.320800
v 168.809845 230.492310 1.320800
v 168.895447 230.496140 1.320800
v 168.983170 230.508194 1.320800
v 169.071945 230.529068 1.320800
v 169.160461 230.559174 1.320800
v 169.247314 230.598709 1.320800
v 169.331070 230.647568 1.320800
v 169.410217 230.705307 1.320800
v 169.483368 230.771286 1.320800
v 169.549332 230.844437 1.320800
v 169.607086 230.923569 1.320800
v 169.655945 231.007309 1.320800
v 169.695480 231.094193 1.320800
v 169.725586 231.182709 1.320800
v 169.746460 231.271484 1.320800
v 169.758499 231.359207 1.320800
v 169.758499 231.359207 1.371600
v 169.746460 231.271484 1.371600
v 169.725586 231.182709 1.371600
v 169.695480 231.094193 1.371600
v 169.655945 231.007309 1.371600
v 169.607086 230.923569 1.371600
v 169.549332 230.844437 1.371600
v 169.483368 230.771286 1.371600
v 169.410217 230.705307 1.371600
v 169.331070 230.647568 1.371600
v 169.247314 230.598709 1.371600
v 169.160461 230.559174 1.371600
v 169.071945 230.529068 1.371600
v 168.983170 230.508194 1.371600
v 168.895447 230.496140 1.371600
v 168.809845 230.492310 1.371600
v 168.724274 230.496140 1.371600
v 168.636520 230.508194 1.371600
v 168.547775 230.529068 1.371600
v 168.459244 230.559174 1.371600
v 168.372375 230.598709 1.371600
v 168.288635 230.647568 1.371600
v 168.209503 230.705307 1.371600
v 168.136322 230.771286 1.371600
v 168.070374 230.844437 1.371600
v 168.012604 230.923569 1.371600
v 167.963760 231.007309 1.371600
v 167.924225 231.094193 1.371600
v 167.894135 231.182709 1.371600
v 167.873260 231.271484 1.371600
v 167.861206 231.359207 1.371600
v 167.868942 231.296692 1.346200
v 167.860184 231.371597 1.346200
v 167.884079 231.220810 1.346200
v 167.905869 231.144669 1.346200
v 167.934555 231.069122 1.346200
v 167.970169 230.995117 1.346200
v 168.012604 230.923569 1.346200
v 168.061600 230.855408 1.346200
v 168.116714 230.791489 1.346200
v 168.177322 230.732635 1.346200
v 168.242752 230.679520 1.346200
v 168.312149 230.632660 1.346200
v 168.384628 230.592499 1.346200
v 168.459244 230.559174 1.346200
v 168.535080 230.532791 1.346200
v 168.611221 230.513229 1.346200
v 168.711838 230.497360 1.346200
v 168.809845 230.492310 1.346200
v 168.907867 230.497360 1.346200
v 169.008484 230.513229 1.346200
v 169.109985 230.540833 1.346200
v 169.210403 230.580612 1.346200
v 169.307556 230.632660 1.346200
v 169.399246 230.696548 1.346200
v 169.483368 230.771286 1.346200
v 169.558090 230.855408 1.346200
v 169.621994 230.947098 1.346200
v 169.674042 231.044250 1.346200
v 169.713821 231.144669 1.346200
v 169.741425 231.246170 1.346200
v 169.757294 231.346786 1.346200
v 168.809845 231.444809 1.371600
v 168.809845 231.444809 1.320800
f 627 628 692
f 692 628 693
f 692 693 691
f 691 693 694
f 691 694 690
f 690 694 695
f 690 695 689
f 689 695 696
f 689 696 688
f 688 696 697
f 688 697 687
f 687 697 698
f 687 698 686
f 686 698 699
f 686 699 685
f 685 699 684
f 684 699 700
f 684 700 683
f 683 700 701
f 683 701 682
f 682 701 702
f 682 702 681
f 681 702 703
f 681 703 680
f 680 703 704
f 680 704 679
f 679 704 705
f 679 705 678
f 678 705 706
f 678 706 677
f 677 706 676
f 676 706 707
f 676 707 675
f 675 707 708
f 675 708 674
f 674 708 709
f 674 709 673
f 673 709 710
f 673 710 711
f 711 710 648
f 711 648 649
f 628 629 693
f 693 629 630
f 693 630 694
f 694 630 631
f 694 631 695
f 695 631 632
f 695 632 696
f 696 632 633
f 696 633 697
f 697 633 634
f 697 634 698
f 698 634 635
f 698 635 699
f 699 635 636
f 699 636 637
f 699 637 700
f 700 637 638
f 700 638 701
f 701 638 639
f 701 639 702
f 702 639 640
f 702 640 703
f 703 640 641
f 703 641 704
f 704 641 642
f 704 642 705
f 705 642 643
f 705 643 706
f 706 643 644
f 706 644 645
f 706 645 707
f 707 645 646
f 707 646 708
f 708 646 647
f 708 647 709
f 709 647 648
f 709 648 710
f 711 649 712
f 712 649 650
f 712 650 713
f 713 650 651
f 713 651 714
f 714 651 652
f 714 652 715
f 715 652 653
f 715 653 716
f 716 653 654
f 716 654 717
f 717 654 718
f 717 718 667
f 667 718 666
f 666 718 719
f 666 719 665
f 665 719 720
f 665 720 664
f 664 720 721
f 664 721 663
f 663 721 722
f 663 722 662
f 662 722 723
f 662 723 661
f 661 723 660
f 660 723 659
f 659 723 722
f 659 722 658
f 658 722 721
f 658 721 657
f 657 721 720
f 657 720 656
f 656 720 719
f 656 719 655
f 655 719 718
f 655 718 654
f 717 667 716
f 716 667 668
f 716 668 715
f 715 668 669
f 715 669 714
f 714 669 670
f 714 670 713
f 713 670 671
f 713 671 712
f 712 671 672
f 712 672 711
f 711 672 673
f 785 628 787
f 787 628 627
f 787 627 724
f 787 724 786
f 786 724 725
f 786 725 788
f 788 725 726
f 788 726 789
f 789 726 727
f 789 727 790
f 790 727 728
f 790 728 791
f 791 728 729
f 791 729 792
f 792 729 793
f 792 793 780
f 780 793 779
f 779 793 794
f 779 794 778
f 778 794 795
f 778 795 777
f 777 795 796
f 777 796 776
f 776 796 797
f 776 797 775
f 775 797 798
f 775 798 774
f 774 798 799
f 774 799 800
f 800 799 735
f 800 735 736
f 729 730 793
f 793 730 794
f 730 731 794
f 794 731 795
f 731 732 795
f 795 732 796
f 732 733 796
f 796 733 797
f 733 734 797
f 797 734 798
f 734 735 798
f 798 735 799
f 800 736 801
f 801 736 737
f 801 737 802
f 802 737 738
f 802 738 803
f 803 738 739
f 803 739 740
f 803 740 804
f 804 740 741
f 804 741 805
f 805 741 742
f 805 742 806
f 806 742 743
f 806 743 807
f 807 743 744
f 807 744 808
f 808 744 745
f 808 745 809
f 809 745 746
f 809 746 810
f 810 746 747
f 810 747 748
f 810 748 811
f 811 748 749
f 811 749 812
f 812 749 750
f 812 750 813
f 813 750 751
f 813 751 814
f 814 751 752
f 814 752 815
f 815 752 753
f 815 753 816
f 816 753 754
f 816 754 660
f 660 754 661
f 660 755 816
f 816 755 756
f 816 756 815
f 815 756 757
f 815 757 814
f 814 757 758
f 814 758 813
f 813 758 759
f 813 759 812
f 812 759 760
f 812 760 811
f 811 760 761
f 811 761 810
f 810 761 762
f 810 762 763
f 810 763 809
f 809 763 764
f 809 764 808
f 808 764 765
f 808 765 807
f 807 765 766
f 807 766 806
f 806 766 767
f 806 767 805
f 805 767 768
f 805 768 804
f 804 768 769
f 804 769 803
f 803 769 770
f 803 770 771
f 803 771 802
f 802 771 772
f 802 772 801
f 801 772 773
f 801 773 800
f 800 773 774
f 792 780 791
f 791 780 781
f 791 781 790
f 790 781 782
f 790 782 789
f 789 782 783
f 789 783 788
f 788 783 784
f 788 784 786
f 786 784 785
f 786 785 787
f 755 660 817
f 817 660 659
f 817 659 658
f 658 657 817
f 817 657 656
f 817 656 655
f 655 654 817
f 817 654 653
f 817 653 652
f 652 651 817
f 817 651 650
f 817 650 649
f 649 648 817
f 817 648 647
f 817 647 646
f 646 645 817
f 817 645 644
f 817 644 643
f 643 642 817
f 817 642 641
f 817 641 640
f 640 639 817
f 817 639 638
f 817 638 637
f 637 636 817
f 817 636 635
f 817 635 634
f 634 633 817
f 817 633 632
f 817 632 631
f 631 630 817
f 817 630 629
f 817 629 628
f 628 785 817
f 817 785 784
f 817 784 783
f 783 782 817
f 817 782 781
f 817 781 780
f 780 779 817
f 817 779 778
f 817 778 777
f 777 776 817
f 817 776 775
f 817 775 774
f 774 773 817
f 817 773 772
f 817 772 771
f 771 770 817
f 817 770 769
f 817 769 768
f 768 767 817
f 817 767 766
f 817 766 765
f 765 764 817
f 817 764 763
f 817 763 762
f 762 761 817
f 817 761 760
f 817 760 759
f 759 758 817
f 817 758 757
f 817 757 756
f 756 755 817
f 724 627 818
f 818 627 692
f 818 692 691
f 691 690 818
f 818 690 689
f 818 689 688
f 688 687 818
f 818 687 686
f 818 686 685
f 685 684 818
f 818 684 683
f 818 683 682
f 682 681 818
f 818 681 680
f 818 680 679
f 679 678 818
f 818 678 677
f 818 677 676
f 676 675 818
f 818 675 674
f 818 674 673
f 673 672 818
f 818 672 671
f 818 671 670
f 670 669 818
f 818 669 668
f 818 668 667
f 667 666 818
f 818 666 665
f 818 665 664
f 664 663 818
f 818 663 662
f 818 662 661
f 661 754 818
f 818 754 753
f 818 753 752
f 752 751 818
f 818 751 750
f 818 750 749
f 749 748 818
f 818 748 747
f 818 747 746
f 746 745 818
f 818 745 744
f 818 744 743
f 743 742 818
f 818 742 741
f 818 741 740
f 740 739 818
f 818 739 738
f 818 738 737
f 737 736 818
f 818 736 735
f 818 735 734
f 734 733 818
f 818 733 732
f 818 732 731
f 731 730 818
f 818 730 729
f 818 729 728
f 728 727 818
f 818 727 726
f 818 726 725
f 725 724 818
g MeshBody4

v 208.497345 231.444809 1.320800
v 208.497345 231.444809 1.371600
v 208.501205 231.530380 1.371600
v 208.513260 231.618103 1.371600
v 208.534134 231.706879 1.371600
v 208.564224 231.795395 1.371600
v 208.603760 231.882278 1.371600
v 208.652603 231.966019 1.371600
v 208.710373 232.045151 1.371600
v 208.776321 232.118301 1.371600
v 208.849503 232.184280 1.371600
v 208.928635 232.242035 1.371600
v 209.012375 232.290894 1.371600
v 209.099243 232.330429 1.371600
v 209.187775 232.360519 1.371600
v 209.276520 232.381393 1.371600
v 209.364273 232.393448 1.371600
v 209.449844 232.397308 1.371600
v 209.535446 232.393448 1.371600
v 209.623169 232.381393 1.371600
v 209.711945 232.360519 1.371600
v 209.800461 232.330429 1.371600
v 209.887314 232.290894 1.371600
v 209.971069 232.242035 1.371600
v 210.050217 232.184280 1.371600
v 210.123367 232.118301 1.371600
v 210.189331 232.045151 1.371600
v 210.247086 231.966019 1.371600
v 210.295944 231.882278 1.371600
v 210.335480 231.795395 1.371600
v 210.365585 231.706879 1.371600
v 210.386459 231.618103 1.371600
v 210.398499 231.530380 1.371600
v 210.402344 231.444809 1.371600
v 210.402344 231.444809 1.320800
v 210.398499 231.530380 1.320800
v 210.386459 231.618103 1.320800
v 210.365585 231.706879 1.320800
v 210.335480 231.795395 1.320800
v 210.295944 231.882278 1.320800
v 210.247086 231.966019 1.320800
v 210.189331 232.045151 1.320800
v 210.123367 232.118301 1.320800
v 210.050217 232.184280 1.320800
v 209.971069 232.242035 1.320800
v 209.887314 232.290894 1.320800
v 209.800461 232.330429 1.320800
v 209.711945 232.360519 1.320800
v 209.623169 232.381393 1.320800
v 209.535446 232.393448 1.320800
v 209.449844 232.397308 1.320800
v 209.364273 232.393448 1.320800
v 209.276520 232.381393 1.320800
v 209.187775 232.360519 1.320800
v 209.099243 232.330429 1.320800
v 209.012375 232.290894 1.320800
v 208.928635 232.242035 1.320800
v 208.849503 232.184280 1.320800
v 208.776321 232.118301 1.320800
v 208.710373 232.045151 1.320800
v 208.652603 231.966019 1.320800
v 208.603760 231.882278 1.320800
v 208.564224 231.795395 1.320800
v 208.534134 231.706879 1.320800
v 208.513260 231.618103 1.320800
v 208.501205 231.530380 1.320800
v 208.502411 231.542801 1.346200
v 208.518295 231.643433 1.346200
v 208.545868 231.744934 1.346200
v 208.585663 231.845337 1.346200
v 208.637726 231.942490 1.346200
v 208.701599 232.034180 1.346200
v 208.776321 232.118301 1.346200
v 208.860458 232.193054 1.346200
v 208.952148 232.256927 1.346200
v 209.049316 232.308975 1.346200
v 209.149704 232.348785 1.346200
v 209.251221 232.376358 1.346200
v 209.351837 232.392242 1.346200
v 209.449844 232.397308 1.346200
v 209.547867 232.392242 1.346200
v 209.648483 232.376358 1.346200
v 209.724640 232.356796 1.346200
v 209.800461 232.330429 1.346200
v 209.875076 232.297119 1.346200
v 209.947556 232.256927 1.346200
v 210.016953 232.210083 1.346200
v 210.082367 232.156952 1.346200
v 210.143005 232.098099 1.346200
v 210.198090 232.034180 1.346200
v 210.247086 231.966019 1.346200
v 210.289520 231.894470 1.346200
v 210.325150 231.820465 1.346200
v 210.353821 231.744934 1.346200
v 210.375641 231.668808 1.346200
v 210.390762 231.592896 1.346200
v 210.399536 231.517990 1.346200
v 208.501205 231.359207 1.320800
v 208.513260 231.271484 1.320800
v 208.534134 231.182709 1.320800
v 208.564224 231.094193 1.320800
v 208.603760 231.007309 1.320800
v 208.652603 230.923569 1.320800
v 208.710373 230.844437 1.320800
v 208.776321 230.771286 1.320800
v 208.849503 230.705307 1.320800
v 208.928635 230.647568 1.320800
v 209.012375 230.598709 1.320800
v 209.099243 230.559174 1.320800
v 209.187775 230.529068 1.320800
v 209.276520 230.508194 1.320800
v 209.364273 230.496140 1.320800
v 209.449844 230.492310 1.320800
v 209.535446 230.496140 1.320800
v 209.623169 230.508194 1.320800
v 209.711945 230.529068 1.320800
v 209.800461 230.559174 1.320800
v 209.887314 230.598709 1.320800
v 209.971069 230.647568 1.320800
v 210.050217 230.705307 1.320800
v 210.123367 230.771286 1.320800
v 210.189331 230.844437 1.320800
v 210.247086 230.923569 1.320800
v 210.295944 231.007309 1.320800
v 210.335480 231.094193 1.320800
v 210.365585 231.182709 1.320800
v 210.386459 231.271484 1.320800
v 210.398499 231.359207 1.320800
v 210.398499 231.359207 1.371600
v 210.386459 231.271484 1.371600
v 210.365585 231.182709 1.371600
v 210.335480 231.094193 1.371600
v 210.295944 231.007309 1.371600
v 210.247086 230.923569 1.371600
v 210.189331 230.844437 1.371600
v 210.123367 230.771286 1.371600
v 210.050217 230.705307 1.371600
v 209.971069 230.647568 1.371600
v 209.887314 230.598709 1.371600
v 209.800461 230.559174 1.371600
v 209.711945 230.529068 1.371600
v 209.623169 230.508194 1.371600
v 209.535446 230.496140 1.371600
v 209.449844 230.492310 1.371600
v 209.364273 230.496140 1.371600
v 209.276520 230.508194 1.371600
v 209.187775 230.529068 1.371600
v 209.099243 230.559174 1.371600
v 209.012375 230.598709 1.371600
v 208.928635 230.647568 1.371600
v 208.849503 230.705307 1.371600
v 208.776321 230.771286 1.371600
v 208.710373 230.844437 1.371600
v 208.652603 230.923569 1.371600
v 208.603760 231.007309 1.371600
v 208.564224 231.094193 1.371600
v 208.534134 231.182709 1.371600
v 208.513260 231.271484 1.371600
v 208.501205 231.359207 1.371600
v 208.508942 231.296692 1.346200
v 208.500183 231.371597 1.346200
v 208.524078 231.220810 1.346200
v 208.545868 231.144669 1.346200
v 208.574554 231.069122 1.346200
v 208.610168 230.995117 1.346200
v 208.652603 230.923569 1.346200
v 208.701599 230.855408 1.346200
v 208.756714 230.791489 1.346200
v 208.817322 230.732635 1.346200
v 208.882751 230.679520 1.346200
v 208.952148 230.632660 1.346200
v 209.024628 230.592499 1.346200
v 209.099243 230.559174 1.346200
v 209.175079 230.532791 1.346200
v 209.251221 230.513229 1.346200
v 209.351837 230.497360 1.346200
v 209.449844 230.492310 1.346200
v 209.547867 230.497360 1.346200
v 209.648483 230.513229 1.346200
v 209.749985 230.540833 1.346200
v 209.850403 230.580612 1.346200
v 209.947556 230.632660 1.346200
v 210.039246 230.696548 1.346200
v 210.123367 230.771286 1.346200
v 210.198090 230.855408 1.346200
v 210.261993 230.947098 1.346200
v 210.314041 231.044250 1.346200
v 210.353821 231.144669 1.346200
v 210.381424 231.246170 1.346200
v 210.397293 231.346786 1.346200
v 209.449844 231.444809 1.371600
v 209.449844 231.444809 1.320800
f 819 820 884
f 884 820 885
f 884 885 883
f 883 885 886
f 883 886 882
f 882 886 887
f 882 887 881
f 881 887 888
f 881 888 880
f 880 888 889
f 880 889 879
f 879 889 890
f 879 890 878
f 878 890 891
f 878 891 877
f 877 891 876
f 876 891 892
f 876 892 875
f 875 892 893
f 875 893 874
f 874 893 894
f 874 894 873
f 873 894 895
f 873 895 872
f 872 895 896
f 872 896 871
f 871 896 897
f 871 897 870
f 870 897 898
f 870 898 869
f 869 898 868
f 868 898 899
f 868 899 867
f 867 899 900
f 867 900 866
f 866 900 901
f 866 901 865
f 865 901 902
f 865 902 903
f 903 902 840
f 903 840 841
f 820 821 885
f 885 821 822
f 885 822 886
f 886 822 823
f 886 823 887
f 887 823 824
f 887 824 888
f 888 824 825
f 888 825 889
f 889 825 826
f 889 826 890
f 890 826 827
f 890 827 891
f 891 827 828
f 891 828 829
f 891 829 892
f 892 829 830
f 892 830 893
f 893 830 831
f 893 831 894
f 894 831 832
f 894 832 895
f 895 832 833
f 895 833 896
f 896 833 834
f 896 834 897
f 897 834 835
f 897 835 898
f 898 835 836
f 898 836 837
f 898 837 899
f 899 837 838
f 899 838 900
f 900 838 839
f 900 839 901
f 901 839 840
f 901 840 902
f 903 841 904
f 904 841 842
f 904 842 905
f 905 842 843
f 905 843 906
f 906 843 844
f 906 844 907
f 907 844 845
f 907 845 908
f 908 845 846
f 908 846 909
f 909 846 910
f 909 910 859
f 859 910 858
f 858 910 911
f 858 911 857
f 857 911 912
f 857 912 856
f 856 912 913
f 856 913 855
f 855 913 914
f 855 914 854
f 854 914 915
f 854 915 853
f 853 915 852
f 852 915 851
f 851 915 914
f 851 914 850
f 850 914 913
f 850 913 849
f 849 913 912
f 849 912 848
f 848 912 911
f 848 911 847
f 847 911 910
f 847 910 846
f 909 859 908
f 908 859 860
f 908 860 907
f 907 860 861
f 907 861 906
f 906 861 862
f 906 862 905
f 905 862 863
f 905 863 904
f 904 863 864
f 904 864 903
f 903 864 865
f 977 820 979
f 979 820 819
f 979 819 916
f 979 916 978
f 978 916 917
f 978 917 980
f 980 917 918
f 980 918 981
f 981 918 919
f 981 919 982
f 982 919 920
f 982 920 983
f 983 920 921
f 983 921 984
f 984 921 985
f 984 985 972
f 972 985 971
f 971 985 986
f 971 986 970
f 970 986 987
f 970 987 969
f 969 987 988
f 969 988 968
f 968 988 989
f 968 989 967
f 967 989 990
f 967 990 966
f 966 990 991
f 966 991 992
f 992 991 927
f 992 927 928
f 921 922 985
f 985 922 986
f 922 923 986
f 986 923 987
f 923 924 987
f 987 924 988
f 924 925 988
f 988 925 989
f 925 926 989
f 989 926 990
f 926 927 990
f 990 927 991
f 992 928 993
f 993 928 929
f 993 929 994
f 994 929 930
f 994 930 995
f 995 930 931
f 995 931 932
f 995 932 996
f 996 932 933
f 996 933 997
f 997 933 934
f 997 934 998
f 998 934 935
f 998 935 999
f 999 935 936
f 999 936 1000
f 1000 936 937
f 1000 937 1001
f 1001 937 938
f 1001 938 1002
f 1002 938 939
f 1002 939 940
f 1002 940 1003
f 1003 940 941
f 1003 941 1004
f 1004 941 942
f 1004 942 1005
f 1005 942 943
f 1005 943 1006
f 1006 943 944
f 1006 944 1007
f 1007 944 945
f 1007 945 1008
f 1008 945 946
f 1008 946 852
f 852 946 853
f 852 947 1008
f 1008 947 948
f 1008 948 1007
f 1007 948 949
f 1007 949 1006
f 1006 949 950
f 1006 950 1005
f 1005 950 951
f 1005 951 1004
f 1004 951 952
f 1004 952 1003
f 1003 952 953
f 1003 953 1002
f 1002 953 954
f 1002 954 955
f 1002 955 1001
f 1001 955 956
f 1001 956 1000
f 1000 956 957
f 1000 957 999
f 999 957 958
f 999 958 998
f 998 958 959
f 998 959 997
f 997 959 960
f 997 960 996
f 996 960 961
f 996 961 995
f 995 961 962
f 995 962 963
f 995 963 994
f 994 963 964
f 994 964 993
f 993 964 965
f 993 965 992
f 992 965 966
f 984 972 983
f 983 972 973
f 983 973 982
f 982 973 974
f 982 974 981
f 981 974 975
f 981 975 980
f 980 975 976
f 980 976 978
f 978 976 977
f 978 977 979
f 947 852 1009
f 1009 852 851
f 1009 851 850
f 850 849 1009
f 1009 849 848
f 1009 848 847
f 847 846 1009
f 1009 846 845
f 1009 845 844
f 844 843 1009
f 1009 843 842
f 1009 842 841
f 841 840 1009
f 1009 840 839
f 1009 839 838
f 838 837 1009
f 1009 837 836
f 1009 836 835
f 835 834 1009
f 1009 834 833
f 1009 833 832
f 832 831 1009
f 1009 831 830
f 1009 830 829
f 829 828 1009
f 1009 828 827
f 1009 827 826
f 826 825 1009
f 1009 825 824
f 1009 824 823
f 823 822 1009
f 1009 822 821
f 1009 821 820
f 820 977 1009
f 1009 977 976
f 1009 976 975
f 975 974 1009
f 1009 974 973
f 1009 973 972
f 972 971 1009
f 1009 971 970
f 1009 970 969
f 969 968 1009
f 1009 968 967
f 1009 967 966
f 966 965 1009
f 1009 965 964
f 1009 964 963
f 963 962 1009
f 1009 962 961
f 1009 961 960
f 960 959 1009
f 1009 959 958
f 1009 958 957
f 957 956 1009
f 1009 956 955
f 1009 955 954
f 954 953 1009
f 1009 953 952
f 1009 952 951
f 951 950 1009
f 1009 950 949
f 1009 949 948
f 948 947 1009
f 916 819 1010
f 1010 819 884
f 1010 884 883
f 883 882 1010
f 1010 882 881
f 1010 881 880
f 880 879 1010
f 1010 879 878
f 1010 878 877
f 877 876 1010
f 1010 876 875
f 1010 875 874
f 874 873 1010
f 1010 873 872
f 1010 872 871
f 871 870 1010
f 1010 870 869
f 1010 869 868
f 868 867 1010
f 1010 867 866
f 1010 866 865
f 865 864 1010
f 1010 864 863
f 1010 863 862
f 862 861 1010
f 1010 861 860
f 1010 860 859
f 859 858 1010
f 1010 858 857
f 1010 857 856
f 856 855 1010
f 1010 855 854
f 1010 854 853
f 853 946 1010
f 1010 946 945
f 1010 945 944
f 944 943 1010
f 1010 943 942
f 1010 942 941
f 941 940 1010
f 1010 940 939
f 1010 939 938
f 938 937 1010
f 1010 937 936
f 1010 936 935
f 935 934 1010
f 1010 934 933
f 1010 933 932
f 932 931 1010
f 1010 931 930
f 1010 930 929
f 929 928 1010
f 1010 928 927
f 1010 927 926
f 926 925 1010
f 1010 925 924
f 1010 924 923
f 923 922 1010
f 1010 922 921
f 1010 921 920
f 920 919 1010
f 1010 919 918
f 1010 918 917
f 917 916 1010
g MeshBody5

v 183.402161 175.869598 1.320800
v 183.402161 175.869598 1.371600
v 183.406006 175.955185 1.371600
v 183.418045 176.042908 1.371600
v 183.438919 176.131683 1.371600
v 183.469025 176.220215 1.371600
v 183.508560 176.307083 1.371600
v 183.557419 176.390823 1.371600
v 183.615189 176.469955 1.371600
v 183.681137 176.543121 1.371600
v 183.754288 176.609085 1.371600
v 183.833420 176.666824 1.371600
v 183.917175 176.715683 1.371600
v 184.004044 176.755219 1.371600
v 184.092560 176.785324 1.371600
v 184.181335 176.806198 1.371600
v 184.269058 176.818237 1.371600
v 184.354660 176.822098 1.371600
v 184.440231 176.818237 1.371600
v 184.527985 176.806198 1.371600
v 184.616730 176.785324 1.371600
v 184.705261 176.755219 1.371600
v 184.792130 176.715683 1.371600
v 184.875870 176.666824 1.371600
v 184.955002 176.609085 1.371600
v 185.028183 176.543121 1.371600
v 185.094131 176.469955 1.371600
v 185.151886 176.390823 1.371600
v 185.200745 176.307083 1.371600
v 185.240280 176.220215 1.371600
v 185.270401 176.131683 1.371600
v 185.291245 176.042908 1.371600
v 185.303299 175.955185 1.371600
v 185.307159 175.869598 1.371600
v 185.307159 175.869598 1.320800
v 185.303299 175.955185 1.320800
v 185.291245 176.042908 1.320800
v 185.270401 176.131683 1.320800
v 185.240280 176.220215 1.320800
v 185.200745 176.307083 1.320800
v 185.151886 176.390823 1.320800
v 185.094131 176.469955 1.320800
v 185.028183 176.543121 1.320800
v 184.955002 176.609085 1.320800
v 184.875870 176.666824 1.320800
v 184.792130 176.715683 1.320800
v 184.705261 176.755219 1.320800
v 184.616730 176.785324 1.320800
v 184.527985 176.806198 1.320800
v 184.440231 176.818237 1.320800
v 184.354660 176.822098 1.320800
v 184.269058 176.818237 1.320800
v 184.181335 176.806198 1.320800
v 184.092560 176.785324 1.320800
v 184.004044 176.755219 1.320800
v 183.917175 176.715683 1.320800
v 183.833420 176.666824 1.320800
v 183.754288 176.609085 1.320800
v 183.681137 176.543121 1.320800
v 183.615189 176.469955 1.320800
v 183.557419 176.390823 1.320800
v 183.508560 176.307083 1.320800
v 183.469025 176.220215 1.320800
v 183.438919 176.131683 1.320800
v 183.418045 176.042908 1.320800
v 183.406006 175.955185 1.320800
v 183.407211 175.967606 1.346200
v 183.423080 176.068222 1.346200
v 183.450684 176.169724 1.346200
v 183.490463 176.270142 1.346200
v 183.542511 176.367294 1.346200
v 183.606400 176.459000 1.346200
v 183.681137 176.543121 1.346200
v 183.765274 176.617844 1.346200
v 183.856949 176.681732 1.346200
v 183.954102 176.733780 1.346200
v 184.054520 176.773575 1.346200
v 184.156021 176.801163 1.346200
v 184.256638 176.817032 1.346200
v 184.354660 176.822098 1.346200
v 184.452667 176.817032 1.346200
v 184.553284 176.801163 1.346200
v 184.629425 176.781616 1.346200
v 184.705261 176.755219 1.346200
v 184.779877 176.721909 1.346200
v 184.852356 176.681732 1.346200
v 184.921753 176.634872 1.346200
v 184.987167 176.581757 1.346200
v 185.047791 176.522903 1.346200
v 185.102905 176.459000 1.346200
v 185.151886 176.390823 1.346200
v 185.194336 176.319275 1.346200
v 185.229950 176.245270 1.346200
v 185.258636 176.169724 1.346200
v 185.280426 176.093597 1.346200
v 185.295563 176.017685 1.346200
v 185.304321 175.942810 1.346200
v 183.406006 175.784012 1.320800
v 183.418045 175.696274 1.320800
v 183.438919 175.607513 1.320800
v 183.469025 175.518997 1.320800
v 183.508560 175.432114 1.320800
v 183.557419 175.348389 1.320800
v 183.615189 175.269241 1.320800
v 183.681137 175.196091 1.320800
v 183.754288 175.130127 1.320800
v 183.833420 175.072357 1.320800
v 183.917175 175.023499 1.320800
v 184.004044 174.983963 1.320800
v 184.092560 174.953873 1.320800
v 184.181335 174.932999 1.320800
v 184.269058 174.920944 1.320800
v 184.354660 174.917099 1.320800
v 184.440231 174.920944 1.320800
v 184.527985 174.932999 1.320800
v 184.616730 174.953873 1.320800
v 184.705261 174.983963 1.320800
v 184.792130 175.023499 1.320800
v 184.875870 175.072357 1.320800
v 184.955002 175.130127 1.320800
v 185.028183 175.196091 1.320800
v 185.094131 175.269241 1.320800
v 185.151886 175.348389 1.320800
v 185.200745 175.432114 1.320800
v 185.240280 175.518997 1.320800
v 185.270401 175.607513 1.320800
v 185.291245 175.696274 1.320800
v 185.303299 175.784012 1.320800
v 185.303299 175.784012 1.371600
v 185.291245 175.696274 1.371600
v 185.270401 175.607513 1.371600
v 185.240280 175.518997 1.371600
v 185.200745 175.432114 1.371600
v 185.151886 175.348389 1.371600
v 185.094131 175.269241 1.371600
v 185.028183 175.196091 1.371600
v 184.955002 175.130127 1.371600
v 184.875870 175.072357 1.371600
v 184.792130 175.023499 1.371600
v 184.705261 174.983963 1.371600
v 184.616730 174.953873 1.371600
v 184.527985 174.932999 1.371600
v 184.440231 174.920944 1.371600
v 184.354660 174.917099 1.371600
v 184.269058 174.920944 1.371600
v 184.181335 174.932999 1.371600
v 184.092560 174.953873 1.371600
v 184.004044 174.983963 1.371600
v 183.917175 175.023499 1.371600
v 183.833420 175.072357 1.371600
v 183.754288 175.130127 1.371600
v 183.681137 175.196091 1.371600
v 183.615189 175.269241 1.371600
v 183.557419 175.348389 1.371600
v 183.508560 175.432114 1.371600
v 183.469025 175.518997 1.371600
v 183.438919 175.607513 1.371600
v 183.418045 175.696274 1.371600
v 183.406006 175.784012 1.371600
v 183.413742 175.721497 1.346200
v 183.404968 175.796402 1.346200
v 183.428864 175.645599 1.346200
v 183.450684 175.569458 1.346200
v 183.479355 175.493942 1.346200
v 183.514984 175.419922 1.346200
v 183.557419 175.348389 1.346200
v 183.606400 175.280212 1.346200
v 183.661499 175.216293 1.346200
v 183.722137 175.157440 1.346200
v 183.787552 175.104309 1.346200
v 183.856949 175.057465 1.346200
v 183.929428 175.017273 1.346200
v 184.004044 174.983963 1.346200
v 184.079865 174.957596 1.346200
v 184.156021 174.938034 1.346200
v 184.256638 174.922150 1.346200
v 184.354660 174.917099 1.346200
v 184.452667 174.922150 1.346200
v 184.553284 174.938034 1.346200
v 184.654785 174.965622 1.346200
v 184.755188 175.005402 1.346200
v 184.852356 175.057465 1.346200
v 184.944031 175.121338 1.346200
v 185.028183 175.196091 1.346200
v 185.102905 175.280212 1.346200
v 185.166779 175.371902 1.346200
v 185.218842 175.469055 1.346200
v 185.258636 175.569458 1.346200
v 185.286209 175.670959 1.346200
v 185.302094 175.771591 1.346200
v 184.354660 175.869598 1.371600
v 184.354660 175.869598 1.320800
f 1011 1012 1076
f 1076 1012 1077
f 1076 1077 1075
f 1075 1077 1078
f 1075 1078 1074
f 1074 1078 1079
f 1074 1079 1073
f 1073 1079 1080
f 1073 1080 1072
f 1072 1080 1081
f 1072 1081 1071
f 1071 1081 1082
f 1071 1082 1070
f 1070 1082 1083
f 1070 1083 1069
f 1069 1083 1068
f 1068 1083 1084
f 1068 1084 1067
f 1067 1084 1085
f 1067 1085 1066
f 1066 1085 1086
f 1066 1086 1065
f 1065 1086 1087
f 1065 1087 1064
f 1064 1087 1088
f 1064 1088 1063
f 1063 1088 1089
f 1063 1089 1062
f 1062 1089 1090
f 1062 1090 1061
f 1061 1090 1060
f 1060 1090 1091
f 1060 1091 1059
f 1059 1091 1092
f 1059 1092 1058
f 1058 1092 1093
f 1058 1093 1057
f 1057 1093 1094
f 1057 1094 1095
f 1095 1094 1032
f 1095 1032 1033
f 1012 1013 1077
f 1077 1013 1014
f 1077 1014 1078
f 1078 1014 1015
f 1078 1015 1079
f 1079 1015 1016
f 1079 1016 1080
f 1080 1016 1017
f 1080 1017 1081
f 1081 1017 1018
f 1081 1018 1082
f 1082 1018 1019
f 1082 1019 1083
f 1083 1019 1020
f 1083 1020 1021
f 1083 1021 1084
f 1084 1021 1022
f 1084 1022 1085
f 1085 1022 1023
f 1085 1023 1086
f 1086 1023 1024
f 1086 1024 1087
f 1087 1024 1025
f 1087 1025 1088
f 1088 1025 1026
f 1088 1026 1089
f 1089 1026 1027
f 1089 1027 1090
f 1090 1027 1028
f 1090 1028 1029
f 1090 1029 1091
f 1091 1029 1030
f 1091 1030 1092
f 1092 1030 1031
f 1092 1031 1093
f 1093 1031 1032
f 1093 1032 1094
f 1095 1033 1096
f 1096 1033 1034
f 1096 1034 1097
f 1097 1034 1035
f 1097 1035 1098
f 1098 1035 1036
f 1098 1036 1099
f 1099 1036 1037
f 1099 1037 1100
f 1100 1037 1038
f 1100 1038 1101
f 1101 1038 1102
f 1101 1102 1051
f 1051 1102 1050
f 1050 1102 1103
f 1050 1103 1049
f 1049 1103 1104
f 1049 1104 1048
f 1048 1104 1105
f 1048 1105 1047
f 1047 1105 1106
f 1047 1106 1046
f 1046 1106 1107
f 1046 1107 1045
f 1045 1107 1044
f 1044 1107 1043
f 1043 1107 1106
f 1043 1106 1042
f 1042 1106 1105
f 1042 1105 1041
f 1041 1105 1104
f 1041 1104 1040
f 1040 1104 1103
f 1040 1103 1039
f 1039 1103 1102
f 1039 1102 1038
f 1101 1051 1100
f 1100 1051 1052
f 1100 1052 1099
f 1099 1052 1053
f 1099 1053 1098
f 1098 1053 1054
f 1098 1054 1097
f 1097 1054 1055
f 1097 1055 1096
f 1096 1055 1056
f 1096 1056 1095
f 1095 1056 1057
f 1169 1012 1171
f 1171 1012 1011
f 1171 1011 1108
f 1171 1108 1170
f 1170 1108 1109
f 1170 1109 1172
f 1172 1109 1110
f 1172 1110 1173
f 1173 1110 1111
f 1173 1111 1174
f 1174 1111 1112
f 1174 1112 1175
f 1175 1112 1113
f 1175 1113 1176
f 1176 1113 1177
f 1176 1177 1164
f 1164 1177 1163
f 1163 1177 1178
f 1163 1178 1162
f 1162 1178 1179
f 1162 1179 1161
f 1161 1179 1180
f 1161 1180 1160
f 1160 1180 1181
f 1160 1181 1159
f 1159 1181 1182
f 1159 1182 1158
f 1158 1182 1183
f 1158 1183 1184
f 1184 1183 1119
f 1184 1119 1120
f 1113 1114 1177
f 1177 1114 1178
f 1114 1115 1178
f 1178 1115 1179
f 1115 1116 1179
f 1179 1116 1180
f 1116 1117 1180
f 1180 1117 1181
f 1117 1118 1181
f 1181 1118 1182
f 1118 1119 1182
f 1182 1119 1183
f 1184 1120 1185
f 1185 1120 1121
f 1185 1121 1186
f 1186 1121 1122
f 1186 1122 1187
f 1187 1122 1123
f 1187 1123 1124
f 1187 1124 1188
f 1188 1124 1125
f 1188 1125 1189
f 1189 1125 1126
f 1189 1126 1190
f 1190 1126 1127
f 1190 1127 1191
f 1191 1127 1128
f 1191 1128 1192
f 1192 1128 1129
f 1192 1129 1193
f 1193 1129 1130
f 1193 1130 1194
f 1194 1130 1131
f 1194 1131 1132
f 1194 1132 1195
f 1195 1132 1133
f 1195 1133 1196
f 1196 1133 1134
f 1196 1134 1197
f 1197 1134 1135
f 1197 1135 1198
f 1198 1135 1136
f 1198 1136 1199
f 1199 1136 1137
f 1199 1137 1200
f 1200 1137 1138
f 1200 1138 1044
f 1044 1138 1045
f 1044 1139 1200
f 1200 1139 1140
f 1200 1140 1199
f 1199 1140 1141
f 1199 1141 1198
f 1198 1141 1142
f 1198 1142 1197
f 1197 1142 1143
f 1197 1143 1196
f 1196 1143 1144
f 1196 1144 1195
f 1195 1144 1145
f 1195 1145 1194
f 1194 1145 1146
f 1194 1146 1147
f 1194 1147 1193
f 1193 1147 1148
f 1193 1148 1192
f 1192 1148 1149
f 1192 1149 1191
f 1191 1149 1150
f 1191 1150 1190
f 1190 1150 1151
f 1190 1151 1189
f 1189 1151 1152
f 1189 1152 1188
f 1188 1152 1153
f 1188 1153 1187
f 1187 1153 1154
f 1187 1154 1155
f 1187 1155 1186
f 1186 1155 1156
f 1186 1156 1185
f 1185 1156 1157
f 1185 1157 1184
f 1184 1157 1158
f 1176 1164 1175
f 1175 1164 1165
f 1175 1165 1174
f 1174 1165 1166
f 1174 1166 1173
f 1173 1166 1167
f 1173 1167 1172
f 1172 1167 1168
f 1172 1168 1170
f 1170 1168 1169
f 1170 1169 1171
f 1139 1044 1201
f 1201 1044 1043
f 1201 1043 1042
f 1042 1041 1201
f 1201 1041 1040
f 1201 1040 1039
f 1039 1038 1201
f 1201 1038 1037
f 1201 1037 1036
f 1036 1035 1201
f 1201 1035 1034
f 1201 1034 1033
f 1033 1032 1201
f 1201 1032 1031
f 1201 1031 1030
f 1030 1029 1201
f 1201 1029 1028
f 1201 1028 1027
f 1027 1026 1201
f 1201 1026 1025
f 1201 1025 1024
f 1024 1023 1201
f 1201 1023 1022
f 1201 1022 1021
f 1021 1020 1201
f 1201 1020 1019
f 1201 1019 1018
f 1018 1017 1201
f 1201 1017 1016
f 1201 1016 1015
f 1015 1014 1201
f 1201 1014 1013
f 1201 1013 1012
f 1012 1169 1201
f 1201 1169 1168
f 1201 1168 1167
f 1167 1166 1201
f 1201 1166 1165
f 1201 1165 1164
f 1164 1163 1201
f 1201 1163 1162
f 1201 1162 1161
f 1161 1160 1201
f 1201 1160 1159
f 1201 1159 1158
f 1158 1157 1201
f 1201 1157 1156
f 1201 1156 1155
f 1155 1154 1201
f 1201 1154 1153
f 1201 1153 1152
f 1152 1151 1201
f 1201 1151 1150
f 1201 1150 1149
f 1149 1148 1201
f 1201 1148 1147
f 1201 1147 1146
f 1146 1145 1201
f 1201 1145 1144
f 1201 1144 1143
f 1143 1142 1201
f 1201 1142 1141
f 1201 1141 1140
f 1140 1139 1201
f 1108 1011 1202
f 1202 1011 1076
f 1202 1076 1075
f 1075 1074 1202
f 1202 1074 1073
f 1202 1073 1072
f 1072 1071 1202
f 1202 1071 1070
f 1202 1070 1069
f 1069 1068 1202
f 1202 1068 1067
f 1202 1067 1066
f 1066 1065 1202
f 1202 1065 1064
f 1202 1064 1063
f 1063 1062 1202
f 1202 1062 1061
f 1202 1061 1060
f 1060 1059 1202
f 1202 1059 1058
f 1202 1058 1057
f 1057 1056 1202
f 1202 1056 1055
f 1202 1055 1054
f 1054 1053 1202
f 1202 1053 1052
f 1202 1052 1051
f 1051 1050 1202
f 1202 1050 1049
f 1202 1049 1048
f 1048 1047 1202
f 1202 1047 1046
f 1202 1046 1045
f 1045 1138 1202
f 1202 1138 1137
f 1202 1137 1136
f 1136 1135 1202
f 1202 1135 1134
f 1202 1134 1133
f 1133 1132 1202
f 1202 1132 1131
f 1202 1131 1130
f 1130 1129 1202
f 1202 1129 1128
f 1202 1128 1127
f 1127 1126 1202
f 1202 1126 1125
f 1202 1125 1124
f 1124 1123 1202
f 1202 1123 1122
f 1202 1122 1121
f 1121 1120 1202
f 1202 1120 1119
f 1202 1119 1118
f 1118 1117 1202
f 1202 1117 1116
f 1202 1116 1115
f 1115 1114 1202
f 1202 1114 1113
f 1202 1113 1112
f 1112 1111 1202
f 1202 1111 1110
f 1202 1110 1109
f 1109 1108 1202
g MeshBody6

v 208.497345 50.393600 1.320800
v 208.497345 50.393600 1.371600
v 208.501205 50.479187 1.371600
v 208.513260 50.566917 1.371600
v 208.534134 50.655685 1.371600
v 208.564224 50.744209 1.371600
v 208.603760 50.831078 1.371600
v 208.652603 50.914818 1.371600
v 208.710373 50.993961 1.371600
v 208.776321 51.067120 1.371600
v 208.849503 51.133076 1.371600
v 208.928635 51.190838 1.371600
v 209.012375 51.239693 1.371600
v 209.099243 51.279224 1.371600
v 209.187775 51.309334 1.371600
v 209.276520 51.330200 1.371600
v 209.364273 51.342247 1.371600
v 209.449844 51.346100 1.371600
v 209.535446 51.342247 1.371600
v 209.623169 51.330200 1.371600
v 209.711945 51.309334 1.371600
v 209.800461 51.279224 1.371600
v 209.887314 51.239693 1.371600
v 209.971069 51.190838 1.371600
v 210.050217 51.133076 1.371600
v 210.123367 51.067120 1.371600
v 210.189331 50.993961 1.371600
v 210.247086 50.914818 1.371600
v 210.295944 50.831078 1.371600
v 210.335480 50.744209 1.371600
v 210.365585 50.655685 1.371600
v 210.386459 50.566917 1.371600
v 210.398499 50.479187 1.371600
v 210.402344 50.393600 1.371600
v 210.402344 50.393600 1.320800
v 210.398499 50.479187 1.320800
v 210.386459 50.566917 1.320800
v 210.365585 50.655685 1.320800
v 210.335480 50.744209 1.320800
v 210.295944 50.831078 1.320800
v 210.247086 50.914818 1.320800
v 210.189331 50.993961 1.320800
v 210.123367 51.067120 1.320800
v 210.050217 51.133076 1.320800
v 209.971069 51.190838 1.320800
v 209.887314 51.239693 1.320800
v 209.800461 51.279224 1.320800
v 209.711945 51.309334 1.320800
v 209.623169 51.330200 1.320800
v 209.535446 51.342247 1.320800
v 209.449844 51.346100 1.320800
v 209.364273 51.342247 1.320800
v 209.276520 51.330200 1.320800
v 209.187775 51.309334 1.320800
v 209.099243 51.279224 1.320800
v 209.012375 51.239693 1.320800
v 208.928635 51.190838 1.320800
v 208.849503 51.133076 1.320800
v 208.776321 51.067120 1.320800
v 208.710373 50.993961 1.320800
v 208.652603 50.914818 1.320800
v 208.603760 50.831078 1.320800
v 208.564224 50.744209 1.320800
v 208.534134 50.655685 1.320800
v 208.513260 50.566917 1.320800
v 208.501205 50.479187 1.320800
v 208.502411 50.491611 1.346200
v 208.518295 50.592232 1.346200
v 208.545868 50.693737 1.346200
v 208.585663 50.794147 1.346200
v 208.637726 50.891296 1.346200
v 208.701599 50.982986 1.346200
v 208.776321 51.067120 1.346200
v 208.860458 51.141850 1.346200
v 208.952148 51.205730 1.346200
v 209.049316 51.257786 1.346200
v 209.149704 51.297577 1.346200
v 209.251221 51.325157 1.346200
v 209.351837 51.341042 1.346200
v 209.449844 51.346100 1.346200
v 209.547867 51.341042 1.346200
v 209.648483 51.325157 1.346200
v 209.724640 51.305603 1.346200
v 209.800461 51.279224 1.346200
v 209.875076 51.245911 1.346200
v 209.947556 51.205730 1.346200
v 210.016953 51.158882 1.346200
v 210.082367 51.105762 1.346200
v 210.143005 51.046902 1.346200
v 210.198090 50.982986 1.346200
v 210.247086 50.914818 1.346200
v 210.289520 50.843266 1.346200
v 210.325150 50.769260 1.346200
v 210.353821 50.693737 1.346200
v 210.375641 50.617599 1.346200
v 210.390762 50.541695 1.346200
v 210.399536 50.466801 1.346200
v 208.501205 50.308014 1.320800
v 208.513260 50.220284 1.320800
v 208.534134 50.131512 1.320800
v 208.564224 50.042992 1.320800
v 208.603760 49.956123 1.320800
v 208.652603 49.872383 1.320800
v 208.710373 49.793240 1.320800
v 208.776321 49.720081 1.320800
v 208.849503 49.654125 1.320800
v 208.928635 49.596363 1.320800
v 209.012375 49.547508 1.320800
v 209.099243 49.507977 1.320800
v 209.187775 49.477867 1.320800
v 209.276520 49.457001 1.320800
v 209.364273 49.444950 1.320800
v 209.449844 49.441101 1.320800
v 209.535446 49.444950 1.320800
v 209.623169 49.457001 1.320800
v 209.711945 49.477867 1.320800
v 209.800461 49.507977 1.320800
v 209.887314 49.547508 1.320800
v 209.971069 49.596363 1.320800
v 210.050217 49.654125 1.320800
v 210.123367 49.720081 1.320800
v 210.189331 49.793240 1.320800
v 210.247086 49.872383 1.320800
v 210.295944 49.956123 1.320800
v 210.335480 50.042992 1.320800
v 210.365585 50.131512 1.320800
v 210.386459 50.220284 1.320800
v 210.398499 50.308014 1.320800
v 210.398499 50.308014 1.371600
v 210.386459 50.220284 1.371600
v 210.365585 50.131512 1.371600
v 210.335480 50.042992 1.371600
v 210.295944 49.956123 1.371600
v 210.247086 49.872383 1.371600
v 210.189331 49.793240 1.371600
v 210.123367 49.720081 1.371600
v 210.050217 49.654125 1.371600
v 209.971069 49.596363 1.371600
v 209.887314 49.547508 1.371600
v 209.800461 49.507977 1.371600
v 209.711945 49.477867 1.371600
v 209.623169 49.457001 1.371600
v 209.535446 49.444950 1.371600
v 209.449844 49.441101 1.371600
v 209.364273 49.444950 1.371600
v 209.276520 49.457001 1.371600
v 209.187775 49.477867 1.371600
v 209.099243 49.507977 1.371600
v 209.012375 49.547508 1.371600
v 208.928635 49.596363 1.371600
v 208.849503 49.654125 1.371600
v 208.776321 49.720081 1.371600
v 208.710373 49.793240 1.371600
v 208.652603 49.872383 1.371600
v 208.603760 49.956123 1.371600
v 208.564224 50.042992 1.371600
v 208.534134 50.131512 1.371600
v 208.513260 50.220284 1.371600
v 208.501205 50.308014 1.371600
v 208.508942 50.245502 1.346200
v 208.500183 50.320396 1.346200
v 208.524078 50.169601 1.346200
v 208.545868 50.093464 1.346200
v 208.574554 50.017941 1.346200
v 208.610168 49.943932 1.346200
v 208.652603 49.872383 1.346200
v 208.701599 49.804211 1.346200
v 208.756714 49.740295 1.346200
v 208.817322 49.681438 1.346200
v 208.882751 49.628319 1.346200
v 208.952148 49.581470 1.346200
v 209.024628 49.541286 1.346200
v 209.099243 49.507977 1.346200
v 209.175079 49.481598 1.346200
v 209.251221 49.462040 1.346200
v 209.351837 49.446159 1.346200
v 209.449844 49.441101 1.346200
v 209.547867 49.446159 1.346200
v 209.648483 49.462040 1.346200
v 209.749985 49.489624 1.346200
v 209.850403 49.529411 1.346200
v 209.947556 49.581470 1.346200
v 210.039246 49.645351 1.346200
v 210.123367 49.720081 1.346200
v 210.198090 49.804211 1.346200
v 210.261993 49.895901 1.346200
v 210.314041 49.993053 1.346200
v 210.353821 50.093464 1.346200
v 210.381424 50.194969 1.346200
v 210.397293 50.295586 1.346200
v 209.449844 50.393600 1.371600
v 209.449844 50.393600 1.320800
f 1203 1204 1268
f 1268 1204 1269
f 1268 1269 1267
f 1267 1269 1270
f 1267 1270 1266
f 1266 1270 1271
f 1266 1271 1265
f 1265 1271 1272
f 1265 1272 1264
f 1264 1272 1273
f 1264 1273 1263
f 1263 1273 1274
f 1263 1274 1262
f 1262 1274 1275
f 1262 1275 1261
f 1261 1275 1260
f 1260 1275 1276
f 1260 1276 1259
f 1259 1276 1277
f 1259 1277 1258
f 1258 1277 1278
f 1258 1278 1257
f 1257 1278 1279
f 1257 1279 1256
f 1256 1279 1280
f 1256 1280 1255
f 1255 1280 1281
f 1255 1281 1254
f 1254 1281 1282
f 1254 1282 1253
f 1253 1282 1252
f 1252 1282 1283
f 1252 1283 1251
f 1251 1283 1284
f 1251 1284 1250
f 1250 1284 1285
f 1250 1285 1249
f 1249 1285 1286
f 1249 1286 1287
f 1287 1286 1224
f 1287 1224 1225
f 1204 1205 1269
f 1269 1205 1206
f 1269 1206 1270
f 1270 1206 1207
f 1270 1207 1271
f 1271 1207 1208
f 1271 1208 1272
f 1272 1208 1209
f 1272 1209 1273
f 1273 1209 1210
f 1273 1210 1274
f 1274 1210 1211
f 1274 1211 1275
f 1275 1211 1212
f 1275 1212 1213
f 1275 1213 1276
f 1276 1213 1214
f 1276 1214 1277
f 1277 1214 1215
f 1277 1215 1278
f 1278 1215 1216
f 1278 1216 1279
f 1279 1216 1217
f 1279 1217 1280
f 1280 1217 1218
f 1280 1218 1281
f 1281 1218 1219
f 1281 1219 1282
f 1282 1219 1220
f 1282 1220 1221
f 1282 1221 1283
f 1283 1221 1222
f 1283 1222 1284
f 1284 1222 1223
f 1284 1223 1285
f 1285 1223 1224
f 1285 1224 1286
f 1287 1225 1288
f 1288 1225 1226
f 1288 1226 1289
f 1289 1226 1227
f 1289 1227 1290
f 1290 1227 1228
f 1290 1228 1291
f 1291 1228 1229
f 1291 1229 1292
f 1292 1229 1230
f 1292 1230 1293
f 1293 1230 1294
f 1293 1294 1243
f 1243 1294 1242
f 1242 1294 1295
f 1242 1295 1241
f 1241 1295 1296
f 1241 1296 1240
f 1240 1296 1297
f 1240 1297 1239
f 1239 1297 1298
f 1239 1298 1238
f 1238 1298 1299
f 1238 1299 1237
f 1237 1299 1236
f 1236 1299 1235
f 1235 1299 1298
f 1235 1298 1234
f 1234 1298 1297
f 1234 1297 1233
f 1233 1297 1296
f 1233 1296 1232
f 1232 1296 1295
f 1232 1295 1231
f 1231 1295 1294
f 1231 1294 1230
f 1293 1243 1292
f 1292 1243 1244
f 1292 1244 1291
f 1291 1244 1245
f 1291 1245 1290
f 1290 1245 1246
f 1290 1246 1289
f 1289 1246 1247
f 1289 1247 1288
f 1288 1247 1248
f 1288 1248 1287
f 1287 1248 1249
f 1361 1204 1363
f 1363 1204 1203
f 1363 1203 1300
f 1363 1300 1362
f 1362 1300 1301
f 1362 1301 1364
f 1364 1301 1302
f 1364 1302 1365
f 1365 1302 1303
f 1365 1303 1366
f 1366 1303 1304
f 1366 1304 1367
f 1367 1304 1305
f 1367 1305 1368
f 1368 1305 1369
f 1368 1369 1356
f 1356 1369 1355
f 1355 1369 1370
f 1355 1370 1354
f 1354 1370 1371
f 1354 1371 1353
f 1353 1371 1372
f 1353 1372 1352
f 1352 1372 1373
f 1352 1373 1351
f 1351 1373 1374
f 1351 1374 1350
f 1350 1374 1375
f 1350 1375 1376
f 1376 1375 1311
f 1376 1311 1312
f 1305 1306 1369
f 1369 1306 1370
f 1306 1307 1370
f 1370 1307 1371
f 1307 1308 1371
f 1371 1308 1372
f 1308 1309 1372
f 1372 1309 1373
f 1309 1310 1373
f 1373 1310 1374
f 1310 1311 1374
f 1374 1311 1375
f 1376 1312 1377
f 1377 1312 1313
f 1377 1313 1378
f 1378 1313 1314
f 1378 1314 1379
f 1379 1314 1315
f 1379 1315 1316
f 1379 1316 1380
f 1380 1316 1317
f 1380 1317 1381
f 1381 1317 1318
f 1381 1318 1382
f 1382 1318 1319
f 1382 1319 1383
f 1383 1319 1320
f 1383 1320 1384
f 1384 1320 1321
f 1384 1321 1385
f 1385 1321 1322
f 1385 1322 1386
f 1386 1322 1323
f 1386 1323 1324
f 1386 1324 1387
f 1387 1324 1325
f 1387 1325 1388
f 1388 1325 1326
f 1388 1326 1389
f 1389 1326 1327
f 1389 1327 1390
f 1390 1327 1328
f 1390 1328 1391
f 1391 1328 1329
f 1391 1329 1392
f 1392 1329 1330
f 1392 1330 1236
f 1236 1330 1237
f 1236 1331 1392
f 1392 1331 1332
f 1392 1332 1391
f 1391 1332 1333
f 1391 1333 1390
f 1390 1333 1334
f 1390 1334 1389
f 1389 1334 1335
f 1389 1335 1388
f 1388 1335 1336
f 1388 1336 1387
f 1387 1336 1337
f 1387 1337 1386
f 1386 1337 1338
f 1386 1338 1339
f 1386 1339 1385
f 1385 1339 1340
f 1385 1340 1384
f 1384 1340 1341
f 1384 1341 1383
f 1383 1341 1342
f 1383 1342 1382
f 1382 1342 1343
f 1382 1343 1381
f 1381 1343 1344
f 1381 1344 1380
f 1380 1344 1345
f 1380 1345 1379
f 1379 1345 1346
f 1379 1346 1347
f 1379 1347 1378
f 1378 1347 1348
f 1378 1348 1377
f 1377 1348 1349
f 1377 1349 1376
f 1376 1349 1350
f 1368 1356 1367
f 1367 1356 1357
f 1367 1357 1366
f 1366 1357 1358
f 1366 1358 1365
f 1365 1358 1359
f 1365 1359 1364
f 1364 1359 1360
f 1364 1360 1362
f 1362 1360 1361
f 1362 1361 1363
f 1331 1236 1393
f 1393 1236 1235
f 1393 1235 1234
f 1234 1233 1393
f 1393 1233 1232
f 1393 1232 1231
f 1231 1230 1393
f 1393 1230 1229
f 1393 1229 1228
f 1228 1227 1393
f 1393 1227 1226
f 1393 1226 1225
f 1225 1224 1393
f 1393 1224 1223
f 1393 1223 1222
f 1222 1221 1393
f 1393 1221 1220
f 1393 1220 1219
f 1219 1218 1393
f 1393 1218 1217
f 1393 1217 1216
f 1216 1215 1393
f 1393 1215 1214
f 1393 1214 1213
f 1213 1212 1393
f 1393 1212 1211
f 1393 1211 1210
f 1210 1209 1393
f 1393 1209 1208
f 1393 1208 1207
f 1207 1206 1393
f 1393 1206 1205
f 1393 1205 1204
f 1204 1361 1393
f 1393 1361 1360
f 1393 1360 1359
f 1359 1358 1393
f 1393 1358 1357
f 1393 1357 1356
f 1356 1355 1393
f 1393 1355 1354
f 1393 1354 1353
f 1353 1352 1393
f 1393 1352 1351
f 1393 1351 1350
f 1350 1349 1393
f 1393 1349 1348
f 1393 1348 1347
f 1347 1346 1393
f 1393 1346 1345
f 1393 1345 1344
f 1344 1343 1393
f 1393 1343 1342
f 1393 1342 1341
f 1341 1340 1393
f 1393 1340 1339
f 1393 1339 1338
f 1338 1337 1393
f 1393 1337 1336
f 1393 1336 1335
f 1335 1334 1393
f 1393 1334 1333
f 1393 1333 1332
f 1332 1331 1393
f 1300 1203 1394
f 1394 1203 1268
f 1394 1268 1267
f 1267 1266 1394
f 1394 1266 1265
f 1394 1265 1264
f 1264 1263 1394
f 1394 1263 1262
f 1394 1262 1261
f 1261 1260 1394
f 1394 1260 1259
f 1394 1259 1258
f 1258 1257 1394
f 1394 1257 1256
f 1394 1256 1255
f 1255 1254 1394
f 1394 1254 1253
f 1394 1253 1252
f 1252 1251 1394
f 1394 1251 1250
f 1394 1250 1249
f 1249 1248 1394
f 1394 1248 1247
f 1394 1247 1246
f 1246 1245 1394
f 1394 1245 1244
f 1394 1244 1243
f 1243 1242 1394
f 1394 1242 1241
f 1394 1241 1240
f 1240 1239 1394
f 1394 1239 1238
f 1394 1238 1237
f 1237 1330 1394
f 1394 1330 1329
f 1394 1329 1328
f 1328 1327 1394
f 1394 1327 1326
f 1394 1326 1325
f 1325 1324 1394
f 1394 1324 1323
f 1394 1323 1322
f 1322 1321 1394
f 1394 1321 1320
f 1394 1320 1319
f 1319 1318 1394
f 1394 1318 1317
f 1394 1317 1316
f 1316 1315 1394
f 1394 1315 1314
f 1394 1314 1313
f 1313 1312 1394
f 1394 1312 1311
f 1394 1311 1310
f 1310 1309 1394
f 1394 1309 1308
f 1394 1308 1307
f 1307 1306 1394
f 1394 1306 1305
f 1394 1305 1304
f 1304 1303 1394
f 1394 1303 1302
f 1394 1302 1301
f 1301 1300 1394
g MeshBody7

v 158.306946 125.679199 1.320800
v 158.306946 125.679199 1.371600
v 158.310806 125.764786 1.371600
v 158.322861 125.852516 1.371600
v 158.343719 125.941284 1.371600
v 158.373825 126.029808 1.371600
v 158.413361 126.116676 1.371600
v 158.462219 126.200417 1.371600
v 158.519974 126.279556 1.371600
v 158.585938 126.352722 1.371600
v 158.659088 126.418678 1.371600
v 158.738235 126.476433 1.371600
v 158.821976 126.525291 1.371600
v 158.908844 126.564819 1.371600
v 158.997360 126.594925 1.371600
v 159.086136 126.615799 1.371600
v 159.173874 126.627838 1.371600
v 159.259460 126.631699 1.371600
v 159.345032 126.627838 1.371600
v 159.432770 126.615799 1.371600
v 159.521545 126.594925 1.371600
v 159.610062 126.564819 1.371600
v 159.696930 126.525291 1.371600
v 159.780670 126.476433 1.371600
v 159.859818 126.418678 1.371600
v 159.932968 126.352722 1.371600
v 159.998932 126.279556 1.371600
v 160.056686 126.200417 1.371600
v 160.105545 126.116676 1.371600
v 160.145081 126.029808 1.371600
v 160.175186 125.941284 1.371600
v 160.196060 125.852516 1.371600
v 160.208099 125.764786 1.371600
v 160.211960 125.679199 1.371600
v 160.211960 125.679199 1.320800
v 160.208099 125.764786 1.320800
v 160.196060 125.852516 1.320800
v 160.175186 125.941284 1.320800
v 160.145081 126.029808 1.320800
v 160.105545 126.116676 1.320800
v 160.056686 126.200417 1.320800
v 159.998932 126.279556 1.320800
v 159.932968 126.352722 1.320800
v 159.859818 126.418678 1.320800
v 159.780670 126.476433 1.320800
v 159.696930 126.525291 1.320800
v 159.610062 126.564819 1.320800
v 159.521545 126.594925 1.320800
v 159.432770 126.615799 1.320800
v 159.345032 126.627838 1.320800
v 159.259460 126.631699 1.320800
v 159.173874 126.627838 1.320800
v 159.086136 126.615799 1.320800
v 158.997360 126.594925 1.320800
v 158.908844 126.564819 1.320800
v 158.821976 126.525291 1.320800
v 158.738235 126.476433 1.320800
v 158.659088 126.418678 1.320800
v 158.585938 126.352722 1.320800
v 158.519974 126.279556 1.320800
v 158.462219 126.200417 1.320800
v 158.413361 126.116676 1.320800
v 158.373825 126.029808 1.320800
v 158.343719 125.941284 1.320800
v 158.322861 125.852516 1.320800
v 158.310806 125.764786 1.320800
v 158.312012 125.777214 1.346200
v 158.327896 125.877831 1.346200
v 158.355484 125.979332 1.346200
v 158.395264 126.079742 1.346200
v 158.447327 126.176903 1.346200
v 158.511200 126.268593 1.346200
v 158.585938 126.352722 1.346200
v 158.670059 126.427444 1.346200
v 158.761749 126.491325 1.346200
v 158.858902 126.543388 1.346200
v 158.959320 126.583176 1.346200
v 159.060822 126.610756 1.346200
v 159.161438 126.626640 1.346200
v 159.259460 126.631699 1.346200
v 159.357468 126.626640 1.346200
v 159.458084 126.610756 1.346200
v 159.534225 126.591202 1.346200
v 159.610062 126.564819 1.346200
v 159.684677 126.531509 1.346200
v 159.757156 126.491325 1.346200
v 159.826553 126.444481 1.346200
v 159.891968 126.391365 1.346200
v 159.952606 126.332497 1.346200
v 160.007706 126.268593 1.346200
v 160.056686 126.200417 1.346200
v 160.099136 126.128868 1.346200
v 160.134750 126.054863 1.346200
v 160.163422 125.979332 1.346200
v 160.185242 125.903198 1.346200
v 160.200363 125.827286 1.346200
v 160.209137 125.752403 1.346200
v 158.310806 125.593613 1.320800
v 158.322861 125.505875 1.320800
v 158.343719 125.417107 1.320800
v 158.373825 125.328590 1.320800
v 158.413361 125.241722 1.320800
v 158.462219 125.157982 1.320800
v 158.519974 125.078835 1.320800
v 158.585938 125.005684 1.320800
v 158.659088 124.939720 1.320800
v 158.738235 124.881958 1.320800
v 158.821976 124.833107 1.320800
v 158.908844 124.793571 1.320800
v 158.997360 124.763466 1.320800
v 159.086136 124.742599 1.320800
v 159.173874 124.730553 1.320800
v 159.259460 124.726700 1.320800
v 159.345032 124.730553 1.320800
v 159.432770 124.742599 1.320800
v 159.521545 124.763466 1.320800
v 159.610062 124.793571 1.320800
v 159.696930 124.833107 1.320800
v 159.780670 124.881958 1.320800
v 159.859818 124.939720 1.320800
v 159.932968 125.005684 1.320800
v 159.998932 125.078835 1.320800
v 160.056686 125.157982 1.320800
v 160.105545 125.241722 1.320800
v 160.145081 125.328590 1.320800
v 160.175186 125.417107 1.320800
v 160.196060 125.505875 1.320800
v 160.208099 125.593613 1.320800
v 160.208099 125.593613 1.371600
v 160.196060 125.505875 1.371600
v 160.175186 125.417107 1.371600
v 160.145081 125.328590 1.371600
v 160.105545 125.241722 1.371600
v 160.056686 125.157982 1.371600
v 159.998932 125.078835 1.371600
v 159.932968 125.005684 1.371600
v 159.859818 124.939720 1.371600
v 159.780670 124.881958 1.371600
v 159.696930 124.833107 1.371600
v 159.610062 124.793571 1.371600
v 159.521545 124.763466 1.371600
v 159.432770 124.742599 1.371600
v 159.345032 124.730553 1.371600
v 159.259460 124.726700 1.371600
v 159.173874 124.730553 1.371600
v 159.086136 124.742599 1.371600
v 158.997360 124.763466 1.371600
v 158.908844 124.793571 1.371600
v 158.821976 124.833107 1.371600
v 158.738235 124.881958 1.371600
v 158.659088 124.939720 1.371600
v 158.585938 125.005684 1.371600
v 158.519974 125.078835 1.371600
v 158.462219 125.157982 1.371600
v 158.413361 125.241722 1.371600
v 158.373825 125.328590 1.371600
v 158.343719 125.417107 1.371600
v 158.322861 125.505875 1.371600
v 158.310806 125.593613 1.371600
v 158.318527 125.531105 1.346200
v 158.309769 125.605995 1.346200
v 158.333664 125.455200 1.346200
v 158.355484 125.379059 1.346200
v 158.384155 125.303535 1.346200
v 158.419769 125.229538 1.346200
v 158.462219 125.157982 1.346200
v 158.511200 125.089813 1.346200
v 158.566315 125.025894 1.346200
v 158.626938 124.967041 1.346200
v 158.692352 124.913918 1.346200
v 158.761749 124.867065 1.346200
v 158.834229 124.826881 1.346200
v 158.908844 124.793571 1.346200
v 158.984680 124.767197 1.346200
v 159.060822 124.747635 1.346200
v 159.161438 124.731758 1.346200
v 159.259460 124.726700 1.346200
v 159.357468 124.731758 1.346200
v 159.458084 124.747635 1.346200
v 159.559586 124.775223 1.346200
v 159.660004 124.815018 1.346200
v 159.757156 124.867065 1.346200
v 159.848846 124.930946 1.346200
v 159.932968 125.005684 1.346200
v 160.007706 125.089813 1.346200
v 160.071579 125.181503 1.346200
v 160.123642 125.278648 1.346200
v 160.163422 125.379059 1.346200
v 160.191010 125.480568 1.346200
v 160.206894 125.581192 1.346200
v 159.259460 125.679199 1.371600
v 159.259460 125.679199 1.320800
f 1395 1396 1460
f 1460 1396 1461
f 1460 1461 1459
f 1459 1461 1462
f 1459 1462 1458
f 1458 1462 1463
f 1458 1463 1457
f 1457 1463 1464
f 1457 1464 1456
f 1456 1464 1465
f 1456 1465 1455
f 1455 1465 1466
f 1455 1466 1454
f 1454 1466 1467
f 1454 1467 1453
f 1453 1467 1452
f 1452 1467 1468
f 1452 1468 1451
f 1451 1468 1469
f 1451 1469 1450
f 1450 1469 1470
f 1450 1470 1449
f 1449 1470 1471
f 1449 1471 1448
f 1448 1471 1472
f 1448 1472 1447
f 1447 1472 1473
f 1447 1473 1446
f 1446 1473 1474
f 1446 1474 1445
f 1445 1474 1444
f 1444 1474 1475
f 1444 1475 1443
f 1443 1475 1476
f 1443 1476 1442
f 1442 1476 1477
f 1442 1477 1441
f 1441 1477 1478
f 1441 1478 1479
f 1479 1478 1416
f 1479 1416 1417
f 1396 1397 1461
f 1461 1397 1398
f 1461 1398 1462
f 1462 1398 1399
f 1462 1399 1463
f 1463 1399 1400
f 1463 1400 1464
f 1464 1400 1401
f 1464 1401 1465
f 1465 1401 1402
f 1465 1402 1466
f 1466 1402 1403
f 1466 1403 1467
f 1467 1403 1404
f 1467 1404 1405
f 1467 1405 1468
f 1468 1405 1406
f 1468 1406 1469
f 1469 1406 1407
f 1469 1407 1470
f 1470 1407 1408
f 1470 1408 1471
f 1471 1408 1409
f 1471 1409 1472
f 1472 1409 1410
f 1472 1410 1473
f 1473 1410 1411
f 1473 1411 1474
f 1474 1411 1412
f 1474 1412 1413
f 1474 1413 1475
f 1475 1413 1414
f 1475 1414 1476
f 1476 1414 1415
f 1476 1415 1477
f 1477 1415 1416
f 1477 1416 1478
f 1479 1417 1480
f 1480 1417 1418
f 1480 1418 1481
f 1481 1418 1419
f 1481 1419 1482
f 1482 1419 1420
f 1482 1420 1483
f 1483 1420 1421
f 1483 1421 1484
f 1484 1421 1422
f 1484 1422 1485
f 1485 1422 1486
f 1485 1486 1435
f 1435 1486 1434
f 1434 1486 1487
f 1434 1487 1433
f 1433 1487 1488
f 1433 1488 1432
f 1432 1488 1489
f 1432 1489 1431
f 1431 1489 1490
f 1431 1490 1430
f 1430 1490 1491
f 1430 1491 1429
f 1429 1491 1428
f 1428 1491 1427
f 1427 1491 1490
f 1427 1490 1426
f 1426 1490 1489
f 1426 1489 1425
f 1425 1489 1488
f 1425 1488 1424
f 1424 1488 1487
f 1424 1487 1423
f 1423 1487 1486
f 1423 1486 1422
f 1485 1435 1484
f 1484 1435 1436
f 1484 1436 1483
f 1483 1436 1437
f 1483 1437 1482
f 1482 1437 1438
f 1482 1438 1481
f 1481 1438 1439
f 1481 1439 1480
f 1480 1439 1440
f 1480 1440 1479
f 1479 1440 1441
f 1553 1396 1555
f 1555 1396 1395
f 1555 1395 1492
f 1555 1492 1554
f 1554 1492 1493
f 1554 1493 1556
f 1556 1493 1494
f 1556 1494 1557
f 1557 1494 1495
f 1557 1495 1558
f 1558 1495 1496
f 1558 1496 1559
f 1559 1496 1497
f 1559 1497 1560
f 1560 1497 1561
f 1560 1561 1548
f 1548 1561 1547
f 1547 1561 1562
f 1547 1562 1546
f 1546 1562 1563
f 1546 1563 1545
f 1545 1563 1564
f 1545 1564 1544
f 1544 1564 1565
f 1544 1565 1543
f 1543 1565 1566
f 1543 1566 1542
f 1542 1566 1567
f 1542 1567 1568
f 1568 1567 1503
f 1568 1503 1504
f 1497 1498 1561
f 1561 1498 1562
f 1498 1499 1562
f 1562 1499 1563
f 1499 1500 1563
f 1563 1500 1564
f 1500 1501 1564
f 1564 1501 1565
f 1501 1502 1565
f 1565 1502 1566
f 1502 1503 1566
f 1566 1503 1567
f 1568 1504 1569
f 1569 1504 1505
f 1569 1505 1570
f 1570 1505 1506
f 1570 1506 1571
f 1571 1506 1507
f 1571 1507 1508
f 1571 1508 1572
f 1572 1508 1509
f 1572 1509 1573
f 1573 1509 1510
f 1573 1510 1574
f 1574 1510 1511
f 1574 1511 1575
f 1575 1511 1512
f 1575 1512 1576
f 1576 1512 1513
f 1576 1513 1577
f 1577 1513 1514
f 1577 1514 1578
f 1578 1514 1515
f 1578 1515 1516
f 1578 1516 1579
f 1579 1516 1517
f 1579 1517 1580
f 1580 1517 1518
f 1580 1518 1581
f 1581 1518 1519
f 1581 1519 1582
f 1582 1519 1520
f 1582 1520 1583
f 1583 1520 1521
f 1583 1521 1584
f 1584 1521 1522
f 1584 1522 1428
f 1428 1522 1429
f 1428 1523 1584
f 1584 1523 1524
f 1584 1524 1583
f 1583 1524 1525
f 1583 1525 1582
f 1582 1525 1526
f 1582 1526 1581
f 1581 1526 1527
f 1581 1527 1580
f 1580 1527 1528
f 1580 1528 1579
f 1579 1528 1529
f 1579 1529 1578
f 1578 1529 1530
f 1578 1530 1531
f 1578 1531 1577
f 1577 1531 1532
f 1577 1532 1576
f 1576 1532 1533
f 1576 1533 1575
f 1575 1533 1534
f 1575 1534 1574
f 1574 1534 1535
f 1574 1535 1573
f 1573 1535 1536
f 1573 1536 1572
f 1572 1536 1537
f 1572 1537 1571
f 1571 1537 1538
f 1571 1538 1539
f 1571 1539 1570
f 1570 1539 1540
f 1570 1540 1569
f 1569 1540 1541
f 1569 1541 1568
f 1568 1541 1542
f 1560 1548 1559
f 1559 1548 1549
f 1559 1549 1558
f 1558 1549 1550
f 1558 1550 1557
f 1557 1550 1551
f 1557 1551 1556
f 1556 1551 1552
f 1556 1552 1554
f 1554 1552 1553
f 1554 1553 1555
f 1523 1428 1585
f 1585 1428 1427
f 1585 1427 1426
f 1426 1425 1585
f 1585 1425 1424
f 1585 1424 1423
f 1423 1422 1585
f 1585 1422 1421
f 1585 1421 1420
f 1420 1419 1585
f 1585 1419 1418
f 1585 1418 1417
f 1417 1416 1585
f 1585 1416 1415
f 1585 1415 1414
f 1414 1413 1585
f 1585 1413 1412
f 1585 1412 1411
f 1411 1410 1585
f 1585 1410 1409
f 1585 1409 1408
f 1408 1407 1585
f 1585 1407 1406
f 1585 1406 1405
f 1405 1404 1585
f 1585 1404 1403
f 1585 1403 1402
f 1402 1401 1585
f 1585 1401 1400
f 1585 1400 1399
f 1399 1398 1585
f 1585 1398 1397
f 1585 1397 1396
f 1396 1553 1585
f 1585 1553 1552
f 1585 1552 1551
f 1551 1550 1585
f 1585 1550 1549
f 1585 1549 1548
f 1548 1547 1585
f 1585 1547 1546
f 1585 1546 1545
f 1545 1544 1585
f 1585 1544 1543
f 1585 1543 1542
f 1542 1541 1585
f 1585 1541 1540
f 1585 1540 1539
f 1539 1538 1585
f 1585 1538 1537
f 1585 1537 1536
f 1536 1535 1585
f 1585 1535 1534
f 1585 1534 1533
f 1533 1532 1585
f 1585 1532 1531
f 1585 1531 1530
f 1530 1529 1585
f 1585 1529 1528
f 1585 1528 1527
f 1527 1526 1585
f 1585 1526 1525
f 1585 1525 1524
f 1524 1523 1585
f 1492 1395 1586
f 1586 1395 1460
f 1586 1460 1459
f 1459 1458 1586
f 1586 1458 1457
f 1586 1457 1456
f 1456 1455 1586
f 1586 1455 1454
f 1586 1454 1453
f 1453 1452 1586
f 1586 1452 1451
f 1586 1451 1450
f 1450 1449 1586
f 1586 1449 1448
f 1586 1448 1447
f 1447 1446 1586
f 1586 1446 1445
f 1586 1445 1444
f 1444 1443 1586
f 1586 1443 1442
f 1586 1442 1441
f 1441 1440 1586
f 1586 1440 1439
f 1586 1439 1438
f 1438 1437 1586
f 1586 1437 1436
f 1586 1436 1435
f 1435 1434 1586
f 1586 1434 1433
f 1586 1433 1432
f 1432 1431 1586
f 1586 1431 1430
f 1586 1430 1429
f 1429 1522 1586
f 1586 1522 1521
f 1586 1521 1520
f 1520 1519 1586
f 1586 1519 1518
f 1586 1518 1517
f 1517 1516 1586
f 1586 1516 1515
f 1586 1515 1514
f 1514 1513 1586
f 1586 1513 1512
f 1586 1512 1511
f 1511 1510 1586
f 1586 1510 1509
f 1586 1509 1508
f 1508 1507 1586
f 1586 1507 1506
f 1586 1506 1505
f 1505 1504 1586
f 1586 1504 1503
f 1586 1503 1502
f 1502 1501 1586
f 1586 1501 1500
f 1586 1500 1499
f 1499 1498 1586
f 1586 1498 1497
f 1586 1497 1496
f 1496 1495 1586
f 1586 1495 1494
f 1586 1494 1493
f 1493 1492 1586
g MeshBody8

v 133.211746 100.583992 1.320800
v 133.211746 100.583992 1.371600
v 133.215607 100.669579 1.371600
v 133.227646 100.757317 1.371600
v 133.248520 100.846092 1.371600
v 133.278625 100.934616 1.371600
v 133.318161 101.021477 1.371600
v 133.367020 101.105209 1.371600
v 133.424774 101.184357 1.371600
v 133.490738 101.257523 1.371600
v 133.563889 101.323471 1.371600
v 133.643036 101.381233 1.371600
v 133.726776 101.430084 1.371600
v 133.813644 101.469620 1.371600
v 133.902161 101.499733 1.371600
v 133.990936 101.520592 1.371600
v 134.078659 101.532646 1.371600
v 134.164246 101.536491 1.371600
v 134.249832 101.532646 1.371600
v 134.337570 101.520592 1.371600
v 134.426331 101.499733 1.371600
v 134.514862 101.469620 1.371600
v 134.601730 101.430084 1.371600
v 134.685471 101.381233 1.371600
v 134.764618 101.323471 1.371600
v 134.837769 101.257523 1.371600
v 134.903732 101.184357 1.371600
v 134.961487 101.105209 1.371600
v 135.010345 101.021477 1.371600
v 135.049881 100.934616 1.371600
v 135.079987 100.846092 1.371600
v 135.100845 100.757317 1.371600
v 135.112900 100.669579 1.371600
v 135.116745 100.583992 1.371600
v 135.116745 100.583992 1.320800
v 135.112900 100.669579 1.320800
v 135.100845 100.757317 1.320800
v 135.079987 100.846092 1.320800
v 135.049881 100.934616 1.320800
v 135.010345 101.021477 1.320800
v 134.961487 101.105209 1.320800
v 134.903732 101.184357 1.320800
v 134.837769 101.257523 1.320800
v 134.764618 101.323471 1.320800
v 134.685471 101.381233 1.320800
v 134.601730 101.430084 1.320800
v 134.514862 101.469620 1.320800
v 134.426331 101.499733 1.320800
v 134.337570 101.520592 1.320800
v 134.249832 101.532646 1.320800
v 134.164246 101.536491 1.320800
v 134.078659 101.532646 1.320800
v 133.990936 101.520592 1.320800
v 133.902161 101.499733 1.320800
v 133.813644 101.469620 1.320800
v 133.726776 101.430084 1.320800
v 133.643036 101.381233 1.320800
v 133.563889 101.323471 1.320800
v 133.490738 101.257523 1.320800
v 133.424774 101.184357 1.320800
v 133.367020 101.105209 1.320800
v 133.318161 101.021477 1.320800
v 133.278625 100.934616 1.320800
v 133.248520 100.846092 1.320800
v 133.227646 100.757317 1.320800
v 133.215607 100.669579 1.320800
v 133.216812 100.682014 1.346200
v 133.232697 100.782623 1.346200
v 133.260269 100.884132 1.346200
v 133.300064 100.984543 1.346200
v 133.352127 101.081696 1.346200
v 133.416000 101.173386 1.346200
v 133.490738 101.257523 1.346200
v 133.574875 101.332245 1.346200
v 133.666565 101.396126 1.346200
v 133.763702 101.448189 1.346200
v 133.864120 101.487984 1.346200
v 133.965622 101.515556 1.346200
v 134.066238 101.531448 1.346200
v 134.164246 101.536491 1.346200
v 134.262268 101.531448 1.346200
v 134.362885 101.515556 1.346200
v 134.439026 101.496002 1.346200
v 134.514862 101.469620 1.346200
v 134.589478 101.436317 1.346200
v 134.661957 101.396126 1.346200
v 134.731354 101.349274 1.346200
v 134.796768 101.296158 1.346200
v 134.857391 101.237297 1.346200
v 134.912506 101.173386 1.346200
v 134.961487 101.105209 1.346200
v 135.003922 101.033669 1.346200
v 135.039551 100.959663 1.346200
v 135.068222 100.884132 1.346200
v 135.090042 100.807991 1.346200
v 135.105179 100.732094 1.346200
v 135.113937 100.657204 1.346200
v 133.215607 100.498405 1.320800
v 133.227646 100.410683 1.320800
v 133.248520 100.321907 1.320800
v 133.278625 100.233383 1.320800
v 133.318161 100.146523 1.320800
v 133.367020 100.062775 1.320800
v 133.424774 99.983643 1.320800
v 133.490738 99.910477 1.320800
v 133.563889 99.844521 1.320800
v 133.643036 99.786758 1.320800
v 133.726776 99.737915 1.320800
v 133.813644 99.698372 1.320800
v 133.902161 99.668266 1.320800
v 133.990936 99.647408 1.320800
v 134.078659 99.635353 1.320800
v 134.164246 99.631493 1.320800
v 134.249832 99.635353 1.320800
v 134.337570 99.647408 1.320800
v 134.426331 99.668266 1.320800
v 134.514862 99.698372 1.320800
v 134.601730 99.737915 1.320800
v 134.685471 99.786758 1.320800
v 134.764618 99.844521 1.320800
v 134.837769 99.910477 1.320800
v 134.903732 99.983643 1.320800
v 134.961487 100.062775 1.320800
v 135.010345 100.146523 1.320800
v 135.049881 100.233383 1.320800
v 135.079987 100.321907 1.320800
v 135.100845 100.410683 1.320800
v 135.112900 100.498405 1.320800
v 135.112900 100.498405 1.371600
v 135.100845 100.410683 1.371600
v 135.079987 100.321907 1.371600
v 135.049881 100.233383 1.371600
v 135.010345 100.146523 1.371600
v 134.961487 100.062775 1.371600
v 134.903732 99.983643 1.371600
v 134.837769 99.910477 1.371600
v 134.764618 99.844521 1.371600
v 134.685471 99.786758 1.371600
v 134.601730 99.737915 1.371600
v 134.514862 99.698372 1.371600
v 134.426331 99.668266 1.371600
v 134.337570 99.647408 1.371600
v 134.249832 99.635353 1.371600
v 134.164246 99.631493 1.371600
v 134.078659 99.635353 1.371600
v 133.990936 99.647408 1.371600
v 133.902161 99.668266 1.371600
v 133.813644 99.698372 1.371600
v 133.726776 99.737915 1.371600
v 133.643036 99.786758 1.371600
v 133.563889 99.844521 1.371600
v 133.490738 99.910477 1.371600
v 133.424774 99.983643 1.371600
v 133.367020 100.062775 1.371600
v 133.318161 100.146523 1.371600
v 133.278625 100.233383 1.371600
v 133.248520 100.321907 1.371600
v 133.227646 100.410683 1.371600
v 133.215607 100.498405 1.371600
v 133.223343 100.435905 1.346200
v 133.214569 100.510788 1.346200
v 133.238464 100.360008 1.346200
v 133.260269 100.283859 1.346200
v 133.288971 100.208336 1.346200
v 133.324570 100.134331 1.346200
v 133.367020 100.062775 1.346200
v 133.416000 99.994614 1.346200
v 133.471100 99.930702 1.346200
v 133.531738 99.871841 1.346200
v 133.597153 99.818710 1.346200
v 133.666565 99.771873 1.346200
v 133.739029 99.731682 1.346200
v 133.813644 99.698372 1.346200
v 133.889465 99.671997 1.346200
v 133.965622 99.652443 1.346200
v 134.066238 99.636551 1.346200
v 134.164246 99.631493 1.346200
v 134.262268 99.636551 1.346200
v 134.362885 99.652443 1.346200
v 134.464386 99.680016 1.346200
v 134.564804 99.719810 1.346200
v 134.661957 99.771873 1.346200
v 134.753647 99.835747 1.346200
v 134.837769 99.910477 1.346200
v 134.912506 99.994614 1.346200
v 134.976379 100.086304 1.346200
v 135.028442 100.183456 1.346200
v 135.068222 100.283859 1.346200
v 135.095810 100.385376 1.346200
v 135.111694 100.485985 1.346200
v 134.164246 100.583992 1.371600
v 134.164246 100.583992 1.320800
f 1587 1588 1652
f 1652 1588 1653
f 1652 1653 1651
f 1651 1653 1654
f 1651 1654 1650
f 1650 1654 1655
f 1650 1655 1649
f 1649 1655 1656
f 1649 1656 1648
f 1648 1656 1657
f 1648 1657 1647
f 1647 1657 1658
f 1647 1658 1646
f 1646 1658 1659
f 1646 1659 1645
f 1645 1659 1644
f 1644 1659 1660
f 1644 1660 1643
f 1643 1660 1661
f 1643 1661 1642
f 1642 1661 1662
f 1642 1662 1641
f 1641 1662 1663
f 1641 1663 1640
f 1640 1663 1664
f 1640 1664 1639
f 1639 1664 1665
f 1639 1665 1638
f 1638 1665 1666
f 1638 1666 1637
f 1637 1666 1636
f 1636 1666 1667
f 1636 1667 1635
f 1635 1667 1668
f 1635 1668 1634
f 1634 1668 1669
f 1634 1669 1633
f 1633 1669 1670
f 1633 1670 1671
f 1671 1670 1608
f 1671 1608 1609
f 1588 1589 1653
f 1653 1589 1590
f 1653 1590 1654
f 1654 1590 1591
f 1654 1591 1655
f 1655 1591 1592
f 1655 1592 1656
f 1656 1592 1593
f 1656 1593 1657
f 1657 1593 1594
f 1657 1594 1658
f 1658 1594 1595
f 1658 1595 1659
f 1659 1595 1596
f 1659 1596 1597
f 1659 1597 1660
f 1660 1597 1598
f 1660 1598 1661
f 1661 1598 1599
f 1661 1599 1662
f 1662 1599 1600
f 1662 1600 1663
f 1663 1600 1601
f 1663 1601 1664
f 1664 1601 1602
f 1664 1602 1665
f 1665 1602 1603
f 1665 1603 1666
f 1666 1603 1604
f 1666 1604 1605
f 1666 1605 1667
f 1667 1605 1606
f 1667 1606 1668
f 1668 1606 1607
f 1668 1607 1669
f 1669 1607 1608
f 1669 1608 1670
f 1671 1609 1672
f 1672 1609 1610
f 1672 1610 1673
f 1673 1610 1611
f 1673 1611 1674
f 1674 1611 1612
f 1674 1612 1675
f 1675 1612 1613
f 1675 1613 1676
f 1676 1613 1614
f 1676 1614 1677
f 1677 1614 1678
f 1677 1678 1627
f 1627 1678 1626
f 1626 1678 1679
f 1626 1679 1625
f 1625 1679 1680
f 1625 1680 1624
f 1624 1680 1681
f 1624 1681 1623
f 1623 1681 1682
f 1623 1682 1622
f 1622 1682 1683
f 1622 1683 1621
f 1621 1683 1620
f 1620 1683 1619
f 1619 1683 1682
f 1619 1682 1618
f 1618 1682 1681
f 1618 1681 1617
f 1617 1681 1680
f 1617 1680 1616
f 1616 1680 1679
f 1616 1679 1615
f 1615 1679 1678
f 1615 1678 1614
f 1677 1627 1676
f 1676 1627 1628
f 1676 1628 1675
f 1675 1628 1629
f 1675 1629 1674
f 1674 1629 1630
f 1674 1630 1673
f 1673 1630 1631
f 1673 1631 1672
f 1672 1631 1632
f 1672 1632 1671
f 1671 1632 1633
f 1745 1588 1747
f 1747 1588 1587
f 1747 1587 1684
f 1747 1684 1746
f 1746 1684 1685
f 1746 1685 1748
f 1748 1685 1686
f 1748 1686 1749
f 1749 1686 1687
f 1749 1687 1750
f 1750 1687 1688
f 1750 1688 1751
f 1751 1688 1689
f 1751 1689 1752
f 1752 1689 1753
f 1752 1753 1740
f 1740 1753 1739
f 1739 1753 1754
f 1739 1754 1738
f 1738 1754 1755
f 1738 1755 1737
f 1737 1755 1756
f 1737 1756 1736
f 1736 1756 1757
f 1736 1757 1735
f 1735 1757 1758
f 1735 1758 1734
f 1734 1758 1759
f 1734 1759 1760
f 1760 1759 1695
f 1760 1695 1696
f 1689 1690 1753
f 1753 1690 1754
f 1690 1691 1754
f 1754 1691 1755
f 1691 1692 1755
f 1755 1692 1756
f 1692 1693 1756
f 1756 1693 1757
f 1693 1694 1757
f 1757 1694 1758
f 1694 1695 1758
f 1758 1695 1759
f 1760 1696 1761
f 1761 1696 1697
f 1761 1697 1762
f 1762 1697 1698
f 1762 1698 1763
f 1763 1698 1699
f 1763 1699 1700
f 1763 1700 1764
f 1764 1700 1701
f 1764 1701 1765
f 1765 1701 1702
f 1765 1702 1766
f 1766 1702 1703
f 1766 1703 1767
f 1767 1703 1704
f 1767 1704 1768
f 1768 1704 1705
f 1768 1705 1769
f 1769 1705 1706
f 1769 1706 1770
f 1770 1706 1707
f 1770 1707 1708
f 1770 1708 1771
f 1771 1708 1709
f 1771 1709 1772
f 1772 1709 1710
f 1772 1710 1773
f 1773 1710 1711
f 1773 1711 1774
f 1774 1711 1712
f 1774 1712 1775
f 1775 1712 1713
f 1775 1713 1776
f 1776 1713 1714
f 1776 1714 1620
f 1620 1714 1621
f 1620 1715 1776
f 1776 1715 1716
f 1776 1716 1775
f 1775 1716 1717
f 1775 1717 1774
f 1774 1717 1718
f 1774 1718 1773
f 1773 1718 1719
f 1773 1719 1772
f 1772 1719 1720
f 1772 1720 1771
f 1771 1720 1721
f 1771 1721 1770
f 1770 1721 1722
f 1770 1722 1723
f 1770 1723 1769
f 1769 1723 1724
f 1769 1724 1768
f 1768 1724 1725
f 1768 1725 1767
f 1767 1725 1726
f 1767 1726 1766
f 1766 1726 1727
f 1766 1727 1765
f 1765 1727 1728
f 1765 1728 1764
f 1764 1728 1729
f 1764 1729 1763
f 1763 1729 1730
f 1763 1730 1731
f 1763 1731 1762
f 1762 1731 1732
f 1762 1732 1761
f 1761 1732 1733
f 1761 1733 1760
f 1760 1733 1734
f 1752 1740 1751
f 1751 1740 1741
f 1751 1741 1750
f 1750 1741 1742
f 1750 1742 1749
f 1749 1742 1743
f 1749 1743 1748
f 1748 1743 1744
f 1748 1744 1746
f 1746 1744 1745
f 1746 1745 1747
f 1715 1620 1777
f 1777 1620 1619
f 1777 1619 1618
f 1618 1617 1777
f 1777 1617 1616
f 1777 1616 1615
f 1615 1614 1777
f 1777 1614 1613
f 1777 1613 1612
f 1612 1611 1777
f 1777 1611 1610
f 1777 1610 1609
f 1609 1608 1777
f 1777 1608 1607
f 1777 1607 1606
f 1606 1605 1777
f 1777 1605 1604
f 1777 1604 1603
f 1603 1602 1777
f 1777 1602 1601
f 1777 1601 1600
f 1600 1599 1777
f 1777 1599 1598
f 1777 1598 1597
f 1597 1596 1777
f 1777 1596 1595
f 1777 1595 1594
f 1594 1593 1777
f 1777 1593 1592
f 1777 1592 1591
f 1591 1590 1777
f 1777 1590 1589
f 1777 1589 1588
f 1588 1745 1777
f 1777 1745 1744
f 1777 1744 1743
f 1743 1742 1777
f 1777 1742 1741
f 1777 1741 1740
f 1740 1739 1777
f 1777 1739 1738
f 1777 1738 1737
f 1737 1736 1777
f 1777 1736 1735
f 1777 1735 1734
f 1734 1733 1777
f 1777 1733 1732
f 1777 1732 1731
f 1731 1730 1777
f 1777 1730 1729
f 1777 1729 1728
f 1728 1727 1777
f 1777 1727 1726
f 1777 1726 1725
f 1725 1724 1777
f 1777 1724 1723
f 1777 1723 1722
f 1722 1721 1777
f 1777 1721 1720
f 1777 1720 1719
f 1719 1718 1777
f 1777 1718 1717
f 1777 1717 1716
f 1716 1715 1777
f 1684 1587 1778
f 1778 1587 1652
f 1778 1652 1651
f 1651 1650 1778
f 1778 1650 1649
f 1778 1649 1648
f 1648 1647 1778
f 1778 1647 1646
f 1778 1646 1645
f 1645 1644 1778
f 1778 1644 1643
f 1778 1643 1642
f 1642 1641 1778
f 1778 1641 1640
f 1778 1640 1639
f 1639 1638 1778
f 1778 1638 1637
f 1778 1637 1636
f 1636 1635 1778
f 1778 1635 1634
f 1778 1634 1633
f 1633 1632 1778
f 1778 1632 1631
f 1778 1631 1630
f 1630 1629 1778
f 1778 1629 1628
f 1778 1628 1627
f 1627 1626 1778
f 1778 1626 1625
f 1778 1625 1624
f 1624 1623 1778
f 1778 1623 1622
f 1778 1622 1621
f 1621 1714 1778
f 1778 1714 1713
f 1778 1713 1712
f 1712 1711 1778
f 1778 1711 1710
f 1778 1710 1709
f 1709 1708 1778
f 1778 1708 1707
f 1778 1707 1706
f 1706 1705 1778
f 1778 1705 1704
f 1778 1704 1703
f 1703 1702 1778
f 1778 1702 1701
f 1778 1701 1700
f 1700 1699 1778
f 1778 1699 1698
f 1778 1698 1697
f 1697 1696 1778
f 1778 1696 1695
f 1778 1695 1694
f 1694 1693 1778
f 1778 1693 1692
f 1778 1692 1691
f 1691 1690 1778
f 1778 1690 1689
f 1778 1689 1688
f 1688 1687 1778
f 1778 1687 1686
f 1778 1686 1685
f 1685 1684 1778
g MeshBody9

v 57.926155 25.298399 1.320800
v 57.926155 25.298399 1.371600
v 57.930004 25.383986 1.371600
v 57.942055 25.471720 1.371600
v 57.962921 25.560490 1.371600
v 57.993031 25.649010 1.371600
v 58.032562 25.735878 1.371600
v 58.081413 25.819618 1.371600
v 58.139179 25.898758 1.371600
v 58.205132 25.971920 1.371600
v 58.278297 26.037874 1.371600
v 58.357433 26.095638 1.371600
v 58.441174 26.144489 1.371600
v 58.528046 26.184025 1.371600
v 58.616566 26.214130 1.371600
v 58.705334 26.234997 1.371600
v 58.793068 26.247046 1.371600
v 58.878654 26.250900 1.371600
v 58.964241 26.247046 1.371600
v 59.051975 26.234997 1.371600
v 59.140739 26.214130 1.371600
v 59.229267 26.184025 1.371600
v 59.316132 26.144489 1.371600
v 59.399872 26.095638 1.371600
v 59.479015 26.037874 1.371600
v 59.552174 25.971920 1.371600
v 59.618130 25.898758 1.371600
v 59.675892 25.819618 1.371600
v 59.724747 25.735878 1.371600
v 59.764278 25.649010 1.371600
v 59.794388 25.560490 1.371600
v 59.815254 25.471720 1.371600
v 59.827301 25.383986 1.371600
v 59.831154 25.298399 1.371600
v 59.831154 25.298399 1.320800
v 59.827301 25.383986 1.320800
v 59.815254 25.471720 1.320800
v 59.794388 25.560490 1.320800
v 59.764278 25.649010 1.320800
v 59.724747 25.735878 1.320800
v 59.675892 25.819618 1.320800
v 59.618130 25.898758 1.320800
v 59.552174 25.971920 1.320800
v 59.479015 26.037874 1.320800
v 59.399872 26.095638 1.320800
v 59.316132 26.144489 1.320800
v 59.229267 26.184025 1.320800
v 59.140739 26.214130 1.320800
v 59.051975 26.234997 1.320800
v 58.964241 26.247046 1.320800
v 58.878654 26.250900 1.320800
v 58.793068 26.247046 1.320800
v 58.705334 26.234997 1.320800
v 58.616566 26.214130 1.320800
v 58.528046 26.184025 1.320800
v 58.441174 26.144489 1.320800
v 58.357433 26.095638 1.320800
v 58.278297 26.037874 1.320800
v 58.205132 25.971920 1.320800
v 58.139179 25.898758 1.320800
v 58.081413 25.819618 1.320800
v 58.032562 25.735878 1.320800
v 57.993031 25.649010 1.320800
v 57.962921 25.560490 1.320800
v 57.942055 25.471720 1.320800
v 57.930004 25.383986 1.320800
v 57.931210 25.396412 1.346200
v 57.947098 25.497028 1.346200
v 57.974678 25.598536 1.346200
v 58.014465 25.698944 1.346200
v 58.066528 25.796097 1.346200
v 58.130405 25.887787 1.346200
v 58.205132 25.971920 1.346200
v 58.289265 26.046648 1.346200
v 58.380955 26.110527 1.346200
v 58.478111 26.162586 1.346200
v 58.578518 26.202375 1.346200
v 58.680023 26.229959 1.346200
v 58.780640 26.245844 1.346200
v 58.878654 26.250900 1.346200
v 58.976665 26.245844 1.346200
v 59.077286 26.229959 1.346200
v 59.153435 26.210403 1.346200
v 59.229267 26.184025 1.346200
v 59.303879 26.150715 1.346200
v 59.376350 26.110527 1.346200
v 59.445751 26.063683 1.346200
v 59.511177 26.010561 1.346200
v 59.571804 25.951700 1.346200
v 59.626904 25.887787 1.346200
v 59.675892 25.819618 1.346200
v 59.718330 25.748068 1.346200
v 59.753944 25.674063 1.346200
v 59.782631 25.598536 1.346200
v 59.804440 25.522396 1.346200
v 59.819569 25.446493 1.346200
v 59.828339 25.371605 1.346200
v 57.930004 25.212814 1.320800
v 57.942055 25.125080 1.320800
v 57.962921 25.036310 1.320800
v 57.993031 24.947788 1.320800
v 58.032562 24.860922 1.320800
v 58.081413 24.777182 1.320800
v 58.139179 24.698042 1.320800
v 58.205132 24.624880 1.320800
v 58.278297 24.558922 1.320800
v 58.357433 24.501162 1.320800
v 58.441174 24.452309 1.320800
v 58.528046 24.412775 1.320800
v 58.616566 24.382668 1.320800
v 58.705334 24.361803 1.320800
v 58.793068 24.349754 1.320800
v 58.878654 24.345900 1.320800
v 58.964241 24.349754 1.320800
v 59.051975 24.361803 1.320800
v 59.140739 24.382668 1.320800
v 59.229267 24.412775 1.320800
v 59.316132 24.452309 1.320800
v 59.399872 24.501162 1.320800
v 59.479015 24.558922 1.320800
v 59.552174 24.624880 1.320800
v 59.618130 24.698042 1.320800
v 59.675892 24.777182 1.320800
v 59.724747 24.860922 1.320800
v 59.764278 24.947788 1.320800
v 59.794388 25.036310 1.320800
v 59.815254 25.125080 1.320800
v 59.827301 25.212814 1.320800
v 59.827301 25.212814 1.371600
v 59.815254 25.125080 1.371600
v 59.794388 25.036310 1.371600
v 59.764278 24.947788 1.371600
v 59.724747 24.860922 1.371600
v 59.675892 24.777182 1.371600
v 59.618130 24.698042 1.371600
v 59.552174 24.624880 1.371600
v 59.479015 24.558922 1.371600
v 59.399872 24.501162 1.371600
v 59.316132 24.452309 1.371600
v 59.229267 24.412775 1.371600
v 59.140739 24.382668 1.371600
v 59.051975 24.361803 1.371600
v 58.964241 24.349754 1.371600
v 58.878654 24.345900 1.371600
v 58.793068 24.349754 1.371600
v 58.705334 24.361803 1.371600
v 58.616566 24.382668 1.371600
v 58.528046 24.412775 1.371600
v 58.441174 24.452309 1.371600
v 58.357433 24.501162 1.371600
v 58.278297 24.558922 1.371600
v 58.205132 24.624880 1.371600
v 58.139179 24.698042 1.371600
v 58.081413 24.777182 1.371600
v 58.032562 24.860922 1.371600
v 57.993031 24.947788 1.371600
v 57.962921 25.036310 1.371600
v 57.942055 25.125080 1.371600
v 57.930004 25.212814 1.371600
v 57.937737 25.150303 1.346200
v 57.928974 25.225195 1.346200
v 57.952866 25.074404 1.346200
v 57.974678 24.998262 1.346200
v 58.003365 24.922737 1.346200
v 58.038975 24.848732 1.346200
v 58.081413 24.777182 1.346200
v 58.130405 24.709013 1.346200
v 58.185509 24.645100 1.346200
v 58.246132 24.586239 1.346200
v 58.311558 24.533117 1.346200
v 58.380955 24.486271 1.346200
v 58.453426 24.446085 1.346200
v 58.528046 24.412775 1.346200
v 58.603874 24.386396 1.346200
v 58.680023 24.366840 1.346200
v 58.780640 24.350956 1.346200
v 58.878654 24.345900 1.346200
v 58.976665 24.350956 1.346200
v 59.077286 24.366840 1.346200
v 59.178791 24.394421 1.346200
v 59.279202 24.434214 1.346200
v 59.376350 24.486271 1.346200
v 59.468040 24.550150 1.346200
v 59.552174 24.624880 1.346200
v 59.626904 24.709013 1.346200
v 59.690784 24.800703 1.346200
v 59.742840 24.897856 1.346200
v 59.782631 24.998262 1.346200
v 59.810215 25.099771 1.346200
v 59.826099 25.200388 1.346200
v 58.878654 25.298399 1.371600
v 58.878654 25.298399 1.320800
f 1779 1780 1844
f 1844 1780 1845
f 1844 1845 1843
f 1843 1845 1846
f 1843 1846 1842
f 1842 1846 1847
f 1842 1847 1841
f 1841 1847 1848
f 1841 1848 1840
f 1840 1848 1849
f 1840 1849 1839
f 1839 1849 1850
f 1839 1850 1838
f 1838 1850 1851
f 1838 1851 1837
f 1837 1851 1836
f 1836 1851 1852
f 1836 1852 1835
f 1835 1852 1853
f 1835 1853 1834
f 1834 1853 1854
f 1834 1854 1833
f 1833 1854 1855
f 1833 1855 1832
f 1832 1855 1856
f 1832 1856 1831
f 1831 1856 1857
f 1831 1857 1830
f 1830 1857 1858
f 1830 1858 1829
f 1829 1858 1828
f 1828 1858 1859
f 1828 1859 1827
f 1827 1859 1860
f 1827 1860 1826
f 1826 1860 1861
f 1826 1861 1825
f 1825 1861 1862
f 1825 1862 1863
f 1863 1862 1800
f 1863 1800 1801
f 1780 1781 1845
f 1845 1781 1782
f 1845 1782 1846
f 1846 1782 1783
f 1846 1783 1847
f 1847 1783 1784
f 1847 1784 1848
f 1848 1784 1785
f 1848 1785 1849
f 1849 1785 1786
f 1849 1786 1850
f 1850 1786 1787
f 1850 1787 1851
f 1851 1787 1788
f 1851 1788 1789
f 1851 1789 1852
f 1852 1789 1790
f 1852 1790 1853
f 1853 1790 1791
f 1853 1791 1854
f 1854 1791 1792
f 1854 1792 1855
f 1855 1792 1793
f 1855 1793 1856
f 1856 1793 1794
f 1856 1794 1857
f 1857 1794 1795
f 1857 1795 1858
f 1858 1795 1796
f 1858 1796 1797
f 1858 1797 1859
f 1859 1797 1798
f 1859 1798 1860
f 1860 1798 1799
f 1860 1799 1861
f 1861 1799 1800
f 1861 1800 1862
f 1863 1801 1864
f 1864 1801 1802
f 1864 1802 1865
f 1865 1802 1803
f 1865 1803 1866
f 1866 1803 1804
f 1866 1804 1867
f 1867 1804 1805
f 1867 1805 1868
f 1868 1805 1806
f 1868 1806 1869
f 1869 1806 1870
f 1869 1870 1819
f 1819 1870 1818
f 1818 1870 1871
f 1818 1871 1817
f 1817 1871 1872
f 1817 1872 1816
f 1816 1872 1873
f 1816 1873 1815
f 1815 1873 1874
f 1815 1874 1814
f 1814 1874 1875
f 1814 1875 1813
f 1813 1875 1812
f 1812 1875 1811
f 1811 1875 1874
f 1811 1874 1810
f 1810 1874 1873
f 1810 1873 1809
f 1809 1873 1872
f 1809 1872 1808
f 1808 1872 1871
f 1808 1871 1807
f 1807 1871 1870
f 1807 1870 1806
f 1869 1819 1868
f 1868 1819 1820
f 1868 1820 1867
f 1867 1820 1821
f 1867 1821 1866
f 1866 1821 1822
f 1866 1822 1865
f 1865 1822 1823
f 1865 1823 1864
f 1864 1823 1824
f 1864 1824 1863
f 1863 1824 1825
f 1937 1780 1939
f 1939 1780 1779
f 1939 1779 1876
f 1939 1876 1938
f 1938 1876 1877
f 1938 1877 1940
f 1940 1877 1878
f 1940 1878 1941
f 1941 1878 1879
f 1941 1879 1942
f 1942 1879 1880
f 1942 1880 1943
f 1943 1880 1881
f 1943 1881 1944
f 1944 1881 1945
f 1944 1945 1932
f 1932 1945 1931
f 1931 1945 1946
f 1931 1946 1930
f 1930 1946 1947
f 1930 1947 1929
f 1929 1947 1948
f 1929 1948 1928
f 1928 1948 1949
f 1928 1949 1927
f 1927 1949 1950
f 1927 1950 1926
f 1926 1950 1951
f 1926 1951 1952
f 1952 1951 1887
f 1952 1887 1888
f 1881 1882 1945
f 1945 1882 1946
f 1882 1883 1946
f 1946 1883 1947
f 1883 1884 1947
f 1947 1884 1948
f 1884 1885 1948
f 1948 1885 1949
f 1885 1886 1949
f 1949 1886 1950
f 1886 1887 1950
f 1950 1887 1951
f 1952 1888 1953
f 1953 1888 1889
f 1953 1889 1954
f 1954 1889 1890
f 1954 1890 1955
f 1955 1890 1891
f 1955 1891 1892
f 1955 1892 1956
f 1956 1892 1893
f 1956 1893 1957
f 1957 1893 1894
f 1957 1894 1958
f 1958 1894 1895
f 1958 1895 1959
f 1959 1895 1896
f 1959 1896 1960
f 1960 1896 1897
f 1960 1897 1961
f 1961 1897 1898
f 1961 1898 1962
f 1962 1898 1899
f 1962 1899 1900
f 1962 1900 1963
f 1963 1900 1901
f 1963 1901 1964
f 1964 1901 1902
f 1964 1902 1965
f 1965 1902 1903
f 1965 1903 1966
f 1966 1903 1904
f 1966 1904 1967
f 1967 1904 1905
f 1967 1905 1968
f 1968 1905 1906
f 1968 1906 1812
f 1812 1906 1813
f 1812 1907 1968
f 1968 1907 1908
f 1968 1908 1967
f 1967 1908 1909
f 1967 1909 1966
f 1966 1909 1910
f 1966 1910 1965
f 1965 1910 1911
f 1965 1911 1964
f 1964 1911 1912
f 1964 1912 1963
f 1963 1912 1913
f 1963 1913 1962
f 1962 1913 1914
f 1962 1914 1915
f 1962 1915 1961
f 1961 1915 1916
f 1961 1916 1960
f 1960 1916 1917
f 1960 1917 1959
f 1959 1917 1918
f 1959 1918 1958
f 1958 1918 1919
f 1958 1919 1957
f 1957 1919 1920
f 1957 1920 1956
f 1956 1920 1921
f 1956 1921 1955
f 1955 1921 1922
f 1955 1922 1923
f 1955 1923 1954
f 1954 1923 1924
f 1954 1924 1953
f 1953 1924 1925
f 1953 1925 1952
f 1952 1925 1926
f 1944 1932 1943
f 1943 1932 1933
f 1943 1933 1942
f 1942 1933 1934
f 1942 1934 1941
f 1941 1934 1935
f 1941 1935 1940
f 1940 1935 1936
f 1940 1936 1938
f 1938 1936 1937
f 1938 1937 1939
f 1907 1812 1969
f 1969 1812 1811
f 1969 1811 1810
f 1810 1809 1969
f 1969 1809 1808
f 1969 1808 1807
f 1807 1806 1969
f 1969 1806 1805
f 1969 1805 1804
f 1804 1803 1969
f 1969 1803 1802
f 1969 1802 1801
f 1801 1800 1969
f 1969 1800 1799
f 1969 1799 1798
f 1798 1797 1969
f 1969 1797 1796
f 1969 1796 1795
f 1795 1794 1969
f 1969 1794 1793
f 1969 1793 1792
f 1792 1791 1969
f 1969 1791 1790
f 1969 1790 1789
f 1789 1788 1969
f 1969 1788 1787
f 1969 1787 1786
f 1786 1785 1969
f 1969 1785 1784
f 1969 1784 1783
f 1783 1782 1969
f 1969 1782 1781
f 1969 1781 1780
f 1780 1937 1969
f 1969 1937 1936
f 1969 1936 1935
f 1935 1934 1969
f 1969 1934 1933
f 1969 1933 1932
f 1932 1931 1969
f 1969 1931 1930
f 1969 1930 1929
f 1929 1928 1969
f 1969 1928 1927
f 1969 1927 1926
f 1926 1925 1969
f 1969 1925 1924
f 1969 1924 1923
f 1923 1922 1969
f 1969 1922 1921
f 1969 1921 1920
f 1920 1919 1969
f 1969 1919 1918
f 1969 1918 1917
f 1917 1916 1969
f 1969 1916 1915
f 1969 1915 1914
f 1914 1913 1969
f 1969 1913 1912
f 1969 1912 1911
f 1911 1910 1969
f 1969 1910 1909
f 1969 1909 1908
f 1908 1907 1969
f 1876 1779 1970
f 1970 1779 1844
f 1970 1844 1843
f 1843 1842 1970
f 1970 1842 1841
f 1970 1841 1840
f 1840 1839 1970
f 1970 1839 1838
f 1970 1838 1837
f 1837 1836 1970
f 1970 1836 1835
f 1970 1835 1834
f 1834 1833 1970
f 1970 1833 1832
f 1970 1832 1831
f 1831 1830 1970
f 1970 1830 1829
f 1970 1829 1828
f 1828 1827 1970
f 1970 1827 1826
f 1970 1826 1825
f 1825 1824 1970
f 1970 1824 1823
f 1970 1823 1822
f 1822 1821 1970
f 1970 1821 1820
f 1970 1820 1819
f 1819 1818 1970
f 1970 1818 1817
f 1970 1817 1816
f 1816 1815 1970
f 1970 1815 1814
f 1970 1814 1813
f 1813 1906 1970
f 1970 1906 1905
f 1970 1905 1904
f 1904 1903 1970
f 1970 1903 1902
f 1970 1902 1901
f 1901 1900 1970
f 1970 1900 1899
f 1970 1899 1898
f 1898 1897 1970
f 1970 1897 1896
f 1970 1896 1895
f 1895 1894 1970
f 1970 1894 1893
f 1970 1893 1892
f 1892 1891 1970
f 1970 1891 1890
f 1970 1890 1889
f 1889 1888 1970
f 1970 1888 1887
f 1970 1887 1886
f 1886 1885 1970
f 1970 1885 1884
f 1970 1884 1883
f 1883 1882 1970
f 1970 1882 1881
f 1970 1881 1880
f 1880 1879 1970
f 1970 1879 1878
f 1970 1878 1877
f 1877 1876 1970
g MeshBody10

v 133.211746 75.488800 1.320800
v 133.211746 75.488800 1.371600
v 133.215607 75.574387 1.371600
v 133.227646 75.662117 1.371600
v 133.248520 75.750885 1.371600
v 133.278625 75.839409 1.371600
v 133.318161 75.926277 1.371600
v 133.367020 76.010017 1.371600
v 133.424774 76.089157 1.371600
v 133.490738 76.162315 1.371600
v 133.563889 76.228279 1.371600
v 133.643036 76.286034 1.371600
v 133.726776 76.334892 1.371600
v 133.813644 76.374420 1.371600
v 133.902161 76.404533 1.371600
v 133.990936 76.425400 1.371600
v 134.078659 76.437447 1.371600
v 134.164246 76.441299 1.371600
v 134.249832 76.437447 1.371600
v 134.337570 76.425400 1.371600
v 134.426331 76.404533 1.371600
v 134.514862 76.374420 1.371600
v 134.601730 76.334892 1.371600
v 134.685471 76.286034 1.371600
v 134.764618 76.228279 1.371600
v 134.837769 76.162315 1.371600
v 134.903732 76.089157 1.371600
v 134.961487 76.010017 1.371600
v 135.010345 75.926277 1.371600
v 135.049881 75.839409 1.371600
v 135.079987 75.750885 1.371600
v 135.100845 75.662117 1.371600
v 135.112900 75.574387 1.371600
v 135.116745 75.488800 1.371600
v 135.116745 75.488800 1.320800
v 135.112900 75.574387 1.320800
v 135.100845 75.662117 1.320800
v 135.079987 75.750885 1.320800
v 135.049881 75.839409 1.320800
v 135.010345 75.926277 1.320800
v 134.961487 76.010017 1.320800
v 134.903732 76.089157 1.320800
v 134.837769 76.162315 1.320800
v 134.764618 76.228279 1.320800
v 134.685471 76.286034 1.320800
v 134.601730 76.334892 1.320800
v 134.514862 76.374420 1.320800
v 134.426331 76.404533 1.320800
v 134.337570 76.425400 1.320800
v 134.249832 76.437447 1.320800
v 134.164246 76.441299 1.320800
v 134.078659 76.437447 1.320800
v 133.990936 76.425400 1.320800
v 133.902161 76.404533 1.320800
v 133.813644 76.374420 1.320800
v 133.726776 76.334892 1.320800
v 133.643036 76.286034 1.320800
v 133.563889 76.228279 1.320800
v 133.490738 76.162315 1.320800
v 133.424774 76.089157 1.320800
v 133.367020 76.010017 1.320800
v 133.318161 75.926277 1.320800
v 133.278625 75.839409 1.320800
v 133.248520 75.750885 1.320800
v 133.227646 75.662117 1.320800
v 133.215607 75.574387 1.320800
v 133.216812 75.586807 1.346200
v 133.232697 75.687431 1.346200
v 133.260269 75.788933 1.346200
v 133.300064 75.889343 1.346200
v 133.352127 75.986496 1.346200
v 133.416000 76.078186 1.346200
v 133.490738 76.162315 1.346200
v 133.574875 76.237053 1.346200
v 133.666565 76.300926 1.346200
v 133.763702 76.352982 1.346200
v 133.864120 76.392776 1.346200
v 133.965622 76.420357 1.346200
v 134.066238 76.436241 1.346200
v 134.164246 76.441299 1.346200
v 134.262268 76.436241 1.346200
v 134.362885 76.420357 1.346200
v 134.439026 76.400803 1.346200
v 134.514862 76.374420 1.346200
v 134.589478 76.341118 1.346200
v 134.661957 76.300926 1.346200
v 134.731354 76.254082 1.346200
v 134.796768 76.200958 1.346200
v 134.857391 76.142097 1.346200
v 134.912506 76.078186 1.346200
v 134.961487 76.010017 1.346200
v 135.003922 75.938461 1.346200
v 135.039551 75.864464 1.346200
v 135.068222 75.788933 1.346200
v 135.090042 75.712791 1.346200
v 135.105179 75.636894 1.346200
v 135.113937 75.562004 1.346200
v 133.215607 75.403214 1.320800
v 133.227646 75.315475 1.320800
v 133.248520 75.226707 1.320800
v 133.278625 75.138191 1.320800
v 133.318161 75.051315 1.320800
v 133.367020 74.967583 1.320800
v 133.424774 74.888443 1.320800
v 133.490738 74.815285 1.320800
v 133.563889 74.749321 1.320800
v 133.643036 74.691559 1.320800
v 133.726776 74.642708 1.320800
v 133.813644 74.603180 1.320800
v 133.902161 74.573067 1.320800
v 133.990936 74.552200 1.320800
v 134.078659 74.540154 1.320800
v 134.164246 74.536301 1.320800
v 134.249832 74.540154 1.320800
v 134.337570 74.552200 1.320800
v 134.426331 74.573067 1.320800
v 134.514862 74.603180 1.320800
v 134.601730 74.642708 1.320800
v 134.685471 74.691559 1.320800
v 134.764618 74.749321 1.320800
v 134.837769 74.815285 1.320800
v 134.903732 74.888443 1.320800
v 134.961487 74.967583 1.320800
v 135.010345 75.051315 1.320800
v 135.049881 75.138191 1.320800
v 135.079987 75.226707 1.320800
v 135.100845 75.315475 1.320800
v 135.112900 75.403214 1.320800
v 135.112900 75.403214 1.371600
v 135.100845 75.315475 1.371600
v 135.079987 75.226707 1.371600
v 135.049881 75.138191 1.371600
v 135.010345 75.051315 1.371600
v 134.961487 74.967583 1.371600
v 134.903732 74.888443 1.371600
v 134.837769 74.815285 1.371600
v 134.764618 74.749321 1.371600
v 134.685471 74.691559 1.371600
v 134.601730 74.642708 1.371600
v 134.514862 74.603180 1.371600
v 134.426331 74.573067 1.371600
v 134.337570 74.552200 1.371600
v 134.249832 74.540154 1.371600
v 134.164246 74.536301 1.371600
v 134.078659 74.540154 1.371600
v 133.990936 74.552200 1.371600
v 133.902161 74.573067 1.371600
v 133.813644 74.603180 1.371600
v 133.726776 74.642708 1.371600
v 133.643036 74.691559 1.371600
v 133.563889 74.749321 1.371600
v 133.490738 74.815285 1.371600
v 133.424774 74.888443 1.371600
v 133.367020 74.967583 1.371600
v 133.318161 75.051315 1.371600
v 133.278625 75.138191 1.371600
v 133.248520 75.226707 1.371600
v 133.227646 75.315475 1.371600
v 133.215607 75.403214 1.371600
v 133.223343 75.340706 1.346200
v 133.214569 75.415596 1.346200
v 133.238464 75.264801 1.346200
v 133.260269 75.188660 1.346200
v 133.288971 75.113136 1.346200
v 133.324570 75.039131 1.346200
v 133.367020 74.967583 1.346200
v 133.416000 74.899406 1.346200
v 133.471100 74.835503 1.346200
v 133.531738 74.776634 1.346200
v 133.597153 74.723511 1.346200
v 133.666565 74.676674 1.346200
v 133.739029 74.636482 1.346200
v 133.813644 74.603180 1.346200
v 133.889465 74.576797 1.346200
v 133.965622 74.557243 1.346200
v 134.066238 74.541351 1.346200
v 134.164246 74.536301 1.346200
v 134.262268 74.541351 1.346200
v 134.362885 74.557243 1.346200
v 134.464386 74.584824 1.346200
v 134.564804 74.624611 1.346200
v 134.661957 74.676674 1.346200
v 134.753647 74.740547 1.346200
v 134.837769 74.815285 1.346200
v 134.912506 74.899406 1.346200
v 134.976379 74.991096 1.346200
v 135.028442 75.088257 1.346200
v 135.068222 75.188660 1.346200
v 135.095810 75.290169 1.346200
v 135.111694 75.390785 1.346200
v 134.164246 75.488800 1.371600
v 134.164246 75.488800 1.320800
f 1971 1972 2036
f 2036 1972 2037
f 2036 2037 2035
f 2035 2037 2038
f 2035 2038 2034
f 2034 2038 2039
f 2034 2039 2033
f 2033 2039 2040
f 2033 2040 2032
f 2032 2040 2041
f 2032 2041 2031
f 2031 2041 2042
f 2031 2042 2030
f 2030 2042 2043
f 2030 2043 2029
f 2029 2043 2028
f 2028 2043 2044
f 2028 2044 2027
f 2027 2044 2045
f 2027 2045 2026
f 2026 2045 2046
f 2026 2046 2025
f 2025 2046 2047
f 2025 2047 2024
f 2024 2047 2048
f 2024 2048 2023
f 2023 2048 2049
f 2023 2049 2022
f 2022 2049 2050
f 2022 2050 2021
f 2021 2050 2020
f 2020 2050 2051
f 2020 2051 2019
f 2019 2051 2052
f 2019 2052 2018
f 2018 2052 2053
f 2018 2053 2017
f 2017 2053 2054
f 2017 2054 2055
f 2055 2054 1992
f 2055 1992 1993
f 1972 1973 2037
f 2037 1973 1974
f 2037 1974 2038
f 2038 1974 1975
f 2038 1975 2039
f 2039 1975 1976
f 2039 1976 2040
f 2040 1976 1977
f 2040 1977 2041
f 2041 1977 1978
f 2041 1978 2042
f 2042 1978 1979
f 2042 1979 2043
f 2043 1979 1980
f 2043 1980 1981
f 2043 1981 2044
f 2044 1981 1982
f 2044 1982 2045
f 2045 1982 1983
f 2045 1983 2046
f 2046 1983 1984
f 2046 1984 2047
f 2047 1984 1985
f 2047 1985 2048
f 2048 1985 1986
f 2048 1986 2049
f 2049 1986 1987
f 2049 1987 2050
f 2050 1987 1988
f 2050 1988 1989
f 2050 1989 2051
f 2051 1989 1990
f 2051 1990 2052
f 2052 1990 1991
f 2052 1991 2053
f 2053 1991 1992
f 2053 1992 2054
f 2055 1993 2056
f 2056 1993 1994
f 2056 1994 2057
f 2057 1994 1995
f 2057 1995 2058
f 2058 1995 1996
f 2058 1996 2059
f 2059 1996 1997
f 2059 1997 2060
f 2060 1997 1998
f 2060 1998 2061
f 2061 1998 2062
f 2061 2062 2011
f 2011 2062 2010
f 2010 2062 2063
f 2010 2063 2009
f 2009 2063 2064
f 2009 2064 2008
f 2008 2064 2065
f 2008 2065 2007
f 2007 2065 2066
f 2007 2066 2006
f 2006 2066 2067
f 2006 2067 2005
f 2005 2067 2004
f 2004 2067 2003
f 2003 2067 2066
f 2003 2066 2002
f 2002 2066 2065
f 2002 2065 2001
f 2001 2065 2064
f 2001 2064 2000
f 2000 2064 2063
f 2000 2063 1999
f 1999 2063 2062
f 1999 2062 1998
f 2061 2011 2060
f 2060 2011 2012
f 2060 2012 2059
f 2059 2012 2013
f 2059 2013 2058
f 2058 2013 2014
f 2058 2014 2057
f 2057 2014 2015
f 2057 2015 2056
f 2056 2015 2016
f 2056 2016 2055
f 2055 2016 2017
f 2129 1972 2131
f 2131 1972 1971
f 2131 1971 2068
f 2131 2068 2130
f 2130 2068 2069
f 2130 2069 2132
f 2132 2069 2070
f 2132 2070 2133
f 2133 2070 2071
f 2133 2071 2134
f 2134 2071 2072
f 2134 2072 2135
f 2135 2072 2073
f 2135 2073 2136
f 2136 2073 2137
f 2136 2137 2124
f 2124 2137 2123
f 2123 2137 2138
f 2123 2138 2122
f 2122 2138 2139
f 2122 2139 2121
f 2121 2139 2140
f 2121 2140 2120
f 2120 2140 2141
f 2120 2141 2119
f 2119 2141 2142
f 2119 2142 2118
f 2118 2142 2143
f 2118 2143 2144
f 2144 2143 2079
f 2144 2079 2080
f 2073 2074 2137
f 2137 2074 2138
f 2074 2075 2138
f 2138 2075 2139
f 2075 2076 2139
f 2139 2076 2140
f 2076 2077 2140
f 2140 2077 2141
f 2077 2078 2141
f 2141 2078 2142
f 2078 2079 2142
f 2142 2079 2143
f 2144 2080 2145
f 2145 2080 2081
f 2145 2081 2146
f 2146 2081 2082
f 2146 2082 2147
f 2147 2082 2083
f 2147 2083 2084
f 2147 2084 2148
f 2148 2084 2085
f 2148 2085 2149
f 2149 2085 2086
f 2149 2086 2150
f 2150 2086 2087
f 2150 2087 2151
f 2151 2087 2088
f 2151 2088 2152
f 2152 2088 2089
f 2152 2089 2153
f 2153 2089 2090
f 2153 2090 2154
f 2154 2090 2091
f 2154 2091 2092
f 2154 2092 2155
f 2155 2092 2093
f 2155 2093 2156
f 2156 2093 2094
f 2156 2094 2157
f 2157 2094 2095
f 2157 2095 2158
f 2158 2095 2096
f 2158 2096 2159
f 2159 2096 2097
f 2159 2097 2160
f 2160 2097 2098
f 2160 2098 2004
f 2004 2098 2005
f 2004 2099 2160
f 2160 2099 2100
f 2160 2100 2159
f 2159 2100 2101
f 2159 2101 2158
f 2158 2101 2102
f 2158 2102 2157
f 2157 2102 2103
f 2157 2103 2156
f 2156 2103 2104
f 2156 2104 2155
f 2155 2104 2105
f 2155 2105 2154
f 2154 2105 2106
f 2154 2106 2107
f 2154 2107 2153
f 2153 2107 2108
f 2153 2108 2152
f 2152 2108 2109
f 2152 2109 2151
f 2151 2109 2110
f 2151 2110 2150
f 2150 2110 2111
f 2150 2111 2149
f 2149 2111 2112
f 2149 2112 2148
f 2148 2112 2113
f 2148 2113 2147
f 2147 2113 2114
f 2147 2114 2115
f 2147 2115 2146
f 2146 2115 2116
f 2146 2116 2145
f 2145 2116 2117
f 2145 2117 2144
f 2144 2117 2118
f 2136 2124 2135
f 2135 2124 2125
f 2135 2125 2134
f 2134 2125 2126
f 2134 2126 2133
f 2133 2126 2127
f 2133 2127 2132
f 2132 2127 2128
f 2132 2128 2130
f 2130 2128 2129
f 2130 2129 2131
f 2099 2004 2161
f 2161 2004 2003
f 2161 2003 2002
f 2002 2001 2161
f 2161 2001 2000
f 2161 2000 1999
f 1999 1998 2161
f 2161 1998 1997
f 2161 1997 1996
f 1996 1995 2161
f 2161 1995 1994
f 2161 1994 1993
f 1993 1992 2161
f 2161 1992 1991
f 2161 1991 1990
f 1990 1989 2161
f 2161 1989 1988
f 2161 1988 1987
f 1987 1986 2161
f 2161 1986 1985
f 2161 1985 1984
f 1984 1983 2161
f 2161 1983 1982
f 2161 1982 1981
f 1981 1980 2161
f 2161 1980 1979
f 2161 1979 1978
f 1978 1977 2161
f 2161 1977 1976
f 2161 1976 1975
f 1975 1974 2161
f 2161 1974 1973
f 2161 1973 1972
f 1972 2129 2161
f 2161 2129 2128
f 2161 2128 2127
f 2127 2126 2161
f 2161 2126 2125
f 2161 2125 2124
f 2124 2123 2161
f 2161 2123 2122
f 2161 2122 2121
f 2121 2120 2161
f 2161 2120 2119
f 2161 2119 2118
f 2118 2117 2161
f 2161 2117 2116
f 2161 2116 2115
f 2115 2114 2161
f 2161 2114 2113
f 2161 2113 2112
f 2112 2111 2161
f 2161 2111 2110
f 2161 2110 2109
f 2109 2108 2161
f 2161 2108 2107
f 2161 2107 2106
f 2106 2105 2161
f 2161 2105 2104
f 2161 2104 2103
f 2103 2102 2161
f 2161 2102 2101
f 2161 2101 2100
f 2100 2099 2161
f 2068 1971 2162
f 2162 1971 2036
f 2162 2036 2035
f 2035 2034 2162
f 2162 2034 2033
f 2162 2033 2032
f 2032 2031 2162
f 2162 2031 2030
f 2162 2030 2029
f 2029 2028 2162
f 2162 2028 2027
f 2162 2027 2026
f 2026 2025 2162
f 2162 2025 2024
f 2162 2024 2023
f 2023 2022 2162
f 2162 2022 2021
f 2162 2021 2020
f 2020 2019 2162
f 2162 2019 2018
f 2162 2018 2017
f 2017 2016 2162
f 2162 2016 2015
f 2162 2015 2014
f 2014 2013 2162
f 2162 2013 2012
f 2162 2012 2011
f 2011 2010 2162
f 2162 2010 2009
f 2162 2009 2008
f 2008 2007 2162
f 2162 2007 2006
f 2162 2006 2005
f 2005 2098 2162
f 2162 2098 2097
f 2162 2097 2096
f 2096 2095 2162
f 2162 2095 2094
f 2162 2094 2093
f 2093 2092 2162
f 2162 2092 2091
f 2162 2091 2090
f 2090 2089 2162
f 2162 2089 2088
f 2162 2088 2087
f 2087 2086 2162
f 2162 2086 2085
f 2162 2085 2084
f 2084 2083 2162
f 2162 2083 2082
f 2162 2082 2081
f 2081 2080 2162
f 2162 2080 2079
f 2162 2079 2078
f 2078 2077 2162
f 2162 2077 2076
f 2162 2076 2075
f 2075 2074 2162
f 2162 2074 2073
f 2162 2073 2072
f 2072 2071 2162
f 2162 2071 2070
f 2162 2070 2069
f 2069 2068 2162
g MeshBody11

v 83.021355 25.298399 1.320800
v 83.021355 25.298399 1.371600
v 83.025200 25.383986 1.371600
v 83.037254 25.471720 1.371600
v 83.058121 25.560490 1.371600
v 83.088234 25.649010 1.371600
v 83.127762 25.735878 1.371600
v 83.176620 25.819618 1.371600
v 83.234375 25.898758 1.371600
v 83.300331 25.971920 1.371600
v 83.373497 26.037874 1.371600
v 83.452637 26.095638 1.371600
v 83.536369 26.144489 1.371600
v 83.623245 26.184025 1.371600
v 83.711769 26.214130 1.371600
v 83.800529 26.234997 1.371600
v 83.888268 26.247046 1.371600
v 83.973854 26.250900 1.371600
v 84.059441 26.247046 1.371600
v 84.147179 26.234997 1.371600
v 84.235939 26.214130 1.371600
v 84.324463 26.184025 1.371600
v 84.411331 26.144489 1.371600
v 84.495071 26.095638 1.371600
v 84.574219 26.037874 1.371600
v 84.647369 25.971920 1.371600
v 84.713326 25.898758 1.371600
v 84.771095 25.819618 1.371600
v 84.819946 25.735878 1.371600
v 84.859482 25.649010 1.371600
v 84.889587 25.560490 1.371600
v 84.910454 25.471720 1.371600
v 84.922501 25.383986 1.371600
v 84.926353 25.298399 1.371600
v 84.926353 25.298399 1.320800
v 84.922501 25.383986 1.320800
v 84.910454 25.471720 1.320800
v 84.889587 25.560490 1.320800
v 84.859482 25.649010 1.320800
v 84.819946 25.735878 1.320800
v 84.771095 25.819618 1.320800
v 84.713326 25.898758 1.320800
v 84.647369 25.971920 1.320800
v 84.574219 26.037874 1.320800
v 84.495071 26.095638 1.320800
v 84.411331 26.144489 1.320800
v 84.324463 26.184025 1.320800
v 84.235939 26.214130 1.320800
v 84.147179 26.234997 1.320800
v 84.059441 26.247046 1.320800
v 83.973854 26.250900 1.320800
v 83.888268 26.247046 1.320800
v 83.800529 26.234997 1.320800
v 83.711769 26.214130 1.320800
v 83.623245 26.184025 1.320800
v 83.536369 26.144489 1.320800
v 83.452637 26.095638 1.320800
v 83.373497 26.037874 1.320800
v 83.300331 25.971920 1.320800
v 83.234375 25.898758 1.320800
v 83.176620 25.819618 1.320800
v 83.127762 25.735878 1.320800
v 83.088234 25.649010 1.320800
v 83.058121 25.560490 1.320800
v 83.037254 25.471720 1.320800
v 83.025200 25.383986 1.320800
v 83.026413 25.396412 1.346200
v 83.042297 25.497028 1.346200
v 83.069878 25.598536 1.346200
v 83.109665 25.698944 1.346200
v 83.161728 25.796097 1.346200
v 83.225609 25.887787 1.346200
v 83.300331 25.971920 1.346200
v 83.384460 26.046648 1.346200
v 83.476151 26.110527 1.346200
v 83.573311 26.162586 1.346200
v 83.673721 26.202375 1.346200
v 83.775223 26.229959 1.346200
v 83.875839 26.245844 1.346200
v 83.973854 26.250900 1.346200
v 84.071861 26.245844 1.346200
v 84.172485 26.229959 1.346200
v 84.248634 26.210403 1.346200
v 84.324463 26.184025 1.346200
v 84.399078 26.150715 1.346200
v 84.471550 26.110527 1.346200
v 84.540955 26.063683 1.346200
v 84.606377 26.010561 1.346200
v 84.667000 25.951700 1.346200
v 84.722107 25.887787 1.346200
v 84.771095 25.819618 1.346200
v 84.813530 25.748068 1.346200
v 84.849144 25.674063 1.346200
v 84.877831 25.598536 1.346200
v 84.899643 25.522396 1.346200
v 84.914764 25.446493 1.346200
v 84.923538 25.371605 1.346200
v 83.025200 25.212814 1.320800
v 83.037254 25.125080 1.320800
v 83.058121 25.036310 1.320800
v 83.088234 24.947788 1.320800
v 83.127762 24.860922 1.320800
v 83.176620 24.777182 1.320800
v 83.234375 24.698042 1.320800
v 83.300331 24.624880 1.320800
v 83.373497 24.558922 1.320800
v 83.452637 24.501162 1.320800
v 83.536369 24.452309 1.320800
v 83.623245 24.412775 1.320800
v 83.711769 24.382668 1.320800
v 83.800529 24.361803 1.320800
v 83.888268 24.349754 1.320800
v 83.973854 24.345900 1.320800
v 84.059441 24.349754 1.320800
v 84.147179 24.361803 1.320800
v 84.235939 24.382668 1.320800
v 84.324463 24.412775 1.320800
v 84.411331 24.452309 1.320800
v 84.495071 24.501162 1.320800
v 84.574219 24.558922 1.320800
v 84.647369 24.624880 1.320800
v 84.713326 24.698042 1.320800
v 84.771095 24.777182 1.320800
v 84.819946 24.860922 1.320800
v 84.859482 24.947788 1.320800
v 84.889587 25.036310 1.320800
v 84.910454 25.125080 1.320800
v 84.922501 25.212814 1.320800
v 84.922501 25.212814 1.371600
v 84.910454 25.125080 1.371600
v 84.889587 25.036310 1.371600
v 84.859482 24.947788 1.371600
v 84.819946 24.860922 1.371600
v 84.771095 24.777182 1.371600
v 84.713326 24.698042 1.371600
v 84.647369 24.624880 1.371600
v 84.574219 24.558922 1.371600
v 84.495071 24.501162 1.371600
v 84.411331 24.452309 1.371600
v 84.324463 24.412775 1.371600
v 84.235939 24.382668 1.371600
v 84.147179 24.361803 1.371600
v 84.059441 24.349754 1.371600
v 83.973854 24.345900 1.371600
v 83.888268 24.349754 1.371600
v 83.800529 24.361803 1.371600
v 83.711769 24.382668 1.371600
v 83.623245 24.412775 1.371600
v 83.536369 24.452309 1.371600
v 83.452637 24.501162 1.371600
v 83.373497 24.558922 1.371600
v 83.300331 24.624880 1.371600
v 83.234375 24.698042 1.371600
v 83.176620 24.777182 1.371600
v 83.127762 24.860922 1.371600
v 83.088234 24.947788 1.371600
v 83.058121 25.036310 1.371600
v 83.037254 25.125080 1.371600
v 83.025200 25.212814 1.371600
v 83.032936 25.150303 1.346200
v 83.024178 25.225195 1.346200
v 83.048073 25.074404 1.346200
v 83.069878 24.998262 1.346200
v 83.098557 24.922737 1.346200
v 83.134178 24.848732 1.346200
v 83.176620 24.777182 1.346200
v 83.225609 24.709013 1.346200
v 83.280708 24.645100 1.346200
v 83.341339 24.586239 1.346200
v 83.406761 24.533117 1.346200
v 83.476151 24.486271 1.346200
v 83.548630 24.446085 1.346200
v 83.623245 24.412775 1.346200
v 83.699074 24.386396 1.346200
v 83.775223 24.366840 1.346200
v 83.875839 24.350956 1.346200
v 83.973854 24.345900 1.346200
v 84.071861 24.350956 1.346200
v 84.172485 24.366840 1.346200
v 84.273994 24.394421 1.346200
v 84.374405 24.434214 1.346200
v 84.471550 24.486271 1.346200
v 84.563240 24.550150 1.346200
v 84.647369 24.624880 1.346200
v 84.722107 24.709013 1.346200
v 84.785988 24.800703 1.346200
v 84.838036 24.897856 1.346200
v 84.877831 24.998262 1.346200
v 84.905418 25.099771 1.346200
v 84.921295 25.200388 1.346200
v 83.973854 25.298399 1.371600
v 83.973854 25.298399 1.320800
f 2163 2164 2228
f 2228 2164 2229
f 2228 2229 2227
f 2227 2229 2230
f 2227 2230 2226
f 2226 2230 2231
f 2226 2231 2225
f 2225 2231 2232
f 2225 2232 2224
f 2224 2232 2233
f 2224 2233 2223
f 2223 2233 2234
f 2223 2234 2222
f 2222 2234 2235
f 2222 2235 2221
f 2221 2235 2220
f 2220 2235 2236
f 2220 2236 2219
f 2219 2236 2237
f 2219 2237 2218
f 2218 2237 2238
f 2218 2238 2217
f 2217 2238 2239
f 2217 2239 2216
f 2216 2239 2240
f 2216 2240 2215
f 2215 2240 2241
f 2215 2241 2214
f 2214 2241 2242
f 2214 2242 2213
f 2213 2242 2212
f 2212 2242 2243
f 2212 2243 2211
f 2211 2243 2244
f 2211 2244 2210
f 2210 2244 2245
f 2210 2245 2209
f 2209 2245 2246
f 2209 2246 2247
f 2247 2246 2184
f 2247 2184 2185
f 2164 2165 2229
f 2229 2165 2166
f 2229 2166 2230
f 2230 2166 2167
f 2230 2167 2231
f 2231 2167 2168
f 2231 2168 2232
f 2232 2168 2169
f 2232 2169 2233
f 2233 2169 2170
f 2233 2170 2234
f 2234 2170 2171
f 2234 2171 2235
f 2235 2171 2172
f 2235 2172 2173
f 2235 2173 2236
f 2236 2173 2174
f 2236 2174 2237
f 2237 2174 2175
f 2237 2175 2238
f 2238 2175 2176
f 2238 2176 2239
f 2239 2176 2177
f 2239 2177 2240
f 2240 2177 2178
f 2240 2178 2241
f 2241 2178 2179
f 2241 2179 2242
f 2242 2179 2180
f 2242 2180 2181
f 2242 2181 2243
f 2243 2181 2182
f 2243 2182 2244
f 2244 2182 2183
f 2244 2183 2245
f 2245 2183 2184
f 2245 2184 2246
f 2247 2185 2248
f 2248 2185 2186
f 2248 2186 2249
f 2249 2186 2187
f 2249 2187 2250
f 2250 2187 2188
f 2250 2188 2251
f 2251 2188 2189
f 2251 2189 2252
f 2252 2189 2190
f 2252 2190 2253
f 2253 2190 2254
f 2253 2254 2203
f 2203 2254 2202
f 2202 2254 2255
f 2202 2255 2201
f 2201 2255 2256
f 2201 2256 2200
f 2200 2256 2257
f 2200 2257 2199
f 2199 2257 2258
f 2199 2258 2198
f 2198 2258 2259
f 2198 2259 2197
f 2197 2259 2196
f 2196 2259 2195
f 2195 2259 2258
f 2195 2258 2194
f 2194 2258 2257
f 2194 2257 2193
f 2193 2257 2256
f 2193 2256 2192
f 2192 2256 2255
f 2192 2255 2191
f 2191 2255 2254
f 2191 2254 2190
f 2253 2203 2252
f 2252 2203 2204
f 2252 2204 2251
f 2251 2204 2205
f 2251 2205 2250
f 2250 2205 2206
f 2250 2206 2249
f 2249 2206 2207
f 2249 2207 2248
f 2248 2207 2208
f 2248 2208 2247
f 2247 2208 2209
f 2321 2164 2323
f 2323 2164 2163
f 2323 2163 2260
f 2323 2260 2322
f 2322 2260 2261
f 2322 2261 2324
f 2324 2261 2262
f 2324 2262 2325
f 2325 2262 2263
f 2325 2263 2326
f 2326 2263 2264
f 2326 2264 2327
f 2327 2264 2265
f 2327 2265 2328
f 2328 2265 2329
f 2328 2329 2316
f 2316 2329 2315
f 2315 2329 2330
f 2315 2330 2314
f 2314 2330 2331
f 2314 2331 2313
f 2313 2331 2332
f 2313 2332 2312
f 2312 2332 2333
f 2312 2333 2311
f 2311 2333 2334
f 2311 2334 2310
f 2310 2334 2335
f 2310 2335 2336
f 2336 2335 2271
f 2336 2271 2272
f 2265 2266 2329
f 2329 2266 2330
f 2266 2267 2330
f 2330 2267 2331
f 2267 2268 2331
f 2331 2268 2332
f 2268 2269 2332
f 2332 2269 2333
f 2269 2270 2333
f 2333 2270 2334
f 2270 2271 2334
f 2334 2271 2335
f 2336 2272 2337
f 2337 2272 2273
f 2337 2273 2338
f 2338 2273 2274
f 2338 2274 2339
f 2339 2274 2275
f 2339 2275 2276
f 2339 2276 2340
f 2340 2276 2277
f 2340 2277 2341
f 2341 2277 2278
f 2341 2278 2342
f 2342 2278 2279
f 2342 2279 2343
f 2343 2279 2280
f 2343 2280 2344
f 2344 2280 2281
f 2344 2281 2345
f 2345 2281 2282
f 2345 2282 2346
f 2346 2282 2283
f 2346 2283 2284
f 2346 2284 2347
f 2347 2284 2285
f 2347 2285 2348
f 2348 2285 2286
f 2348 2286 2349
f 2349 2286 2287
f 2349 2287 2350
f 2350 2287 2288
f 2350 2288 2351
f 2351 2288 2289
f 2351 2289 2352
f 2352 2289 2290
f 2352 2290 2196
f 2196 2290 2197
f 2196 2291 2352
f 2352 2291 2292
f 2352 2292 2351
f 2351 2292 2293
f 2351 2293 2350
f 2350 2293 2294
f 2350 2294 2349
f 2349 2294 2295
f 2349 2295 2348
f 2348 2295 2296
f 2348 2296 2347
f 2347 2296 2297
f 2347 2297 2346
f 2346 2297 2298
f 2346 2298 2299
f 2346 2299 2345
f 2345 2299 2300
f 2345 2300 2344
f 2344 2300 2301
f 2344 2301 2343
f 2343 2301 2302
f 2343 2302 2342
f 2342 2302 2303
f 2342 2303 2341
f 2341 2303 2304
f 2341 2304 2340
f 2340 2304 2305
f 2340 2305 2339
f 2339 2305 2306
f 2339 2306 2307
f 2339 2307 2338
f 2338 2307 2308
f 2338 2308 2337
f 2337 2308 2309
f 2337 2309 2336
f 2336 2309 2310
f 2328 2316 2327
f 2327 2316 2317
f 2327 2317 2326
f 2326 2317 2318
f 2326 2318 2325
f 2325 2318 2319
f 2325 2319 2324
f 2324 2319 2320
f 2324 2320 2322
f 2322 2320 2321
f 2322 2321 2323
f 2291 2196 2353
f 2353 2196 2195
f 2353 2195 2194
f 2194 2193 2353
f 2353 2193 2192
f 2353 2192 2191
f 2191 2190 2353
f 2353 2190 2189
f 2353 2189 2188
f 2188 2187 2353
f 2353 2187 2186
f 2353 2186 2185
f 2185 2184 2353
f 2353 2184 2183
f 2353 2183 2182
f 2182 2181 2353
f 2353 2181 2180
f 2353 2180 2179
f 2179 2178 2353
f 2353 2178 2177
f 2353 2177 2176
f 2176 2175 2353
f 2353 2175 2174
f 2353 2174 2173
f 2173 2172 2353
f 2353 2172 2171
f 2353 2171 2170
f 2170 2169 2353
f 2353 2169 2168
f 2353 2168 2167
f 2167 2166 2353
f 2353 2166 2165
f 2353 2165 2164
f 2164 2321 2353
f 2353 2321 2320
f 2353 2320 2319
f 2319 2318 2353
f 2353 2318 2317
f 2353 2317 2316
f 2316 2315 2353
f 2353 2315 2314
f 2353 2314 2313
f 2313 2312 2353
f 2353 2312 2311
f 2353 2311 2310
f 2310 2309 2353
f 2353 2309 2308
f 2353 2308 2307
f 2307 2306 2353
f 2353 2306 2305
f 2353 2305 2304
f 2304 2303 2353
f 2353 2303 2302
f 2353 2302 2301
f 2301 2300 2353
f 2353 2300 2299
f 2353 2299 2298
f 2298 2297 2353
f 2353 2297 2296
f 2353 2296 2295
f 2295 2294 2353
f 2353 2294 2293
f 2353 2293 2292
f 2292 2291 2353
f 2260 2163 2354
f 2354 2163 2228
f 2354 2228 2227
f 2227 2226 2354
f 2354 2226 2225
f 2354 2225 2224
f 2224 2223 2354
f 2354 2223 2222
f 2354 2222 2221
f 2221 2220 2354
f 2354 2220 2219
f 2354 2219 2218
f 2218 2217 2354
f 2354 2217 2216
f 2354 2216 2215
f 2215 2214 2354
f 2354 2214 2213
f 2354 2213 2212
f 2212 2211 2354
f 2354 2211 2210
f 2354 2210 2209
f 2209 2208 2354
f 2354 2208 2207
f 2354 2207 2206
f 2206 2205 2354
f 2354 2205 2204
f 2354 2204 2203
f 2203 2202 2354
f 2354 2202 2201
f 2354 2201 2200
f 2200 2199 2354
f 2354 2199 2198
f 2354 2198 2197
f 2197 2290 2354
f 2354 2290 2289
f 2354 2289 2288
f 2288 2287 2354
f 2354 2287 2286
f 2354 2286 2285
f 2285 2284 2354
f 2354 2284 2283
f 2354 2283 2282
f 2282 2281 2354
f 2354 2281 2280
f 2354 2280 2279
f 2279 2278 2354
f 2354 2278 2277
f 2354 2277 2276
f 2276 2275 2354
f 2354 2275 2274
f 2354 2274 2273
f 2273 2272 2354
f 2354 2272 2271
f 2354 2271 2270
f 2270 2269 2354
f 2354 2269 2268
f 2354 2268 2267
f 2267 2266 2354
f 2354 2266 2265
f 2354 2265 2264
f 2264 2263 2354
f 2354 2263 2262
f 2354 2262 2261
f 2261 2260 2354
g MeshBody12

v 208.497345 100.583992 1.320800
v 208.497345 100.583992 1.371600
v 208.501205 100.669579 1.371600
v 208.513260 100.757317 1.371600
v 208.534134 100.846092 1.371600
v 208.564224 100.934616 1.371600
v 208.603760 101.021477 1.371600
v 208.652603 101.105209 1.371600
v 208.710373 101.184357 1.371600
v 208.776321 101.257523 1.371600
v 208.849503 101.323471 1.371600
v 208.928635 101.381233 1.371600
v 209.012375 101.430084 1.371600
v 209.099243 101.469620 1.371600
v 209.187775 101.499733 1.371600
v 209.276520 101.520592 1.371600
v 209.364273 101.532646 1.371600
v 209.449844 101.536491 1.371600
v 209.535446 101.532646 1.371600
v 209.623169 101.520592 1.371600
v 209.711945 101.499733 1.371600
v 209.800461 101.469620 1.371600
v 209.887314 101.430084 1.371600
v 209.971069 101.381233 1.371600
v 210.050217 101.323471 1.371600
v 210.123367 101.257523 1.371600
v 210.189331 101.184357 1.371600
v 210.247086 101.105209 1.371600
v 210.295944 101.021477 1.371600
v 210.335480 100.934616 1.371600
v 210.365585 100.846092 1.371600
v 210.386459 100.757317 1.371600
v 210.398499 100.669579 1.371600
v 210.402344 100.583992 1.371600
v 210.402344 100.583992 1.320800
v 210.398499 100.669579 1.320800
v 210.386459 100.757317 1.320800
v 210.365585 100.846092 1.320800
v 210.335480 100.934616 1.320800
v 210.295944 101.021477 1.320800
v 210.247086 101.105209 1.320800
v 210.189331 101.184357 1.320800
v 210.123367 101.257523 1.320800
v 210.050217 101.323471 1.320800
v 209.971069 101.381233 1.320800
v 209.887314 101.430084 1.320800
v 209.800461 101.469620 1.320800
v 209.711945 101.499733 1.320800
v 209.623169 101.520592 1.320800
v 209.535446 101.532646 1.320800
v 209.449844 101.536491 1.320800
v 209.364273 101.532646 1.320800
v 209.276520 101.520592 1.320800
v 209.187775 101.499733 1.320800
v 209.099243 101.469620 1.320800
v 209.012375 101.430084 1.320800
v 208.928635 101.381233 1.320800
v 208.849503 101.323471 1.320800
v 208.776321 101.257523 1.320800
v 208.710373 101.184357 1.320800
v 208.652603 101.105209 1.320800
v 208.603760 101.021477 1.320800
v 208.564224 100.934616 1.320800
v 208.534134 100.846092 1.320800
v 208.513260 100.757317 1.320800
v 208.501205 100.669579 1.320800
v 208.502411 100.682014 1.346200
v 208.518295 100.782623 1.346200
v 208.545868 100.884132 1.346200
v 208.585663 100.984543 1.346200
v 208.637726 101.081696 1.346200
v 208.701599 101.173386 1.346200
v 208.776321 101.257523 1.346200
v 208.860458 101.332245 1.346200
v 208.952148 101.396126 1.346200
v 209.049316 101.448189 1.346200
v 209.149704 101.487984 1.346200
v 209.251221 101.515556 1.346200
v 209.351837 101.531448 1.346200
v 209.449844 101.536491 1.346200
v 209.547867 101.531448 1.346200
v 209.648483 101.515556 1.346200
v 209.724640 101.496002 1.346200
v 209.800461 101.469620 1.346200
v 209.875076 101.436317 1.346200
v 209.947556 101.396126 1.346200
v 210.016953 101.349274 1.346200
v 210.082367 101.296158 1.346200
v 210.143005 101.237297 1.346200
v 210.198090 101.173386 1.346200
v 210.247086 101.105209 1.346200
v 210.289520 101.033669 1.346200
v 210.325150 100.959663 1.346200
v 210.353821 100.884132 1.346200
v 210.375641 100.807991 1.346200
v 210.390762 100.732094 1.346200
v 210.399536 100.657204 1.346200
v 208.501205 100.498405 1.320800
v 208.513260 100.410683 1.320800
v 208.534134 100.321907 1.320800
v 208.564224 100.233383 1.320800
v 208.603760 100.146523 1.320800
v 208.652603 100.062775 1.320800
v 208.710373 99.983643 1.320800
v 208.776321 99.910477 1.320800
v 208.849503 99.844521 1.320800
v 208.928635 99.786758 1.320800
v 209.012375 99.737915 1.320800
v 209.099243 99.698372 1.320800
v 209.187775 99.668266 1.320800
v 209.276520 99.647408 1.320800
v 209.364273 99.635353 1.320800
v 209.449844 99.631493 1.320800
v 209.535446 99.635353 1.320800
v 209.623169 99.647408 1.320800
v 209.711945 99.668266 1.320800
v 209.800461 99.698372 1.320800
v 209.887314 99.737915 1.320800
v 209.971069 99.786758 1.320800
v 210.050217 99.844521 1.320800
v 210.123367 99.910477 1.320800
v 210.189331 99.983643 1.320800
v 210.247086 100.062775 1.320800
v 210.295944 100.146523 1.320800
v 210.335480 100.233383 1.320800
v 210.365585 100.321907 1.320800
v 210.386459 100.410683 1.320800
v 210.398499 100.498405 1.320800
v 210.398499 100.498405 1.371600
v 210.386459 100.410683 1.371600
v 210.365585 100.321907 1.371600
v 210.335480 100.233383 1.371600
v 210.295944 100.146523 1.371600
v 210.247086 100.062775 1.371600
v 210.189331 99.983643 1.371600
v 210.123367 99.910477 1.371600
v 210.050217 99.844521 1.371600
v 209.971069 99.786758 1.371600
v 209.887314 99.737915 1.371600
v 209.800461 99.698372 1.371600
v 209.711945 99.668266 1.371600
v 209.623169 99.647408 1.371600
v 209.535446 99.635353 1.371600
v 209.449844 99.631493 1.371600
v 209.364273 99.635353 1.371600
v 209.276520 99.647408 1.371600
v 209.187775 99.668266 1.371600
v 209.099243 99.698372 1.371600
v 209.012375 99.737915 1.371600
v 208.928635 99.786758 1.371600
v 208.849503 99.844521 1.371600
v 208.776321 99.910477 1.371600
v 208.710373 99.983643 1.371600
v 208.652603 100.062775 1.371600
v 208.603760 100.146523 1.371600
v 208.564224 100.233383 1.371600
v 208.534134 100.321907 1.371600
v 208.513260 100.410683 1.371600
v 208.501205 100.498405 1.371600
v 208.508942 100.435905 1.346200
v 208.500183 100.510788 1.346200
v 208.524078 100.360008 1.346200
v 208.545868 100.283859 1.346200
v 208.574554 100.208336 1.346200
v 208.610168 100.134331 1.346200
v 208.652603 100.062775 1.346200
v 208.701599 99.994614 1.346200
v 208.756714 99.930702 1.346200
v 208.817322 99.871841 1.346200
v 208.882751 99.818710 1.346200
v 208.952148 99.771873 1.346200
v 209.024628 99.731682 1.346200
v 209.099243 99.698372 1.346200
v 209.175079 99.671997 1.346200
v 209.251221 99.652443 1.346200
v 209.351837 99.636551 1.346200
v 209.449844 99.631493 1.346200
v 209.547867 99.636551 1.346200
v 209.648483 99.652443 1.346200
v 209.749985 99.680016 1.346200
v 209.850403 99.719810 1.346200
v 209.947556 99.771873 1.346200
v 210.039246 99.835747 1.346200
v 210.123367 99.910477 1.346200
v 210.198090 99.994614 1.346200
v 210.261993 100.086304 1.346200
v 210.314041 100.183456 1.346200
v 210.353821 100.283859 1.346200
v 210.381424 100.385376 1.346200
v 210.397293 100.485985 1.346200
v 209.449844 100.583992 1.371600
v 209.449844 100.583992 1.320800
f 2355 2356 2420
f 2420 2356 2421
f 2420 2421 2419
f 2419 2421 2422
f 2419 2422 2418
f 2418 2422 2423
f 2418 2423 2417
f 2417 2423 2424
f 2417 2424 2416
f 2416 2424 2425
f 2416 2425 2415
f 2415 2425 2426
f 2415 2426 2414
f 2414 2426 2427
f 2414 2427 2413
f 2413 2427 2412
f 2412 2427 2428
f 2412 2428 2411
f 2411 2428 2429
f 2411 2429 2410
f 2410 2429 2430
f 2410 2430 2409
f 2409 2430 2431
f 2409 2431 2408
f 2408 2431 2432
f 2408 2432 2407
f 2407 2432 2433
f 2407 2433 2406
f 2406 2433 2434
f 2406 2434 2405
f 2405 2434 2404
f 2404 2434 2435
f 2404 2435 2403
f 2403 2435 2436
f 2403 2436 2402
f 2402 2436 2437
f 2402 2437 2401
f 2401 2437 2438
f 2401 2438 2439
f 2439 2438 2376
f 2439 2376 2377
f 2356 2357 2421
f 2421 2357 2358
f 2421 2358 2422
f 2422 2358 2359
f 2422 2359 2423
f 2423 2359 2360
f 2423 2360 2424
f 2424 2360 2361
f 2424 2361 2425
f 2425 2361 2362
f 2425 2362 2426
f 2426 2362 2363
f 2426 2363 2427
f 2427 2363 2364
f 2427 2364 2365
f 2427 2365 2428
f 2428 2365 2366
f 2428 2366 2429
f 2429 2366 2367
f 2429 2367 2430
f 2430 2367 2368
f 2430 2368 2431
f 2431 2368 2369
f 2431 2369 2432
f 2432 2369 2370
f 2432 2370 2433
f 2433 2370 2371
f 2433 2371 2434
f 2434 2371 2372
f 2434 2372 2373
f 2434 2373 2435
f 2435 2373 2374
f 2435 2374 2436
f 2436 2374 2375
f 2436 2375 2437
f 2437 2375 2376
f 2437 2376 2438
f 2439 2377 2440
f 2440 2377 2378
f 2440 2378 2441
f 2441 2378 2379
f 2441 2379 2442
f 2442 2379 2380
f 2442 2380 2443
f 2443 2380 2381
f 2443 2381 2444
f 2444 2381 2382
f 2444 2382 2445
f 2445 2382 2446
f 2445 2446 2395
f 2395 2446 2394
f 2394 2446 2447
f 2394 2447 2393
f 2393 2447 2448
f 2393 2448 2392
f 2392 2448 2449
f 2392 2449 2391
f 2391 2449 2450
f 2391 2450 2390
f 2390 2450 2451
f 2390 2451 2389
f 2389 2451 2388
f 2388 2451 2387
f 2387 2451 2450
f 2387 2450 2386
f 2386 2450 2449
f 2386 2449 2385
f 2385 2449 2448
f 2385 2448 2384
f 2384 2448 2447
f 2384 2447 2383
f 2383 2447 2446
f 2383 2446 2382
f 2445 2395 2444
f 2444 2395 2396
f 2444 2396 2443
f 2443 2396 2397
f 2443 2397 2442
f 2442 2397 2398
f 2442 2398 2441
f 2441 2398 2399
f 2441 2399 2440
f 2440 2399 2400
f 2440 2400 2439
f 2439 2400 2401
f 2513 2356 2515
f 2515 2356 2355
f 2515 2355 2452
f 2515 2452 2514
f 2514 2452 2453
f 2514 2453 2516
f 2516 2453 2454
f 2516 2454 2517
f 2517 2454 2455
f 2517 2455 2518
f 2518 2455 2456
f 2518 2456 2519
f 2519 2456 2457
f 2519 2457 2520
f 2520 2457 2521
f 2520 2521 2508
f 2508 2521 2507
f 2507 2521 2522
f 2507 2522 2506
f 2506 2522 2523
f 2506 2523 2505
f 2505 2523 2524
f 2505 2524 2504
f 2504 2524 2525
f 2504 2525 2503
f 2503 2525 2526
f 2503 2526 2502
f 2502 2526 2527
f 2502 2527 2528
f 2528 2527 2463
f 2528 2463 2464
f 2457 2458 2521
f 2521 2458 2522
f 2458 2459 2522
f 2522 2459 2523
f 2459 2460 2523
f 2523 2460 2524
f 2460 2461 2524
f 2524 2461 2525
f 2461 2462 2525
f 2525 2462 2526
f 2462 2463 2526
f 2526 2463 2527
f 2528 2464 2529
f 2529 2464 2465
f 2529 2465 2530
f 2530 2465 2466
f 2530 2466 2531
f 2531 2466 2467
f 2531 2467 2468
f 2531 2468 2532
f 2532 2468 2469
f 2532 2469 2533
f 2533 2469 2470
f 2533 2470 2534
f 2534 2470 2471
f 2534 2471 2535
f 2535 2471 2472
f 2535 2472 2536
f 2536 2472 2473
f 2536 2473 2537
f 2537 2473 2474
f 2537 2474 2538
f 2538 2474 2475
f 2538 2475 2476
f 2538 2476 2539
f 2539 2476 2477
f 2539 2477 2540
f 2540 2477 2478
f 2540 2478 2541
f 2541 2478 2479
f 2541 2479 2542
f 2542 2479 2480
f 2542 2480 2543
f 2543 2480 2481
f 2543 2481 2544
f 2544 2481 2482
f 2544 2482 2388
f 2388 2482 2389
f 2388 2483 2544
f 2544 2483 2484
f 2544 2484 2543
f 2543 2484 2485
f 2543 2485 2542
f 2542 2485 2486
f 2542 2486 2541
f 2541 2486 2487
f 2541 2487 2540
f 2540 2487 2488
f 2540 2488 2539
f 2539 2488 2489
f 2539 2489 2538
f 2538 2489 2490
f 2538 2490 2491
f 2538 2491 2537
f 2537 2491 2492
f 2537 2492 2536
f 2536 2492 2493
f 2536 2493 2535
f 2535 2493 2494
f 2535 2494 2534
f 2534 2494 2495
f 2534 2495 2533
f 2533 2495 2496
f 2533 2496 2532
f 2532 2496 2497
f 2532 2497 2531
f 2531 2497 2498
f 2531 2498 2499
f 2531 2499 2530
f 2530 2499 2500
f 2530 2500 2529
f 2529 2500 2501
f 2529 2501 2528
f 2528 2501 2502
f 2520 2508 2519
f 2519 2508 2509
f 2519 2509 2518
f 2518 2509 2510
f 2518 2510 2517
f 2517 2510 2511
f 2517 2511 2516
f 2516 2511 2512
f 2516 2512 2514
f 2514 2512 2513
f 2514 2513 2515
f 2483 2388 2545
f 2545 2388 2387
f 2545 2387 2386
f 2386 2385 2545
f 2545 2385 2384
f 2545 2384 2383
f 2383 2382 2545
f 2545 2382 2381
f 2545 2381 2380
f 2380 2379 2545
f 2545 2379 2378
f 2545 2378 2377
f 2377 2376 2545
f 2545 2376 2375
f 2545 2375 2374
f 2374 2373 2545
f 2545 2373 2372
f 2545 2372 2371
f 2371 2370 2545
f 2545 2370 2369
f 2545 2369 2368
f 2368 2367 2545
f 2545 2367 2366
f 2545 2366 2365
f 2365 2364 2545
f 2545 2364 2363
f 2545 2363 2362
f 2362 2361 2545
f 2545 2361 2360
f 2545 2360 2359
f 2359 2358 2545
f 2545 2358 2357
f 2545 2357 2356
f 2356 2513 2545
f 2545 2513 2512
f 2545 2512 2511
f 2511 2510 2545
f 2545 2510 2509
f 2545 2509 2508
f 2508 2507 2545
f 2545 2507 2506
f 2545 2506 2505
f 2505 2504 2545
f 2545 2504 2503
f 2545 2503 2502
f 2502 2501 2545
f 2545 2501 2500
f 2545 2500 2499
f 2499 2498 2545
f 2545 2498 2497
f 2545 2497 2496
f 2496 2495 2545
f 2545 2495 2494
f 2545 2494 2493
f 2493 2492 2545
f 2545 2492 2491
f 2545 2491 2490
f 2490 2489 2545
f 2545 2489 2488
f 2545 2488 2487
f 2487 2486 2545
f 2545 2486 2485
f 2545 2485 2484
f 2484 2483 2545
f 2452 2355 2546
f 2546 2355 2420
f 2546 2420 2419
f 2419 2418 2546
f 2546 2418 2417
f 2546 2417 2416
f 2416 2415 2546
f 2546 2415 2414
f 2546 2414 2413
f 2413 2412 2546
f 2546 2412 2411
f 2546 2411 2410
f 2410 2409 2546
f 2546 2409 2408
f 2546 2408 2407
f 2407 2406 2546
f 2546 2406 2405
f 2546 2405 2404
f 2404 2403 2546
f 2546 2403 2402
f 2546 2402 2401
f 2401 2400 2546
f 2546 2400 2399
f 2546 2399 2398
f 2398 2397 2546
f 2546 2397 2396
f 2546 2396 2395
f 2395 2394 2546
f 2546 2394 2393
f 2546 2393 2392
f 2392 2391 2546
f 2546 2391 2390
f 2546 2390 2389
f 2389 2482 2546
f 2546 2482 2481
f 2546 2481 2480
f 2480 2479 2546
f 2546 2479 2478
f 2546 2478 2477
f 2477 2476 2546
f 2546 2476 2475
f 2546 2475 2474
f 2474 2473 2546
f 2546 2473 2472
f 2546 2472 2471
f 2471 2470 2546
f 2546 2470 2469
f 2546 2469 2468
f 2468 2467 2546
f 2546 2467 2466
f 2546 2466 2465
f 2465 2464 2546
f 2546 2464 2463
f 2546 2463 2462
f 2462 2461 2546
f 2546 2461 2460
f 2546 2460 2459
f 2459 2458 2546
f 2546 2458 2457
f 2546 2457 2456
f 2456 2455 2546
f 2546 2455 2454
f 2546 2454 2453
f 2453 2452 2546
g MeshBody13

v 158.306946 25.298399 1.320800
v 158.306946 25.298399 1.371600
v 158.310806 25.383986 1.371600
v 158.322861 25.471720 1.371600
v 158.343719 25.560490 1.371600
v 158.373825 25.649010 1.371600
v 158.413361 25.735878 1.371600
v 158.462219 25.819618 1.371600
v 158.519974 25.898758 1.371600
v 158.585938 25.971920 1.371600
v 158.659088 26.037874 1.371600
v 158.738235 26.095638 1.371600
v 158.821976 26.144489 1.371600
v 158.908844 26.184025 1.371600
v 158.997360 26.214130 1.371600
v 159.086136 26.234997 1.371600
v 159.173874 26.247046 1.371600
v 159.259460 26.250900 1.371600
v 159.345032 26.247046 1.371600
v 159.432770 26.234997 1.371600
v 159.521545 26.214130 1.371600
v 159.610062 26.184025 1.371600
v 159.696930 26.144489 1.371600
v 159.780670 26.095638 1.371600
v 159.859818 26.037874 1.371600
v 159.932968 25.971920 1.371600
v 159.998932 25.898758 1.371600
v 160.056686 25.819618 1.371600
v 160.105545 25.735878 1.371600
v 160.145081 25.649010 1.371600
v 160.175186 25.560490 1.371600
v 160.196060 25.471720 1.371600
v 160.208099 25.383986 1.371600
v 160.211960 25.298399 1.371600
v 160.211960 25.298399 1.320800
v 160.208099 25.383986 1.320800
v 160.196060 25.471720 1.320800
v 160.175186 25.560490 1.320800
v 160.145081 25.649010 1.320800
v 160.105545 25.735878 1.320800
v 160.056686 25.819618 1.320800
v 159.998932 25.898758 1.320800
v 159.932968 25.971920 1.320800
v 159.859818 26.037874 1.320800
v 159.780670 26.095638 1.320800
v 159.696930 26.144489 1.320800
v 159.610062 26.184025 1.320800
v 159.521545 26.214130 1.320800
v 159.432770 26.234997 1.320800
v 159.345032 26.247046 1.320800
v 159.259460 26.250900 1.320800
v 159.173874 26.247046 1.320800
v 159.086136 26.234997 1.320800
v 158.997360 26.214130 1.320800
v 158.908844 26.184025 1.320800
v 158.821976 26.144489 1.320800
v 158.738235 26.095638 1.320800
v 158.659088 26.037874 1.320800
v 158.585938 25.971920 1.320800
v 158.519974 25.898758 1.320800
v 158.462219 25.819618 1.320800
v 158.413361 25.735878 1.320800
v 158.373825 25.649010 1.320800
v 158.343719 25.560490 1.320800
v 158.322861 25.471720 1.320800
v 158.310806 25.383986 1.320800
v 158.312012 25.396412 1.346200
v 158.327896 25.497028 1.346200
v 158.355484 25.598536 1.346200
v 158.395264 25.698944 1.346200
v 158.447327 25.796097 1.346200
v 158.511200 25.887787 1.346200
v 158.585938 25.971920 1.346200
v 158.670059 26.046648 1.346200
v 158.761749 26.110527 1.346200
v 158.858902 26.162586 1.346200
v 158.959320 26.202375 1.346200
v 159.060822 26.229959 1.346200
v 159.161438 26.245844 1.346200
v 159.259460 26.250900 1.346200
v 159.357468 26.245844 1.346200
v 159.458084 26.229959 1.346200
v 159.534225 26.210403 1.346200
v 159.610062 26.184025 1.346200
v 159.684677 26.150715 1.346200
v 159.757156 26.110527 1.346200
v 159.826553 26.063683 1.346200
v 159.891968 26.010561 1.346200
v 159.952606 25.951700 1.346200
v 160.007706 25.887787 1.346200
v 160.056686 25.819618 1.346200
v 160.099136 25.748068 1.346200
v 160.134750 25.674063 1.346200
v 160.163422 25.598536 1.346200
v 160.185242 25.522396 1.346200
v 160.200363 25.446493 1.346200
v 160.209137 25.371605 1.346200
v 158.310806 25.212814 1.320800
v 158.322861 25.125080 1.320800
v 158.343719 25.036310 1.320800
v 158.373825 24.947788 1.320800
v 158.413361 24.860922 1.320800
v 158.462219 24.777182 1.320800
v 158.519974 24.698042 1.320800
v 158.585938 24.624880 1.320800
v 158.659088 24.558922 1.320800
v 158.738235 24.501162 1.320800
v 158.821976 24.452309 1.320800
v 158.908844 24.412775 1.320800
v 158.997360 24.382668 1.320800
v 159.086136 24.361803 1.320800
v 159.173874 24.349754 1.320800
v 159.259460 24.345900 1.320800
v 159.345032 24.349754 1.320800
v 159.432770 24.361803 1.320800
v 159.521545 24.382668 1.320800
v 159.610062 24.412775 1.320800
v 159.696930 24.452309 1.320800
v 159.780670 24.501162 1.320800
v 159.859818 24.558922 1.320800
v 159.932968 24.624880 1.320800
v 159.998932 24.698042 1.320800
v 160.056686 24.777182 1.320800
v 160.105545 24.860922 1.320800
v 160.145081 24.947788 1.320800
v 160.175186 25.036310 1.320800
v 160.196060 25.125080 1.320800
v 160.208099 25.212814 1.320800
v 160.208099 25.212814 1.371600
v 160.196060 25.125080 1.371600
v 160.175186 25.036310 1.371600
v 160.145081 24.947788 1.371600
v 160.105545 24.860922 1.371600
v 160.056686 24.777182 1.371600
v 159.998932 24.698042 1.371600
v 159.932968 24.624880 1.371600
v 159.859818 24.558922 1.371600
v 159.780670 24.501162 1.371600
v 159.696930 24.452309 1.371600
v 159.610062 24.412775 1.371600
v 159.521545 24.382668 1.371600
v 159.432770 24.361803 1.371600
v 159.345032 24.349754 1.371600
v 159.259460 24.345900 1.371600
v 159.173874 24.349754 1.371600
v 159.086136 24.361803 1.371600
v 158.997360 24.382668 1.371600
v 158.908844 24.412775 1.371600
v 158.821976 24.452309 1.371600
v 158.738235 24.501162 1.371600
v 158.659088 24.558922 1.371600
v 158.585938 24.624880 1.371600
v 158.519974 24.698042 1.371600
v 158.462219 24.777182 1.371600
v 158.413361 24.860922 1.371600
v 158.373825 24.947788 1.371600
v 158.343719 25.036310 1.371600
v 158.322861 25.125080 1.371600
v 158.310806 25.212814 1.371600
v 158.318527 25.150303 1.346200
v 158.309769 25.225195 1.346200
v 158.333664 25.074404 1.346200
v 158.355484 24.998262 1.346200
v 158.384155 24.922737 1.346200
v 158.419769 24.848732 1.346200
v 158.462219 24.777182 1.346200
v 158.511200 24.709013 1.346200
v 158.566315 24.645100 1.346200
v 158.626938 24.586239 1.346200
v 158.692352 24.533117 1.346200
v 158.761749 24.486271 1.346200
v 158.834229 24.446085 1.346200
v 158.908844 24.412775 1.346200
v 158.984680 24.386396 1.346200
v 159.060822 24.366840 1.346200
v 159.161438 24.350956 1.346200
v 159.259460 24.345900 1.346200
v 159.357468 24.350956 1.346200
v 159.458084 24.366840 1.346200
v 159.559586 24.394421 1.346200
v 159.660004 24.434214 1.346200
v 159.757156 24.486271 1.346200
v 159.848846 24.550150 1.346200
v 159.932968 24.624880 1.346200
v 160.007706 24.709013 1.346200
v 160.071579 24.800703 1.346200
v 160.123642 24.897856 1.346200
v 160.163422 24.998262 1.346200
v 160.191010 25.099771 1.346200
v 160.206894 25.200388 1.346200
v 159.259460 25.298399 1.371600
v 159.259460 25.298399 1.320800
f 2547 2548 2612
f 2612 2548 2613
f 2612 2613 2611
f 2611 2613 2614
f 2611 2614 2610
f 2610 2614 2615
f 2610 2615 2609
f 2609 2615 2616
f 2609 2616 2608
f 2608 2616 2617
f 2608 2617 2607
f 2607 2617 2618
f 2607 2618 2606
f 2606 2618 2619
f 2606 2619 2605
f 2605 2619 2604
f 2604 2619 2620
f 2604 2620 2603
f 2603 2620 2621
f 2603 2621 2602
f 2602 2621 2622
f 2602 2622 2601
f 2601 2622 2623
f 2601 2623 2600
f 2600 2623 2624
f 2600 2624 2599
f 2599 2624 2625
f 2599 2625 2598
f 2598 2625 2626
f 2598 2626 2597
f 2597 2626 2596
f 2596 2626 2627
f 2596 2627 2595
f 2595 2627 2628
f 2595 2628 2594
f 2594 2628 2629
f 2594 2629 2593
f 2593 2629 2630
f 2593 2630 2631
f 2631 2630 2568
f 2631 2568 2569
f 2548 2549 2613
f 2613 2549 2550
f 2613 2550 2614
f 2614 2550 2551
f 2614 2551 2615
f 2615 2551 2552
f 2615 2552 2616
f 2616 2552 2553
f 2616 2553 2617
f 2617 2553 2554
f 2617 2554 2618
f 2618 2554 2555
f 2618 2555 2619
f 2619 2555 2556
f 2619 2556 2557
f 2619 2557 2620
f 2620 2557 2558
f 2620 2558 2621
f 2621 2558 2559
f 2621 2559 2622
f 2622 2559 2560
f 2622 2560 2623
f 2623 2560 2561
f 2623 2561 2624
f 2624 2561 2562
f 2624 2562 2625
f 2625 2562 2563
f 2625 2563 2626
f 2626 2563 2564
f 2626 2564 2565
f 2626 2565 2627
f 2627 2565 2566
f 2627 2566 2628
f 2628 2566 2567
f 2628 2567 2629
f 2629 2567 2568
f 2629 2568 2630
f 2631 2569 2632
f 2632 2569 2570
f 2632 2570 2633
f 2633 2570 2571
f 2633 2571 2634
f 2634 2571 2572
f 2634 2572 2635
f 2635 2572 2573
f 2635 2573 2636
f 2636 2573 2574
f 2636 2574 2637
f 2637 2574 2638
f 2637 2638 2587
f 2587 2638 2586
f 2586 2638 2639
f 2586 2639 2585
f 2585 2639 2640
f 2585 2640 2584
f 2584 2640 2641
f 2584 2641 2583
f 2583 2641 2642
f 2583 2642 2582
f 2582 2642 2643
f 2582 2643 2581
f 2581 2643 2580
f 2580 2643 2579
f 2579 2643 2642
f 2579 2642 2578
f 2578 2642 2641
f 2578 2641 2577
f 2577 2641 2640
f 2577 2640 2576
f 2576 2640 2639
f 2576 2639 2575
f 2575 2639 2638
f 2575 2638 2574
f 2637 2587 2636
f 2636 2587 2588
f 2636 2588 2635
f 2635 2588 2589
f 2635 2589 2634
f 2634 2589 2590
f 2634 2590 2633
f 2633 2590 2591
f 2633 2591 2632
f 2632 2591 2592
f 2632 2592 2631
f 2631 2592 2593
f 2705 2548 2707
f 2707 2548 2547
f 2707 2547 2644
f 2707 2644 2706
f 2706 2644 2645
f 2706 2645 2708
f 2708 2645 2646
f 2708 2646 2709
f 2709 2646 2647
f 2709 2647 2710
f 2710 2647 2648
f 2710 2648 2711
f 2711 2648 2649
f 2711 2649 2712
f 2712 2649 2713
f 2712 2713 2700
f 2700 2713 2699
f 2699 2713 2714
f 2699 2714 2698
f 2698 2714 2715
f 2698 2715 2697
f 2697 2715 2716
f 2697 2716 2696
f 2696 2716 2717
f 2696 2717 2695
f 2695 2717 2718
f 2695 2718 2694
f 2694 2718 2719
f 2694 2719 2720
f 2720 2719 2655
f 2720 2655 2656
f 2649 2650 2713
f 2713 2650 2714
f 2650 2651 2714
f 2714 2651 2715
f 2651 2652 2715
f 2715 2652 2716
f 2652 2653 2716
f 2716 2653 2717
f 2653 2654 2717
f 2717 2654 2718
f 2654 2655 2718
f 2718 2655 2719
f 2720 2656 2721
f 2721 2656 2657
f 2721 2657 2722
f 2722 2657 2658
f 2722 2658 2723
f 2723 2658 2659
f 2723 2659 2660
f 2723 2660 2724
f 2724 2660 2661
f 2724 2661 2725
f 2725 2661 2662
f 2725 2662 2726
f 2726 2662 2663
f 2726 2663 2727
f 2727 2663 2664
f 2727 2664 2728
f 2728 2664 2665
f 2728 2665 2729
f 2729 2665 2666
f 2729 2666 2730
f 2730 2666 2667
f 2730 2667 2668
f 2730 2668 2731
f 2731 2668 2669
f 2731 2669 2732
f 2732 2669 2670
f 2732 2670 2733
f 2733 2670 2671
f 2733 2671 2734
f 2734 2671 2672
f 2734 2672 2735
f 2735 2672 2673
f 2735 2673 2736
f 2736 2673 2674
f 2736 2674 2580
f 2580 2674 2581
f 2580 2675 2736
f 2736 2675 2676
f 2736 2676 2735
f 2735 2676 2677
f 2735 2677 2734
f 2734 2677 2678
f 2734 2678 2733
f 2733 2678 2679
f 2733 2679 2732
f 2732 2679 2680
f 2732 2680 2731
f 2731 2680 2681
f 2731 2681 2730
f 2730 2681 2682
f 2730 2682 2683
f 2730 2683 2729
f 2729 2683 2684
f 2729 2684 2728
f 2728 2684 2685
f 2728 2685 2727
f 2727 2685 2686
f 2727 2686 2726
f 2726 2686 2687
f 2726 2687 2725
f 2725 2687 2688
f 2725 2688 2724
f 2724 2688 2689
f 2724 2689 2723
f 2723 2689 2690
f 2723 2690 2691
f 2723 2691 2722
f 2722 2691 2692
f 2722 2692 2721
f 2721 2692 2693
f 2721 2693 2720
f 2720 2693 2694
f 2712 2700 2711
f 2711 2700 2701
f 2711 2701 2710
f 2710 2701 2702
f 2710 2702 2709
f 2709 2702 2703
f 2709 2703 2708
f 2708 2703 2704
f 2708 2704 2706
f 2706 2704 2705
f 2706 2705 2707
f 2675 2580 2737
f 2737 2580 2579
f 2737 2579 2578
f 2578 2577 2737
f 2737 2577 2576
f 2737 2576 2575
f 2575 2574 2737
f 2737 2574 2573
f 2737 2573 2572
f 2572 2571 2737
f 2737 2571 2570
f 2737 2570 2569
f 2569 2568 2737
f 2737 2568 2567
f 2737 2567 2566
f 2566 2565 2737
f 2737 2565 2564
f 2737 2564 2563
f 2563 2562 2737
f 2737 2562 2561
f 2737 2561 2560
f 2560 2559 2737
f 2737 2559 2558
f 2737 2558 2557
f 2557 2556 2737
f 2737 2556 2555
f 2737 2555 2554
f 2554 2553 2737
f 2737 2553 2552
f 2737 2552 2551
f 2551 2550 2737
f 2737 2550 2549
f 2737 2549 2548
f 2548 2705 2737
f 2737 2705 2704
f 2737 2704 2703
f 2703 2702 2737
f 2737 2702 2701
f 2737 2701 2700
f 2700 2699 2737
f 2737 2699 2698
f 2737 2698 2697
f 2697 2696 2737
f 2737 2696 2695
f 2737 2695 2694
f 2694 2693 2737
f 2737 2693 2692
f 2737 2692 2691
f 2691 2690 2737
f 2737 2690 2689
f 2737 2689 2688
f 2688 2687 2737
f 2737 2687 2686
f 2737 2686 2685
f 2685 2684 2737
f 2737 2684 2683
f 2737 2683 2682
f 2682 2681 2737
f 2737 2681 2680
f 2737 2680 2679
f 2679 2678 2737
f 2737 2678 2677
f 2737 2677 2676
f 2676 2675 2737
f 2644 2547 2738
f 2738 2547 2612
f 2738 2612 2611
f 2611 2610 2738
f 2738 2610 2609
f 2738 2609 2608
f 2608 2607 2738
f 2738 2607 2606
f 2738 2606 2605
f 2605 2604 2738
f 2738 2604 2603
f 2738 2603 2602
f 2602 2601 2738
f 2738 2601 2600
f 2738 2600 2599
f 2599 2598 2738
f 2738 2598 2597
f 2738 2597 2596
f 2596 2595 2738
f 2738 2595 2594
f 2738 2594 2593
f 2593 2592 2738
f 2738 2592 2591
f 2738 2591 2590
f 2590 2589 2738
f 2738 2589 2588
f 2738 2588 2587
f 2587 2586 2738
f 2738 2586 2585
f 2738 2585 2584
f 2584 2583 2738
f 2738 2583 2582
f 2738 2582 2581
f 2581 2674 2738
f 2738 2674 2673
f 2738 2673 2672
f 2672 2671 2738
f 2738 2671 2670
f 2738 2670 2669
f 2669 2668 2738
f 2738 2668 2667
f 2738 2667 2666
f 2666 2665 2738
f 2738 2665 2664
f 2738 2664 2663
f 2663 2662 2738
f 2738 2662 2661
f 2738 2661 2660
f 2660 2659 2738
f 2738 2659 2658
f 2738 2658 2657
f 2657 2656 2738
f 2738 2656 2655
f 2738 2655 2654
f 2654 2653 2738
f 2738 2653 2652
f 2738 2652 2651
f 2651 2650 2738
f 2738 2650 2649
f 2738 2649 2648
f 2648 2647 2738
f 2738 2647 2646
f 2738 2646 2645
f 2645 2644 2738
g MeshBody14

v 57.926155 200.964798 1.320800
v 57.926155 200.964798 1.371600
v 57.930004 201.050385 1.371600
v 57.942055 201.138107 1.371600
v 57.962921 201.226883 1.371600
v 57.993031 201.315399 1.371600
v 58.032562 201.402283 1.371600
v 58.081413 201.486008 1.371600
v 58.139179 201.565155 1.371600
v 58.205132 201.638306 1.371600
v 58.278297 201.704269 1.371600
v 58.357433 201.762039 1.371600
v 58.441174 201.810898 1.371600
v 58.528046 201.850433 1.371600
v 58.616566 201.880524 1.371600
v 58.705334 201.901398 1.371600
v 58.793068 201.913452 1.371600
v 58.878654 201.917297 1.371600
v 58.964241 201.913452 1.371600
v 59.051975 201.901398 1.371600
v 59.140739 201.880524 1.371600
v 59.229267 201.850433 1.371600
v 59.316132 201.810898 1.371600
v 59.399872 201.762039 1.371600
v 59.479015 201.704269 1.371600
v 59.552174 201.638306 1.371600
v 59.618130 201.565155 1.371600
v 59.675892 201.486008 1.371600
v 59.724747 201.402283 1.371600
v 59.764278 201.315399 1.371600
v 59.794388 201.226883 1.371600
v 59.815254 201.138107 1.371600
v 59.827301 201.050385 1.371600
v 59.831154 200.964798 1.371600
v 59.831154 200.964798 1.320800
v 59.827301 201.050385 1.320800
v 59.815254 201.138107 1.320800
v 59.794388 201.226883 1.320800
v 59.764278 201.315399 1.320800
v 59.724747 201.402283 1.320800
v 59.675892 201.486008 1.320800
v 59.618130 201.565155 1.320800
v 59.552174 201.638306 1.320800
v 59.479015 201.704269 1.320800
v 59.399872 201.762039 1.320800
v 59.316132 201.810898 1.320800
v 59.229267 201.850433 1.320800
v 59.140739 201.880524 1.320800
v 59.051975 201.901398 1.320800
v 58.964241 201.913452 1.320800
v 58.878654 201.917297 1.320800
v 58.793068 201.913452 1.320800
v 58.705334 201.901398 1.320800
v 58.616566 201.880524 1.320800
v 58.528046 201.850433 1.320800
v 58.441174 201.810898 1.320800
v 58.357433 201.762039 1.320800
v 58.278297 201.704269 1.320800
v 58.205132 201.638306 1.320800
v 58.139179 201.565155 1.320800
v 58.081413 201.486008 1.320800
v 58.032562 201.402283 1.320800
v 57.993031 201.315399 1.320800
v 57.962921 201.226883 1.320800
v 57.942055 201.138107 1.320800
v 57.930004 201.050385 1.320800
v 57.931210 201.062805 1.346200
v 57.947098 201.163437 1.346200
v 57.974678 201.264938 1.346200
v 58.014465 201.365341 1.346200
v 58.066528 201.462494 1.346200
v 58.130405 201.554184 1.346200
v 58.205132 201.638306 1.346200
v 58.289265 201.713058 1.346200
v 58.380955 201.776932 1.346200
v 58.478111 201.828979 1.346200
v 58.578518 201.868774 1.346200
v 58.680023 201.896362 1.346200
v 58.780640 201.912247 1.346200
v 58.878654 201.917297 1.346200
v 58.976665 201.912247 1.346200
v 59.077286 201.896362 1.346200
v 59.153435 201.876801 1.346200
v 59.229267 201.850433 1.346200
v 59.303879 201.817123 1.346200
v 59.376350 201.776932 1.346200
v 59.445751 201.730087 1.346200
v 59.511177 201.676956 1.346200
v 59.571804 201.618103 1.346200
v 59.626904 201.554184 1.346200
v 59.675892 201.486008 1.346200
v 59.718330 201.414459 1.346200
v 59.753944 201.340454 1.346200
v 59.782631 201.264938 1.346200
v 59.804440 201.188797 1.346200
v 59.819569 201.112900 1.346200
v 59.828339 201.037994 1.346200
v 57.930004 200.879211 1.320800
v 57.942055 200.791489 1.320800
v 57.962921 200.702713 1.320800
v 57.993031 200.614182 1.320800
v 58.032562 200.527313 1.320800
v 58.081413 200.443573 1.320800
v 58.139179 200.364441 1.320800
v 58.205132 200.291275 1.320800
v 58.278297 200.225311 1.320800
v 58.357433 200.167572 1.320800
v 58.441174 200.118713 1.320800
v 58.528046 200.079178 1.320800
v 58.616566 200.049072 1.320800
v 58.705334 200.028198 1.320800
v 58.793068 200.016144 1.320800
v 58.878654 200.012299 1.320800
v 58.964241 200.016144 1.320800
v 59.051975 200.028198 1.320800
v 59.140739 200.049072 1.320800
v 59.229267 200.079178 1.320800
v 59.316132 200.118713 1.320800
v 59.399872 200.167572 1.320800
v 59.479015 200.225311 1.320800
v 59.552174 200.291275 1.320800
v 59.618130 200.364441 1.320800
v 59.675892 200.443573 1.320800
v 59.724747 200.527313 1.320800
v 59.764278 200.614182 1.320800
v 59.794388 200.702713 1.320800
v 59.815254 200.791489 1.320800
v 59.827301 200.879211 1.320800
v 59.827301 200.879211 1.371600
v 59.815254 200.791489 1.371600
v 59.794388 200.702713 1.371600
v 59.764278 200.614182 1.371600
v 59.724747 200.527313 1.371600
v 59.675892 200.443573 1.371600
v 59.618130 200.364441 1.371600
v 59.552174 200.291275 1.371600
v 59.479015 200.225311 1.371600
v 59.399872 200.167572 1.371600
v 59.316132 200.118713 1.371600
v 59.229267 200.079178 1.371600
v 59.140739 200.049072 1.371600
v 59.051975 200.028198 1.371600
v 58.964241 200.016144 1.371600
v 58.878654 200.012299 1.371600
v 58.793068 200.016144 1.371600
v 58.705334 200.028198 1.371600
v 58.616566 200.049072 1.371600
v 58.528046 200.079178 1.371600
v 58.441174 200.118713 1.371600
v 58.357433 200.167572 1.371600
v 58.278297 200.225311 1.371600
v 58.205132 200.291275 1.371600
v 58.139179 200.364441 1.371600
v 58.081413 200.443573 1.371600
v 58.032562 200.527313 1.371600
v 57.993031 200.614182 1.371600
v 57.962921 200.702713 1.371600
v 57.942055 200.791489 1.371600
v 57.930004 200.879211 1.371600
v 57.937737 200.816696 1.346200
v 57.928974 200.891586 1.346200
v 57.952866 200.740799 1.346200
v 57.974678 200.664673 1.346200
v 58.003365 200.589127 1.346200
v 58.038975 200.515121 1.346200
v 58.081413 200.443573 1.346200
v 58.130405 200.375397 1.346200
v 58.185509 200.311493 1.346200
v 58.246132 200.252640 1.346200
v 58.311558 200.199524 1.346200
v 58.380955 200.152664 1.346200
v 58.453426 200.112488 1.346200
v 58.528046 200.079178 1.346200
v 58.603874 200.052780 1.346200
v 58.680023 200.033234 1.346200
v 58.780640 200.017365 1.346200
v 58.878654 200.012299 1.346200
v 58.976665 200.017365 1.346200
v 59.077286 200.033234 1.346200
v 59.178791 200.060822 1.346200
v 59.279202 200.100616 1.346200
v 59.376350 200.152664 1.346200
v 59.468040 200.216553 1.346200
v 59.552174 200.291275 1.346200
v 59.626904 200.375397 1.346200
v 59.690784 200.467102 1.346200
v 59.742840 200.564240 1.346200
v 59.782631 200.664673 1.346200
v 59.810215 200.766174 1.346200
v 59.826099 200.866791 1.346200
v 58.878654 200.964798 1.371600
v 58.878654 200.964798 1.320800
f 2739 2740 2804
f 2804 2740 2805
f 2804 2805 2803
f 2803 2805 2806
f 2803 2806 2802
f 2802 2806 2807
f 2802 2807 2801
f 2801 2807 2808
f 2801 2808 2800
f 2800 2808 2809
f 2800 2809 2799
f 2799 2809 2810
f 2799 2810 2798
f 2798 2810 2811
f 2798 2811 2797
f 2797 2811 2796
f 2796 2811 2812
f 2796 2812 2795
f 2795 2812 2813
f 2795 2813 2794
f 2794 2813 2814
f 2794 2814 2793
f 2793 2814 2815
f 2793 2815 2792
f 2792 2815 2816
f 2792 2816 2791
f 2791 2816 2817
f 2791 2817 2790
f 2790 2817 2818
f 2790 2818 2789
f 2789 2818 2788
f 2788 2818 2819
f 2788 2819 2787
f 2787 2819 2820
f 2787 2820 2786
f 2786 2820 2821
f 2786 2821 2785
f 2785 2821 2822
f 2785 2822 2823
f 2823 2822 2760
f 2823 2760 2761
f 2740 2741 2805
f 2805 2741 2742
f 2805 2742 2806
f 2806 2742 2743
f 2806 2743 2807
f 2807 2743 2744
f 2807 2744 2808
f 2808 2744 2745
f 2808 2745 2809
f 2809 2745 2746
f 2809 2746 2810
f 2810 2746 2747
f 2810 2747 2811
f 2811 2747 2748
f 2811 2748 2749
f 2811 2749 2812
f 2812 2749 2750
f 2812 2750 2813
f 2813 2750 2751
f 2813 2751 2814
f 2814 2751 2752
f 2814 2752 2815
f 2815 2752 2753
f 2815 2753 2816
f 2816 2753 2754
f 2816 2754 2817
f 2817 2754 2755
f 2817 2755 2818
f 2818 2755 2756
f 2818 2756 2757
f 2818 2757 2819
f 2819 2757 2758
f 2819 2758 2820
f 2820 2758 2759
f 2820 2759 2821
f 2821 2759 2760
f 2821 2760 2822
f 2823 2761 2824
f 2824 2761 2762
f 2824 2762 2825
f 2825 2762 2763
f 2825 2763 2826
f 2826 2763 2764
f 2826 2764 2827
f 2827 2764 2765
f 2827 2765 2828
f 2828 2765 2766
f 2828 2766 2829
f 2829 2766 2830
f 2829 2830 2779
f 2779 2830 2778
f 2778 2830 2831
f 2778 2831 2777
f 2777 2831 2832
f 2777 2832 2776
f 2776 2832 2833
f 2776 2833 2775
f 2775 2833 2834
f 2775 2834 2774
f 2774 2834 2835
f 2774 2835 2773
f 2773 2835 2772
f 2772 2835 2771
f 2771 2835 2834
f 2771 2834 2770
f 2770 2834 2833
f 2770 2833 2769
f 2769 2833 2832
f 2769 2832 2768
f 2768 2832 2831
f 2768 2831 2767
f 2767 2831 2830
f 2767 2830 2766
f 2829 2779 2828
f 2828 2779 2780
f 2828 2780 2827
f 2827 2780 2781
f 2827 2781 2826
f 2826 2781 2782
f 2826 2782 2825
f 2825 2782 2783
f 2825 2783 2824
f 2824 2783 2784
f 2824 2784 2823
f 2823 2784 2785
f 2897 2740 2899
f 2899 2740 2739
f 2899 2739 2836
f 2899 2836 2898
f 2898 2836 2837
f 2898 2837 2900
f 2900 2837 2838
f 2900 2838 2901
f 2901 2838 2839
f 2901 2839 2902
f 2902 2839 2840
f 2902 2840 2903
f 2903 2840 2841
f 2903 2841 2904
f 2904 2841 2905
f 2904 2905 2892
f 2892 2905 2891
f 2891 2905 2906
f 2891 2906 2890
f 2890 2906 2907
f 2890 2907 2889
f 2889 2907 2908
f 2889 2908 2888
f 2888 2908 2909
f 2888 2909 2887
f 2887 2909 2910
f 2887 2910 2886
f 2886 2910 2911
f 2886 2911 2912
f 2912 2911 2847
f 2912 2847 2848
f 2841 2842 2905
f 2905 2842 2906
f 2842 2843 2906
f 2906 2843 2907
f 2843 2844 2907
f 2907 2844 2908
f 2844 2845 2908
f 2908 2845 2909
f 2845 2846 2909
f 2909 2846 2910
f 2846 2847 2910
f 2910 2847 2911
f 2912 2848 2913
f 2913 2848 2849
f 2913 2849 2914
f 2914 2849 2850
f 2914 2850 2915
f 2915 2850 2851
f 2915 2851 2852
f 2915 2852 2916
f 2916 2852 2853
f 2916 2853 2917
f 2917 2853 2854
f 2917 2854 2918
f 2918 2854 2855
f 2918 2855 2919
f 2919 2855 2856
f 2919 2856 2920
f 2920 2856 2857
f 2920 2857 2921
f 2921 2857 2858
f 2921 2858 2922
f 2922 2858 2859
f 2922 2859 2860
f 2922 2860 2923
f 2923 2860 2861
f 2923 2861 2924
f 2924 2861 2862
f 2924 2862 2925
f 2925 2862 2863
f 2925 2863 2926
f 2926 2863 2864
f 2926 2864 2927
f 2927 2864 2865
f 2927 2865 2928
f 2928 2865 2866
f 2928 2866 2772
f 2772 2866 2773
f 2772 2867 2928
f 2928 2867 2868
f 2928 2868 2927
f 2927 2868 2869
f 2927 2869 2926
f 2926 2869 2870
f 2926 2870 2925
f 2925 2870 2871
f 2925 2871 2924
f 2924 2871 2872
f 2924 2872 2923
f 2923 2872 2873
f 2923 2873 2922
f 2922 2873 2874
f 2922 2874 2875
f 2922 2875 2921
f 2921 2875 2876
f 2921 2876 2920
f 2920 2876 2877
f 2920 2877 2919
f 2919 2877 2878
f 2919 2878 2918
f 2918 2878 2879
f 2918 2879 2917
f 2917 2879 2880
f 2917 2880 2916
f 2916 2880 2881
f 2916 2881 2915
f 2915 2881 2882
f 2915 2882 2883
f 2915 2883 2914
f 2914 2883 2884
f 2914 2884 2913
f 2913 2884 2885
f 2913 2885 2912
f 2912 2885 2886
f 2904 2892 2903
f 2903 2892 2893
f 2903 2893 2902
f 2902 2893 2894
f 2902 2894 2901
f 2901 2894 2895
f 2901 2895 2900
f 2900 2895 2896
f 2900 2896 2898
f 2898 2896 2897
f 2898 2897 2899
f 2867 2772 2929
f 2929 2772 2771
f 2929 2771 2770
f 2770 2769 2929
f 2929 2769 2768
f 2929 2768 2767
f 2767 2766 2929
f 2929 2766 2765
f 2929 2765 2764
f 2764 2763 2929
f 2929 2763 2762
f 2929 2762 2761
f 2761 2760 2929
f 2929 2760 2759
f 2929 2759 2758
f 2758 2757 2929
f 2929 2757 2756
f 2929 2756 2755
f 2755 2754 2929
f 2929 2754 2753
f 2929 2753 2752
f 2752 2751 2929
f 2929 2751 2750
f 2929 2750 2749
f 2749 2748 2929
f 2929 2748 2747
f 2929 2747 2746
f 2746 2745 2929
f 2929 2745 2744
f 2929 2744 2743
f 2743 2742 2929
f 2929 2742 2741
f 2929 2741 2740
f 2740 2897 2929
f 2929 2897 2896
f 2929 2896 2895
f 2895 2894 2929
f 2929 2894 2893
f 2929 2893 2892
f 2892 2891 2929
f 2929 2891 2890
f 2929 2890 2889
f 2889 2888 2929
f 2929 2888 2887
f 2929 2887 2886
f 2886 2885 2929
f 2929 2885 2884
f 2929 2884 2883
f 2883 2882 2929
f 2929 2882 2881
f 2929 2881 2880
f 2880 2879 2929
f 2929 2879 2878
f 2929 2878 2877
f 2877 2876 2929
f 2929 2876 2875
f 2929 2875 2874
f 2874 2873 2929
f 2929 2873 2872
f 2929 2872 2871
f 2871 2870 2929
f 2929 2870 2869
f 2929 2869 2868
f 2868 2867 2929
f 2836 2739 2930
f 2930 2739 2804
f 2930 2804 2803
f 2803 2802 2930
f 2930 2802 2801
f 2930 2801 2800
f 2800 2799 2930
f 2930 2799 2798
f 2930 2798 2797
f 2797 2796 2930
f 2930 2796 2795
f 2930 2795 2794
f 2794 2793 2930
f 2930 2793 2792
f 2930 2792 2791
f 2791 2790 2930
f 2930 2790 2789
f 2930 2789 2788
f 2788 2787 2930
f 2930 2787 2786
f 2930 2786 2785
f 2785 2784 2930
f 2930 2784 2783
f 2930 2783 2782
f 2782 2781 2930
f 2930 2781 2780
f 2930 2780 2779
f 2779 2778 2930
f 2930 2778 2777
f 2930 2777 2776
f 2776 2775 2930
f 2930 2775 2774
f 2930 2774 2773
f 2773 2866 2930
f 2930 2866 2865
f 2930 2865 2864
f 2864 2863 2930
f 2930 2863 2862
f 2930 2862 2861
f 2861 2860 2930
f 2930 2860 2859
f 2930 2859 2858
f 2858 2857 2930
f 2930 2857 2856
f 2930 2856 2855
f 2855 2854 2930
f 2930 2854 2853
f 2930 2853 2852
f 2852 2851 2930
f 2930 2851 2850
f 2930 2850 2849
f 2849 2848 2930
f 2930 2848 2847
f 2930 2847 2846
f 2846 2845 2930
f 2930 2845 2844
f 2930 2844 2843
f 2843 2842 2930
f 2930 2842 2841
f 2930 2841 2840
f 2840 2839 2930
f 2930 2839 2838
f 2930 2838 2837
f 2837 2836 2930
g MeshBody15

v 32.830952 200.964798 1.320800
v 32.830952 200.964798 1.371600
v 32.834808 201.050385 1.371600
v 32.846855 201.138107 1.371600
v 32.867722 201.226883 1.371600
v 32.897831 201.315399 1.371600
v 32.937363 201.402283 1.371600
v 32.986214 201.486008 1.371600
v 33.043980 201.565155 1.371600
v 33.109936 201.638306 1.371600
v 33.183094 201.704269 1.371600
v 33.262238 201.762039 1.371600
v 33.345978 201.810898 1.371600
v 33.432846 201.850433 1.371600
v 33.521366 201.880524 1.371600
v 33.610134 201.901398 1.371600
v 33.697868 201.913452 1.371600
v 33.783455 201.917297 1.371600
v 33.869041 201.913452 1.371600
v 33.956772 201.901398 1.371600
v 34.045544 201.880524 1.371600
v 34.134064 201.850433 1.371600
v 34.220932 201.810898 1.371600
v 34.304672 201.762039 1.371600
v 34.383816 201.704269 1.371600
v 34.456974 201.638306 1.371600
v 34.522930 201.565155 1.371600
v 34.580692 201.486008 1.371600
v 34.629543 201.402283 1.371600
v 34.669079 201.315399 1.371600
v 34.699188 201.226883 1.371600
v 34.720055 201.138107 1.371600
v 34.732101 201.050385 1.371600
v 34.735954 200.964798 1.371600
v 34.735954 200.964798 1.320800
v 34.732101 201.050385 1.320800
v 34.720055 201.138107 1.320800
v 34.699188 201.226883 1.320800
v 34.669079 201.315399 1.320800
v 34.629543 201.402283 1.320800
v 34.580692 201.486008 1.320800
v 34.522930 201.565155 1.320800
v 34.456974 201.638306 1.320800
v 34.383816 201.704269 1.320800
v 34.304672 201.762039 1.320800
v 34.220932 201.810898 1.320800
v 34.134064 201.850433 1.320800
v 34.045544 201.880524 1.320800
v 33.956772 201.901398 1.320800
v 33.869041 201.913452 1.320800
v 33.783455 201.917297 1.320800
v 33.697868 201.913452 1.320800
v 33.610134 201.901398 1.320800
v 33.521366 201.880524 1.320800
v 33.432846 201.850433 1.320800
v 33.345978 201.810898 1.320800
v 33.262238 201.762039 1.320800
v 33.183094 201.704269 1.320800
v 33.109936 201.638306 1.320800
v 33.043980 201.565155 1.320800
v 32.986214 201.486008 1.320800
v 32.937363 201.402283 1.320800
v 32.897831 201.315399 1.320800
v 32.867722 201.226883 1.320800
v 32.846855 201.138107 1.320800
v 32.834808 201.050385 1.320800
v 32.836010 201.062805 1.346200
v 32.851894 201.163437 1.346200
v 32.879478 201.264938 1.346200
v 32.919266 201.365341 1.346200
v 32.971325 201.462494 1.346200
v 33.035206 201.554184 1.346200
v 33.109936 201.638306 1.346200
v 33.194065 201.713058 1.346200
v 33.285755 201.776932 1.346200
v 33.382908 201.828979 1.346200
v 33.483318 201.868774 1.346200
v 33.584824 201.896362 1.346200
v 33.685444 201.912247 1.346200
v 33.783455 201.917297 1.346200
v 33.881466 201.912247 1.346200
v 33.982086 201.896362 1.346200
v 34.058235 201.876801 1.346200
v 34.134064 201.850433 1.346200
v 34.208679 201.817123 1.346200
v 34.281155 201.776932 1.346200
v 34.350552 201.730087 1.346200
v 34.415974 201.676956 1.346200
v 34.476601 201.618103 1.346200
v 34.531704 201.554184 1.346200
v 34.580692 201.486008 1.346200
v 34.623131 201.414459 1.346200
v 34.658745 201.340454 1.346200
v 34.687431 201.264938 1.346200
v 34.709244 201.188797 1.346200
v 34.724373 201.112900 1.346200
v 34.733135 201.037994 1.346200
v 32.834808 200.879211 1.320800
v 32.846855 200.791489 1.320800
v 32.867722 200.702713 1.320800
v 32.897831 200.614182 1.320800
v 32.937363 200.527313 1.320800
v 32.986214 200.443573 1.320800
v 33.043980 200.364441 1.320800
v 33.109936 200.291275 1.320800
v 33.183094 200.225311 1.320800
v 33.262238 200.167572 1.320800
v 33.345978 200.118713 1.320800
v 33.432846 200.079178 1.320800
v 33.521366 200.049072 1.320800
v 33.610134 200.028198 1.320800
v 33.697868 200.016144 1.320800
v 33.783455 200.012299 1.320800
v 33.869041 200.016144 1.320800
v 33.956772 200.028198 1.320800
v 34.045544 200.049072 1.320800
v 34.134064 200.079178 1.320800
v 34.220932 200.118713 1.320800
v 34.304672 200.167572 1.320800
v 34.383816 200.225311 1.320800
v 34.456974 200.291275 1.320800
v 34.522930 200.364441 1.320800
v 34.580692 200.443573 1.320800
v 34.629543 200.527313 1.320800
v 34.669079 200.614182 1.320800
v 34.699188 200.702713 1.320800
v 34.720055 200.791489 1.320800
v 34.732101 200.879211 1.320800
v 34.732101 200.879211 1.371600
v 34.720055 200.791489 1.371600
v 34.699188 200.702713 1.371600
v 34.669079 200.614182 1.371600
v 34.629543 200.527313 1.371600
v 34.580692 200.443573 1.371600
v 34.522930 200.364441 1.371600
v 34.456974 200.291275 1.371600
v 34.383816 200.225311 1.371600
v 34.304672 200.167572 1.371600
v 34.220932 200.118713 1.371600
v 34.134064 200.079178 1.371600
v 34.045544 200.049072 1.371600
v 33.956772 200.028198 1.371600
v 33.869041 200.016144 1.371600
v 33.783455 200.012299 1.371600
v 33.697868 200.016144 1.371600
v 33.610134 200.028198 1.371600
v 33.521366 200.049072 1.371600
v 33.432846 200.079178 1.371600
v 33.345978 200.118713 1.371600
v 33.262238 200.167572 1.371600
v 33.183094 200.225311 1.371600
v 33.109936 200.291275 1.371600
v 33.043980 200.364441 1.371600
v 32.986214 200.443573 1.371600
v 32.937363 200.527313 1.371600
v 32.897831 200.614182 1.371600
v 32.867722 200.702713 1.371600
v 32.846855 200.791489 1.371600
v 32.834808 200.879211 1.371600
v 32.842537 200.816696 1.346200
v 32.833775 200.891586 1.346200
v 32.857666 200.740799 1.346200
v 32.879478 200.664673 1.346200
v 32.908161 200.589127 1.346200
v 32.943779 200.515121 1.346200
v 32.986214 200.443573 1.346200
v 33.035206 200.375397 1.346200
v 33.090309 200.311493 1.346200
v 33.150932 200.252640 1.346200
v 33.216358 200.199524 1.346200
v 33.285755 200.152664 1.346200
v 33.358231 200.112488 1.346200
v 33.432846 200.079178 1.346200
v 33.508675 200.052780 1.346200
v 33.584824 200.033234 1.346200
v 33.685444 200.017365 1.346200
v 33.783455 200.012299 1.346200
v 33.881466 200.017365 1.346200
v 33.982086 200.033234 1.346200
v 34.083591 200.060822 1.346200
v 34.184002 200.100616 1.346200
v 34.281155 200.152664 1.346200
v 34.372845 200.216553 1.346200
v 34.456974 200.291275 1.346200
v 34.531704 200.375397 1.346200
v 34.595585 200.467102 1.346200
v 34.647644 200.564240 1.346200
v 34.687431 200.664673 1.346200
v 34.715015 200.766174 1.346200
v 34.730900 200.866791 1.346200
v 33.783455 200.964798 1.371600
v 33.783455 200.964798 1.320800
f 2931 2932 2996
f 2996 2932 2997
f 2996 2997 2995
f 2995 2997 2998
f 2995 2998 2994
f 2994 2998 2999
f 2994 2999 2993
f 2993 2999 3000
f 2993 3000 2992
f 2992 3000 3001
f 2992 3001 2991
f 2991 3001 3002
f 2991 3002 2990
f 2990 3002 3003
f 2990 3003 2989
f 2989 3003 2988
f 2988 3003 3004
f 2988 3004 2987
f 2987 3004 3005
f 2987 3005 2986
f 2986 3005 3006
f 2986 3006 2985
f 2985 3006 3007
f 2985 3007 2984
f 2984 3007 3008
f 2984 3008 2983
f 2983 3008 3009
f 2983 3009 2982
f 2982 3009 3010
f 2982 3010 2981
f 2981 3010 2980
f 2980 3010 3011
f 2980 3011 2979
f 2979 3011 3012
f 2979 3012 2978
f 2978 3012 3013
f 2978 3013 2977
f 2977 3013 3014
f 2977 3014 3015
f 3015 3014 2952
f 3015 2952 2953
f 2932 2933 2997
f 2997 2933 2934
f 2997 2934 2998
f 2998 2934 2935
f 2998 2935 2999
f 2999 2935 2936
f 2999 2936 3000
f 3000 2936 2937
f 3000 2937 3001
f 3001 2937 2938
f 3001 2938 3002
f 3002 2938 2939
f 3002 2939 3003
f 3003 2939 2940
f 3003 2940 2941
f 3003 2941 3004
f 3004 2941 2942
f 3004 2942 3005
f 3005 2942 2943
f 3005 2943 3006
f 3006 2943 2944
f 3006 2944 3007
f 3007 2944 2945
f 3007 2945 3008
f 3008 2945 2946
f 3008 2946 3009
f 3009 2946 2947
f 3009 2947 3010
f 3010 2947 2948
f 3010 2948 2949
f 3010 2949 3011
f 3011 2949 2950
f 3011 2950 3012
f 3012 2950 2951
f 3012 2951 3013
f 3013 2951 2952
f 3013 2952 3014
f 3015 2953 3016
f 3016 2953 2954
f 3016 2954 3017
f 3017 2954 2955
f 3017 2955 3018
f 3018 2955 2956
f 3018 2956 3019
f 3019 2956 2957
f 3019 2957 3020
f 3020 2957 2958
f 3020 2958 3021
f 3021 2958 3022
f 3021 3022 2971
f 2971 3022 2970
f 2970 3022 3023
f 2970 3023 2969
f 2969 3023 3024
f 2969 3024 2968
f 2968 3024 3025
f 2968 3025 2967
f 2967 3025 3026
f 2967 3026 2966
f 2966 3026 3027
f 2966 3027 2965
f 2965 3027 2964
f 2964 3027 2963
f 2963 3027 3026
f 2963 3026 2962
f 2962 3026 3025
f 2962 3025 2961
f 2961 3025 3024
f 2961 3024 2960
f 2960 3024 3023
f 2960 3023 2959
f 2959 3023 3022
f 2959 3022 2958
f 3021 2971 3020
f 3020 2971 2972
f 3020 2972 3019
f 3019 2972 2973
f 3019 2973 3018
f 3018 2973 2974
f 3018 2974 3017
f 3017 2974 2975
f 3017 2975 3016
f 3016 2975 2976
f 3016 2976 3015
f 3015 2976 2977
f 3089 2932 3091
f 3091 2932 2931
f 3091 2931 3028
f 3091 3028 3090
f 3090 3028 3029
f 3090 3029 3092
f 3092 3029 3030
f 3092 3030 3093
f 3093 3030 3031
f 3093 3031 3094
f 3094 3031 3032
f 3094 3032 3095
f 3095 3032 3033
f 3095 3033 3096
f 3096 3033 3097
f 3096 3097 3084
f 3084 3097 3083
f 3083 3097 3098
f 3083 3098 3082
f 3082 3098 3099
f 3082 3099 3081
f 3081 3099 3100
f 3081 3100 3080
f 3080 3100 3101
f 3080 3101 3079
f 3079 3101 3102
f 3079 3102 3078
f 3078 3102 3103
f 3078 3103 3104
f 3104 3103 3039
f 3104 3039 3040
f 3033 3034 3097
f 3097 3034 3098
f 3034 3035 3098
f 3098 3035 3099
f 3035 3036 3099
f 3099 3036 3100
f 3036 3037 3100
f 3100 3037 3101
f 3037 3038 3101
f 3101 3038 3102
f 3038 3039 3102
f 3102 3039 3103
f 3104 3040 3105
f 3105 3040 3041
f 3105 3041 3106
f 3106 3041 3042
f 3106 3042 3107
f 3107 3042 3043
f 3107 3043 3044
f 3107 3044 3108
f 3108 3044 3045
f 3108 3045 3109
f 3109 3045 3046
f 3109 3046 3110
f 3110 3046 3047
f 3110 3047 3111
f 3111 3047 3048
f 3111 3048 3112
f 3112 3048 3049
f 3112 3049 3113
f 3113 3049 3050
f 3113 3050 3114
f 3114 3050 3051
f 3114 3051 3052
f 3114 3052 3115
f 3115 3052 3053
f 3115 3053 3116
f 3116 3053 3054
f 3116 3054 3117
f 3117 3054 3055
f 3117 3055 3118
f 3118 3055 3056
f 3118 3056 3119
f 3119 3056 3057
f 3119 3057 3120
f 3120 3057 3058
f 3120 3058 2964
f 2964 3058 2965
f 2964 3059 3120
f 3120 3059 3060
f 3120 3060 3119
f 3119 3060 3061
f 3119 3061 3118
f 3118 3061 3062
f 3118 3062 3117
f 3117 3062 3063
f 3117 3063 3116
f 3116 3063 3064
f 3116 3064 3115
f 3115 3064 3065
f 3115 3065 3114
f 3114 3065 3066
f 3114 3066 3067
f 3114 3067 3113
f 3113 3067 3068
f 3113 3068 3112
f 3112 3068 3069
f 3112 3069 3111
f 3111 3069 3070
f 3111 3070 3110
f 3110 3070 3071
f 3110 3071 3109
f 3109 3071 3072
f 3109 3072 3108
f 3108 3072 3073
f 3108 3073 3107
f 3107 3073 3074
f 3107 3074 3075
f 3107 3075 3106
f 3106 3075 3076
f 3106 3076 3105
f 3105 3076 3077
f 3105 3077 3104
f 3104 3077 3078
f 3096 3084 3095
f 3095 3084 3085
f 3095 3085 3094
f 3094 3085 3086
f 3094 3086 3093
f 3093 3086 3087
f 3093 3087 3092
f 3092 3087 3088
f 3092 3088 3090
f 3090 3088 3089
f 3090 3089 3091
f 3059 2964 3121
f 3121 2964 2963
f 3121 2963 2962
f 2962 2961 3121
f 3121 2961 2960
f 3121 2960 2959
f 2959 2958 3121
f 3121 2958 2957
f 3121 2957 2956
f 2956 2955 3121
f 3121 2955 2954
f 3121 2954 2953
f 2953 2952 3121
f 3121 2952 2951
f 3121 2951 2950
f 2950 2949 3121
f 3121 2949 2948
f 3121 2948 2947
f 2947 2946 3121
f 3121 2946 2945
f 3121 2945 2944
f 2944 2943 3121
f 3121 2943 2942
f 3121 2942 2941
f 2941 2940 3121
f 3121 2940 2939
f 3121 2939 2938
f 2938 2937 3121
f 3121 2937 2936
f 3121 2936 2935
f 2935 2934 3121
f 3121 2934 2933
f 3121 2933 2932
f 2932 3089 3121
f 3121 3089 3088
f 3121 3088 3087
f 3087 3086 3121
f 3121 3086 3085
f 3121 3085 3084
f 3084 3083 3121
f 3121 3083 3082
f 3121 3082 3081
f 3081 3080 3121
f 3121 3080 3079
f 3121 3079 3078
f 3078 3077 3121
f 3121 3077 3076
f 3121 3076 3075
f 3075 3074 3121
f 3121 3074 3073
f 3121 3073 3072
f 3072 3071 3121
f 3121 3071 3070
f 3121 3070 3069
f 3069 3068 3121
f 3121 3068 3067
f 3121 3067 3066
f 3066 3065 3121
f 3121 3065 3064
f 3121 3064 3063
f 3063 3062 3121
f 3121 3062 3061
f 3121 3061 3060
f 3060 3059 3121
f 3028 2931 3122
f 3122 2931 2996
f 3122 2996 2995
f 2995 2994 3122
f 3122 2994 2993
f 3122 2993 2992
f 2992 2991 3122
f 3122 2991 2990
f 3122 2990 2989
f 2989 2988 3122
f 3122 2988 2987
f 3122 2987 2986
f 2986 2985 3122
f 3122 2985 2984
f 3122 2984 2983
f 2983 2982 3122
f 3122 2982 2981
f 3122 2981 2980
f 2980 2979 3122
f 3122 2979 2978
f 3122 2978 2977
f 2977 2976 3122
f 3122 2976 2975
f 3122 2975 2974
f 2974 2973 3122
f 3122 2973 2972
f 3122 2972 2971
f 2971 2970 3122
f 3122 2970 2969
f 3122 2969 2968
f 2968 2967 3122
f 3122 2967 2966
f 3122 2966 2965
f 2965 3058 3122
f 3122 3058 3057
f 3122 3057 3056
f 3056 3055 3122
f 3122 3055 3054
f 3122 3054 3053
f 3053 3052 3122
f 3122 3052 3051
f 3122 3051 3050
f 3050 3049 3122
f 3122 3049 3048
f 3122 3048 3047
f 3047 3046 3122
f 3122 3046 3045
f 3122 3045 3044
f 3044 3043 3122
f 3122 3043 3042
f 3122 3042 3041
f 3041 3040 3122
f 3122 3040 3039
f 3122 3039 3038
f 3038 3037 3122
f 3122 3037 3036
f 3122 3036 3035
f 3035 3034 3122
f 3122 3034 3033
f 3122 3033 3032
f 3032 3031 3122
f 3122 3031 3030
f 3122 3030 3029
f 3029 3028 3122
g MeshBody16

v 57.926155 150.774399 1.320800
v 57.926155 150.774399 1.371600
v 57.930004 150.859985 1.371600
v 57.942055 150.947723 1.371600
v 57.962921 151.036484 1.371600
v 57.993031 151.125015 1.371600
v 58.032562 151.211868 1.371600
v 58.081413 151.295624 1.371600
v 58.139179 151.374756 1.371600
v 58.205132 151.447922 1.371600
v 58.278297 151.513870 1.371600
v 58.357433 151.571640 1.371600
v 58.441174 151.620499 1.371600
v 58.528046 151.660019 1.371600
v 58.616566 151.690125 1.371600
v 58.705334 151.710999 1.371600
v 58.793068 151.723038 1.371600
v 58.878654 151.726898 1.371600
v 58.964241 151.723038 1.371600
v 59.051975 151.710999 1.371600
v 59.140739 151.690125 1.371600
v 59.229267 151.660019 1.371600
v 59.316132 151.620499 1.371600
v 59.399872 151.571640 1.371600
v 59.479015 151.513870 1.371600
v 59.552174 151.447922 1.371600
v 59.618130 151.374756 1.371600
v 59.675892 151.295624 1.371600
v 59.724747 151.211868 1.371600
v 59.764278 151.125015 1.371600
v 59.794388 151.036484 1.371600
v 59.815254 150.947723 1.371600
v 59.827301 150.859985 1.371600
v 59.831154 150.774399 1.371600
v 59.831154 150.774399 1.320800
v 59.827301 150.859985 1.320800
v 59.815254 150.947723 1.320800
v 59.794388 151.036484 1.320800
v 59.764278 151.125015 1.320800
v 59.724747 151.211868 1.320800
v 59.675892 151.295624 1.320800
v 59.618130 151.374756 1.320800
v 59.552174 151.447922 1.320800
v 59.479015 151.513870 1.320800
v 59.399872 151.571640 1.320800
v 59.316132 151.620499 1.320800
v 59.229267 151.660019 1.320800
v 59.140739 151.690125 1.320800
v 59.051975 151.710999 1.320800
v 58.964241 151.723038 1.320800
v 58.878654 151.726898 1.320800
v 58.793068 151.723038 1.320800
v 58.705334 151.710999 1.320800
v 58.616566 151.690125 1.320800
v 58.528046 151.660019 1.320800
v 58.441174 151.620499 1.320800
v 58.357433 151.571640 1.320800
v 58.278297 151.513870 1.320800
v 58.205132 151.447922 1.320800
v 58.139179 151.374756 1.320800
v 58.081413 151.295624 1.320800
v 58.032562 151.211868 1.320800
v 57.993031 151.125015 1.320800
v 57.962921 151.036484 1.320800
v 57.942055 150.947723 1.320800
v 57.930004 150.859985 1.320800
v 57.931210 150.872406 1.346200
v 57.947098 150.973038 1.346200
v 57.974678 151.074539 1.346200
v 58.014465 151.174942 1.346200
v 58.066528 151.272095 1.346200
v 58.130405 151.363785 1.346200
v 58.205132 151.447922 1.346200
v 58.289265 151.522644 1.346200
v 58.380955 151.586533 1.346200
v 58.478111 151.638580 1.346200
v 58.578518 151.678375 1.346200
v 58.680023 151.705963 1.346200
v 58.780640 151.721848 1.346200
v 58.878654 151.726898 1.346200
v 58.976665 151.721848 1.346200
v 59.077286 151.705963 1.346200
v 59.153435 151.686401 1.346200
v 59.229267 151.660019 1.346200
v 59.303879 151.626709 1.346200
v 59.376350 151.586533 1.346200
v 59.445751 151.539688 1.346200
v 59.511177 151.486557 1.346200
v 59.571804 151.427704 1.346200
v 59.626904 151.363785 1.346200
v 59.675892 151.295624 1.346200
v 59.718330 151.224060 1.346200
v 59.753944 151.150070 1.346200
v 59.782631 151.074539 1.346200
v 59.804440 150.998398 1.346200
v 59.819569 150.922485 1.346200
v 59.828339 150.847595 1.346200
v 57.930004 150.688812 1.320800
v 57.942055 150.601074 1.320800
v 57.962921 150.512314 1.320800
v 57.993031 150.423798 1.320800
v 58.032562 150.336914 1.320800
v 58.081413 150.253174 1.320800
v 58.139179 150.174042 1.320800
v 58.205132 150.100876 1.320800
v 58.278297 150.034912 1.320800
v 58.357433 149.977158 1.320800
v 58.441174 149.928314 1.320800
v 58.528046 149.888779 1.320800
v 58.616566 149.858658 1.320800
v 58.705334 149.837799 1.320800
v 58.793068 149.825745 1.320800
v 58.878654 149.821899 1.320800
v 58.964241 149.825745 1.320800
v 59.051975 149.837799 1.320800
v 59.140739 149.858658 1.320800
v 59.229267 149.888779 1.320800
v 59.316132 149.928314 1.320800
v 59.399872 149.977158 1.320800
v 59.479015 150.034912 1.320800
v 59.552174 150.100876 1.320800
v 59.618130 150.174042 1.320800
v 59.675892 150.253174 1.320800
v 59.724747 150.336914 1.320800
v 59.764278 150.423798 1.320800
v 59.794388 150.512314 1.320800
v 59.815254 150.601074 1.320800
v 59.827301 150.688812 1.320800
v 59.827301 150.688812 1.371600
v 59.815254 150.601074 1.371600
v 59.794388 150.512314 1.371600
v 59.764278 150.423798 1.371600
v 59.724747 150.336914 1.371600
v 59.675892 150.253174 1.371600
v 59.618130 150.174042 1.371600
v 59.552174 150.100876 1.371600
v 59.479015 150.034912 1.371600
v 59.399872 149.977158 1.371600
v 59.316132 149.928314 1.371600
v 59.229267 149.888779 1.371600
v 59.140739 149.858658 1.371600
v 59.051975 149.837799 1.371600
v 58.964241 149.825745 1.371600
v 58.878654 149.821899 1.371600
v 58.793068 149.825745 1.371600
v 58.705334 149.837799 1.371600
v 58.616566 149.858658 1.371600
v 58.528046 149.888779 1.371600
v 58.441174 149.928314 1.371600
v 58.357433 149.977158 1.371600
v 58.278297 150.034912 1.371600
v 58.205132 150.100876 1.371600
v 58.139179 150.174042 1.371600
v 58.081413 150.253174 1.371600
v 58.032562 150.336914 1.371600
v 57.993031 150.423798 1.371600
v 57.962921 150.512314 1.371600
v 57.942055 150.601074 1.371600
v 57.930004 150.688812 1.371600
v 57.937737 150.626297 1.346200
v 57.928974 150.701202 1.346200
v 57.952866 150.550400 1.346200
v 57.974678 150.474258 1.346200
v 58.003365 150.398727 1.346200
v 58.038975 150.324722 1.346200
v 58.081413 150.253174 1.346200
v 58.130405 150.185013 1.346200
v 58.185509 150.121094 1.346200
v 58.246132 150.062241 1.346200
v 58.311558 150.009109 1.346200
v 58.380955 149.962265 1.346200
v 58.453426 149.922089 1.346200
v 58.528046 149.888779 1.346200
v 58.603874 149.862396 1.346200
v 58.680023 149.842834 1.346200
v 58.780640 149.826950 1.346200
v 58.878654 149.821899 1.346200
v 58.976665 149.826950 1.346200
v 59.077286 149.842834 1.346200
v 59.178791 149.870422 1.346200
v 59.279202 149.910202 1.346200
v 59.376350 149.962265 1.346200
v 59.468040 150.026154 1.346200
v 59.552174 150.100876 1.346200
v 59.626904 150.185013 1.346200
v 59.690784 150.276703 1.346200
v 59.742840 150.373856 1.346200
v 59.782631 150.474258 1.346200
v 59.810215 150.575775 1.346200
v 59.826099 150.676376 1.346200
v 58.878654 150.774399 1.371600
v 58.878654 150.774399 1.320800
f 3123 3124 3188
f 3188 3124 3189
f 3188 3189 3187
f 3187 3189 3190
f 3187 3190 3186
f 3186 3190 3191
f 3186 3191 3185
f 3185 3191 3192
f 3185 3192 3184
f 3184 3192 3193
f 3184 3193 3183
f 3183 3193 3194
f 3183 3194 3182
f 3182 3194 3195
f 3182 3195 3181
f 3181 3195 3180
f 3180 3195 3196
f 3180 3196 3179
f 3179 3196 3197
f 3179 3197 3178
f 3178 3197 3198
f 3178 3198 3177
f 3177 3198 3199
f 3177 3199 3176
f 3176 3199 3200
f 3176 3200 3175
f 3175 3200 3201
f 3175 3201 3174
f 3174 3201 3202
f 3174 3202 3173
f 3173 3202 3172
f 3172 3202 3203
f 3172 3203 3171
f 3171 3203 3204
f 3171 3204 3170
f 3170 3204 3205
f 3170 3205 3169
f 3169 3205 3206
f 3169 3206 3207
f 3207 3206 3144
f 3207 3144 3145
f 3124 3125 3189
f 3189 3125 3126
f 3189 3126 3190
f 3190 3126 3127
f 3190 3127 3191
f 3191 3127 3128
f 3191 3128 3192
f 3192 3128 3129
f 3192 3129 3193
f 3193 3129 3130
f 3193 3130 3194
f 3194 3130 3131
f 3194 3131 3195
f 3195 3131 3132
f 3195 3132 3133
f 3195 3133 3196
f 3196 3133 3134
f 3196 3134 3197
f 3197 3134 3135
f 3197 3135 3198
f 3198 3135 3136
f 3198 3136 3199
f 3199 3136 3137
f 3199 3137 3200
f 3200 3137 3138
f 3200 3138 3201
f 3201 3138 3139
f 3201 3139 3202
f 3202 3139 3140
f 3202 3140 3141
f 3202 3141 3203
f 3203 3141 3142
f 3203 3142 3204
f 3204 3142 3143
f 3204 3143 3205
f 3205 3143 3144
f 3205 3144 3206
f 3207 3145 3208
f 3208 3145 3146
f 3208 3146 3209
f 3209 3146 3147
f 3209 3147 3210
f 3210 3147 3148
f 3210 3148 3211
f 3211 3148 3149
f 3211 3149 3212
f 3212 3149 3150
f 3212 3150 3213
f 3213 3150 3214
f 3213 3214 3163
f 3163 3214 3162
f 3162 3214 3215
f 3162 3215 3161
f 3161 3215 3216
f 3161 3216 3160
f 3160 3216 3217
f 3160 3217 3159
f 3159 3217 3218
f 3159 3218 3158
f 3158 3218 3219
f 3158 3219 3157
f 3157 3219 3156
f 3156 3219 3155
f 3155 3219 3218
f 3155 3218 3154
f 3154 3218 3217
f 3154 3217 3153
f 3153 3217 3216
f 3153 3216 3152
f 3152 3216 3215
f 3152 3215 3151
f 3151 3215 3214
f 3151 3214 3150
f 3213 3163 3212
f 3212 3163 3164
f 3212 3164 3211
f 3211 3164 3165
f 3211 3165 3210
f 3210 3165 3166
f 3210 3166 3209
f 3209 3166 3167
f 3209 3167 3208
f 3208 3167 3168
f 3208 3168 3207
f 3207 3168 3169
f 3281 3124 3283
f 3283 3124 3123
f 3283 3123 3220
f 3283 3220 3282
f 3282 3220 3221
f 3282 3221 3284
f 3284 3221 3222
f 3284 3222 3285
f 3285 3222 3223
f 3285 3223 3286
f 3286 3223 3224
f 3286 3224 3287
f 3287 3224 3225
f 3287 3225 3288
f 3288 3225 3289
f 3288 3289 3276
f 3276 3289 3275
f 3275 3289 3290
f 3275 3290 3274
f 3274 3290 3291
f 3274 3291 3273
f 3273 3291 3292
f 3273 3292 3272
f 3272 3292 3293
f 3272 3293 3271
f 3271 3293 3294
f 3271 3294 3270
f 3270 3294 3295
f 3270 3295 3296
f 3296 3295 3231
f 3296 3231 3232
f 3225 3226 3289
f 3289 3226 3290
f 3226 3227 3290
f 3290 3227 3291
f 3227 3228 3291
f 3291 3228 3292
f 3228 3229 3292
f 3292 3229 3293
f 3229 3230 3293
f 3293 3230 3294
f 3230 3231 3294
f 3294 3231 3295
f 3296 3232 3297
f 3297 3232 3233
f 3297 3233 3298
f 3298 3233 3234
f 3298 3234 3299
f 3299 3234 3235
f 3299 3235 3236
f 3299 3236 3300
f 3300 3236 3237
f 3300 3237 3301
f 3301 3237 3238
f 3301 3238 3302
f 3302 3238 3239
f 3302 3239 3303
f 3303 3239 3240
f 3303 3240 3304
f 3304 3240 3241
f 3304 3241 3305
f 3305 3241 3242
f 3305 3242 3306
f 3306 3242 3243
f 3306 3243 3244
f 3306 3244 3307
f 3307 3244 3245
f 3307 3245 3308
f 3308 3245 3246
f 3308 3246 3309
f 3309 3246 3247
f 3309 3247 3310
f 3310 3247 3248
f 3310 3248 3311
f 3311 3248 3249
f 3311 3249 3312
f 3312 3249 3250
f 3312 3250 3156
f 3156 3250 3157
f 3156 3251 3312
f 3312 3251 3252
f 3312 3252 3311
f 3311 3252 3253
f 3311 3253 3310
f 3310 3253 3254
f 3310 3254 3309
f 3309 3254 3255
f 3309 3255 3308
f 3308 3255 3256
f 3308 3256 3307
f 3307 3256 3257
f 3307 3257 3306
f 3306 3257 3258
f 3306 3258 3259
f 3306 3259 3305
f 3305 3259 3260
f 3305 3260 3304
f 3304 3260 3261
f 3304 3261 3303
f 3303 3261 3262
f 3303 3262 3302
f 3302 3262 3263
f 3302 3263 3301
f 3301 3263 3264
f 3301 3264 3300
f 3300 3264 3265
f 3300 3265 3299
f 3299 3265 3266
f 3299 3266 3267
f 3299 3267 3298
f 3298 3267 3268
f 3298 3268 3297
f 3297 3268 3269
f 3297 3269 3296
f 3296 3269 3270
f 3288 3276 3287
f 3287 3276 3277
f 3287 3277 3286
f 3286 3277 3278
f 3286 3278 3285
f 3285 3278 3279
f 3285 3279 3284
f 3284 3279 3280
f 3284 3280 3282
f 3282 3280 3281
f 3282 3281 3283
f 3251 3156 3313
f 3313 3156 3155
f 3313 3155 3154
f 3154 3153 3313
f 3313 3153 3152
f 3313 3152 3151
f 3151 3150 3313
f 3313 3150 3149
f 3313 3149 3148
f 3148 3147 3313
f 3313 3147 3146
f 3313 3146 3145
f 3145 3144 3313
f 3313 3144 3143
f 3313 3143 3142
f 3142 3141 3313
f 3313 3141 3140
f 3313 3140 3139
f 3139 3138 3313
f 3313 3138 3137
f 3313 3137 3136
f 3136 3135 3313
f 3313 3135 3134
f 3313 3134 3133
f 3133 3132 3313
f 3313 3132 3131
f 3313 3131 3130
f 3130 3129 3313
f 3313 3129 3128
f 3313 3128 3127
f 3127 3126 3313
f 3313 3126 3125
f 3313 3125 3124
f 3124 3281 3313
f 3313 3281 3280
f 3313 3280 3279
f 3279 3278 3313
f 3313 3278 3277
f 3313 3277 3276
f 3276 3275 3313
f 3313 3275 3274
f 3313 3274 3273
f 3273 3272 3313
f 3313 3272 3271
f 3313 3271 3270
f 3270 3269 3313
f 3313 3269 3268
f 3313 3268 3267
f 3267 3266 3313
f 3313 3266 3265
f 3313 3265 3264
f 3264 3263 3313
f 3313 3263 3262
f 3313 3262 3261
f 3261 3260 3313
f 3313 3260 3259
f 3313 3259 3258
f 3258 3257 3313
f 3313 3257 3256
f 3313 3256 3255
f 3255 3254 3313
f 3313 3254 3253
f 3313 3253 3252
f 3252 3251 3313
f 3220 3123 3314
f 3314 3123 3188
f 3314 3188 3187
f 3187 3186 3314
f 3314 3186 3185
f 3314 3185 3184
f 3184 3183 3314
f 3314 3183 3182
f 3314 3182 3181
f 3181 3180 3314
f 3314 3180 3179
f 3314 3179 3178
f 3178 3177 3314
f 3314 3177 3176
f 3314 3176 3175
f 3175 3174 3314
f 3314 3174 3173
f 3314 3173 3172
f 3172 3171 3314
f 3314 3171 3170
f 3314 3170 3169
f 3169 3168 3314
f 3314 3168 3167
f 3314 3167 3166
f 3166 3165 3314
f 3314 3165 3164
f 3314 3164 3163
f 3163 3162 3314
f 3314 3162 3161
f 3314 3161 3160
f 3160 3159 3314
f 3314 3159 3158
f 3314 3158 3157
f 3157 3250 3314
f 3314 3250 3249
f 3314 3249 3248
f 3248 3247 3314
f 3314 3247 3246
f 3314 3246 3245
f 3245 3244 3314
f 3314 3244 3243
f 3314 3243 3242
f 3242 3241 3314
f 3314 3241 3240
f 3314 3240 3239
f 3239 3238 3314
f 3314 3238 3237
f 3314 3237 3236
f 3236 3235 3314
f 3314 3235 3234
f 3314 3234 3233
f 3233 3232 3314
f 3314 3232 3231
f 3314 3231 3230
f 3230 3229 3314
f 3314 3229 3228
f 3314 3228 3227
f 3227 3226 3314
f 3314 3226 3225
f 3314 3225 3224
f 3224 3223 3314
f 3314 3223 3222
f 3314 3222 3221
f 3221 3220 3314
g MeshBody17

v 83.021355 175.869598 1.320800
v 83.021355 175.869598 1.371600
v 83.025200 175.955185 1.371600
v 83.037254 176.042908 1.371600
v 83.058121 176.131683 1.371600
v 83.088234 176.220215 1.371600
v 83.127762 176.307083 1.371600
v 83.176620 176.390823 1.371600
v 83.234375 176.469955 1.371600
v 83.300331 176.543121 1.371600
v 83.373497 176.609085 1.371600
v 83.452637 176.666824 1.371600
v 83.536369 176.715683 1.371600
v 83.623245 176.755219 1.371600
v 83.711769 176.785324 1.371600
v 83.800529 176.806198 1.371600
v 83.888268 176.818237 1.371600
v 83.973854 176.822098 1.371600
v 84.059441 176.818237 1.371600
v 84.147179 176.806198 1.371600
v 84.235939 176.785324 1.371600
v 84.324463 176.755219 1.371600
v 84.411331 176.715683 1.371600
v 84.495071 176.666824 1.371600
v 84.574219 176.609085 1.371600
v 84.647369 176.543121 1.371600
v 84.713326 176.469955 1.371600
v 84.771095 176.390823 1.371600
v 84.819946 176.307083 1.371600
v 84.859482 176.220215 1.371600
v 84.889587 176.131683 1.371600
v 84.910454 176.042908 1.371600
v 84.922501 175.955185 1.371600
v 84.926353 175.869598 1.371600
v 84.926353 175.869598 1.320800
v 84.922501 175.955185 1.320800
v 84.910454 176.042908 1.320800
v 84.889587 176.131683 1.320800
v 84.859482 176.220215 1.320800
v 84.819946 176.307083 1.320800
v 84.771095 176.390823 1.320800
v 84.713326 176.469955 1.320800
v 84.647369 176.543121 1.320800
v 84.574219 176.609085 1.320800
v 84.495071 176.666824 1.320800
v 84.411331 176.715683 1.320800
v 84.324463 176.755219 1.320800
v 84.235939 176.785324 1.320800
v 84.147179 176.806198 1.320800
v 84.059441 176.818237 1.320800
v 83.973854 176.822098 1.320800
v 83.888268 176.818237 1.320800
v 83.800529 176.806198 1.320800
v 83.711769 176.785324 1.320800
v 83.623245 176.755219 1.320800
v 83.536369 176.715683 1.320800
v 83.452637 176.666824 1.320800
v 83.373497 176.609085 1.320800
v 83.300331 176.543121 1.320800
v 83.234375 176.469955 1.320800
v 83.176620 176.390823 1.320800
v 83.127762 176.307083 1.320800
v 83.088234 176.220215 1.320800
v 83.058121 176.131683 1.320800
v 83.037254 176.042908 1.320800
v 83.025200 175.955185 1.320800
v 83.026413 175.967606 1.346200
v 83.042297 176.068222 1.346200
v 83.069878 176.169724 1.346200
v 83.109665 176.270142 1.346200
v 83.161728 176.367294 1.346200
v 83.225609 176.459000 1.346200
v 83.300331 176.543121 1.346200
v 83.384460 176.617844 1.346200
v 83.476151 176.681732 1.346200
v 83.573311 176.733780 1.346200
v 83.673721 176.773575 1.346200
v 83.775223 176.801163 1.346200
v 83.875839 176.817032 1.346200
v 83.973854 176.822098 1.346200
v 84.071861 176.817032 1.346200
v 84.172485 176.801163 1.346200
v 84.248634 176.781616 1.346200
v 84.324463 176.755219 1.346200
v 84.399078 176.721909 1.346200
v 84.471550 176.681732 1.346200
v 84.540955 176.634872 1.346200
v 84.606377 176.581757 1.346200
v 84.667000 176.522903 1.346200
v 84.722107 176.459000 1.346200
v 84.771095 176.390823 1.346200
v 84.813530 176.319275 1.346200
v 84.849144 176.245270 1.346200
v 84.877831 176.169724 1.346200
v 84.899643 176.093597 1.346200
v 84.914764 176.017685 1.346200
v 84.923538 175.942810 1.346200
v 83.025200 175.784012 1.320800
v 83.037254 175.696274 1.320800
v 83.058121 175.607513 1.320800
v 83.088234 175.518997 1.320800
v 83.127762 175.432114 1.320800
v 83.176620 175.348389 1.320800
v 83.234375 175.269241 1.320800
v 83.300331 175.196091 1.320800
v 83.373497 175.130127 1.320800
v 83.452637 175.072357 1.320800
v 83.536369 175.023499 1.320800
v 83.623245 174.983963 1.320800
v 83.711769 174.953873 1.320800
v 83.800529 174.932999 1.320800
v 83.888268 174.920944 1.320800
v 83.973854 174.917099 1.320800
v 84.059441 174.920944 1.320800
v 84.147179 174.932999 1.320800
v 84.235939 174.953873 1.320800
v 84.324463 174.983963 1.320800
v 84.411331 175.023499 1.320800
v 84.495071 175.072357 1.320800
v 84.574219 175.130127 1.320800
v 84.647369 175.196091 1.320800
v 84.713326 175.269241 1.320800
v 84.771095 175.348389 1.320800
v 84.819946 175.432114 1.320800
v 84.859482 175.518997 1.320800
v 84.889587 175.607513 1.320800
v 84.910454 175.696274 1.320800
v 84.922501 175.784012 1.320800
v 84.922501 175.784012 1.371600
v 84.910454 175.696274 1.371600
v 84.889587 175.607513 1.371600
v 84.859482 175.518997 1.371600
v 84.819946 175.432114 1.371600
v 84.771095 175.348389 1.371600
v 84.713326 175.269241 1.371600
v 84.647369 175.196091 1.371600
v 84.574219 175.130127 1.371600
v 84.495071 175.072357 1.371600
v 84.411331 175.023499 1.371600
v 84.324463 174.983963 1.371600
v 84.235939 174.953873 1.371600
v 84.147179 174.932999 1.371600
v 84.059441 174.920944 1.371600
v 83.973854 174.917099 1.371600
v 83.888268 174.920944 1.371600
v 83.800529 174.932999 1.371600
v 83.711769 174.953873 1.371600
v 83.623245 174.983963 1.371600
v 83.536369 175.023499 1.371600
v 83.452637 175.072357 1.371600
v 83.373497 175.130127 1.371600
v 83.300331 175.196091 1.371600
v 83.234375 175.269241 1.371600
v 83.176620 175.348389 1.371600
v 83.127762 175.432114 1.371600
v 83.088234 175.518997 1.371600
v 83.058121 175.607513 1.371600
v 83.037254 175.696274 1.371600
v 83.025200 175.784012 1.371600
v 83.032936 175.721497 1.346200
v 83.024178 175.796402 1.346200
v 83.048073 175.645599 1.346200
v 83.069878 175.569458 1.346200
v 83.098557 175.493942 1.346200
v 83.134178 175.419922 1.346200
v 83.176620 175.348389 1.346200
v 83.225609 175.280212 1.346200
v 83.280708 175.216293 1.346200
v 83.341339 175.157440 1.346200
v 83.406761 175.104309 1.346200
v 83.476151 175.057465 1.346200
v 83.548630 175.017273 1.346200
v 83.623245 174.983963 1.346200
v 83.699074 174.957596 1.346200
v 83.775223 174.938034 1.346200
v 83.875839 174.922150 1.346200
v 83.973854 174.917099 1.346200
v 84.071861 174.922150 1.346200
v 84.172485 174.938034 1.346200
v 84.273994 174.965622 1.346200
v 84.374405 175.005402 1.346200
v 84.471550 175.057465 1.346200
v 84.563240 175.121338 1.346200
v 84.647369 175.196091 1.346200
v 84.722107 175.280212 1.346200
v 84.785988 175.371902 1.346200
v 84.838036 175.469055 1.346200
v 84.877831 175.569458 1.346200
v 84.905418 175.670959 1.346200
v 84.921295 175.771591 1.346200
v 83.973854 175.869598 1.371600
v 83.973854 175.869598 1.320800
f 3315 3316 3380
f 3380 3316 3381
f 3380 3381 3379
f 3379 3381 3382
f 3379 3382 3378
f 3378 3382 3383
f 3378 3383 3377
f 3377 3383 3384
f 3377 3384 3376
f 3376 3384 3385
f 3376 3385 3375
f 3375 3385 3386
f 3375 3386 3374
f 3374 3386 3387
f 3374 3387 3373
f 3373 3387 3372
f 3372 3387 3388
f 3372 3388 3371
f 3371 3388 3389
f 3371 3389 3370
f 3370 3389 3390
f 3370 3390 3369
f 3369 3390 3391
f 3369 3391 3368
f 3368 3391 3392
f 3368 3392 3367
f 3367 3392 3393
f 3367 3393 3366
f 3366 3393 3394
f 3366 3394 3365
f 3365 3394 3364
f 3364 3394 3395
f 3364 3395 3363
f 3363 3395 3396
f 3363 3396 3362
f 3362 3396 3397
f 3362 3397 3361
f 3361 3397 3398
f 3361 3398 3399
f 3399 3398 3336
f 3399 3336 3337
f 3316 3317 3381
f 3381 3317 3318
f 3381 3318 3382
f 3382 3318 3319
f 3382 3319 3383
f 3383 3319 3320
f 3383 3320 3384
f 3384 3320 3321
f 3384 3321 3385
f 3385 3321 3322
f 3385 3322 3386
f 3386 3322 3323
f 3386 3323 3387
f 3387 3323 3324
f 3387 3324 3325
f 3387 3325 3388
f 3388 3325 3326
f 3388 3326 3389
f 3389 3326 3327
f 3389 3327 3390
f 3390 3327 3328
f 3390 3328 3391
f 3391 3328 3329
f 3391 3329 3392
f 3392 3329 3330
f 3392 3330 3393
f 3393 3330 3331
f 3393 3331 3394
f 3394 3331 3332
f 3394 3332 3333
f 3394 3333 3395
f 3395 3333 3334
f 3395 3334 3396
f 3396 3334 3335
f 3396 3335 3397
f 3397 3335 3336
f 3397 3336 3398
f 3399 3337 3400
f 3400 3337 3338
f 3400 3338 3401
f 3401 3338 3339
f 3401 3339 3402
f 3402 3339 3340
f 3402 3340 3403
f 3403 3340 3341
f 3403 3341 3404
f 3404 3341 3342
f 3404 3342 3405
f 3405 3342 3406
f 3405 3406 3355
f 3355 3406 3354
f 3354 3406 3407
f 3354 3407 3353
f 3353 3407 3408
f 3353 3408 3352
f 3352 3408 3409
f 3352 3409 3351
f 3351 3409 3410
f 3351 3410 3350
f 3350 3410 3411
f 3350 3411 3349
f 3349 3411 3348
f 3348 3411 3347
f 3347 3411 3410
f 3347 3410 3346
f 3346 3410 3409
f 3346 3409 3345
f 3345 3409 3408
f 3345 3408 3344
f 3344 3408 3407
f 3344 3407 3343
f 3343 3407 3406
f 3343 3406 3342
f 3405 3355 3404
f 3404 3355 3356
f 3404 3356 3403
f 3403 3356 3357
f 3403 3357 3402
f 3402 3357 3358
f 3402 3358 3401
f 3401 3358 3359
f 3401 3359 3400
f 3400 3359 3360
f 3400 3360 3399
f 3399 3360 3361
f 3473 3316 3475
f 3475 3316 3315
f 3475 3315 3412
f 3475 3412 3474
f 3474 3412 3413
f 3474 3413 3476
f 3476 3413 3414
f 3476 3414 3477
f 3477 3414 3415
f 3477 3415 3478
f 3478 3415 3416
f 3478 3416 3479
f 3479 3416 3417
f 3479 3417 3480
f 3480 3417 3481
f 3480 3481 3468
f 3468 3481 3467
f 3467 3481 3482
f 3467 3482 3466
f 3466 3482 3483
f 3466 3483 3465
f 3465 3483 3484
f 3465 3484 3464
f 3464 3484 3485
f 3464 3485 3463
f 3463 3485 3486
f 3463 3486 3462
f 3462 3486 3487
f 3462 3487 3488
f 3488 3487 3423
f 3488 3423 3424
f 3417 3418 3481
f 3481 3418 3482
f 3418 3419 3482
f 3482 3419 3483
f 3419 3420 3483
f 3483 3420 3484
f 3420 3421 3484
f 3484 3421 3485
f 3421 3422 3485
f 3485 3422 3486
f 3422 3423 3486
f 3486 3423 3487
f 3488 3424 3489
f 3489 3424 3425
f 3489 3425 3490
f 3490 3425 3426
f 3490 3426 3491
f 3491 3426 3427
f 3491 3427 3428
f 3491 3428 3492
f 3492 3428 3429
f 3492 3429 3493
f 3493 3429 3430
f 3493 3430 3494
f 3494 3430 3431
f 3494 3431 3495
f 3495 3431 3432
f 3495 3432 3496
f 3496 3432 3433
f 3496 3433 3497
f 3497 3433 3434
f 3497 3434 3498
f 3498 3434 3435
f 3498 3435 3436
f 3498 3436 3499
f 3499 3436 3437
f 3499 3437 3500
f 3500 3437 3438
f 3500 3438 3501
f 3501 3438 3439
f 3501 3439 3502
f 3502 3439 3440
f 3502 3440 3503
f 3503 3440 3441
f 3503 3441 3504
f 3504 3441 3442
f 3504 3442 3348
f 3348 3442 3349
f 3348 3443 3504
f 3504 3443 3444
f 3504 3444 3503
f 3503 3444 3445
f 3503 3445 3502
f 3502 3445 3446
f 3502 3446 3501
f 3501 3446 3447
f 3501 3447 3500
f 3500 3447 3448
f 3500 3448 3499
f 3499 3448 3449
f 3499 3449 3498
f 3498 3449 3450
f 3498 3450 3451
f 3498 3451 3497
f 3497 3451 3452
f 3497 3452 3496
f 3496 3452 3453
f 3496 3453 3495
f 3495 3453 3454
f 3495 3454 3494
f 3494 3454 3455
f 3494 3455 3493
f 3493 3455 3456
f 3493 3456 3492
f 3492 3456 3457
f 3492 3457 3491
f 3491 3457 3458
f 3491 3458 3459
f 3491 3459 3490
f 3490 3459 3460
f 3490 3460 3489
f 3489 3460 3461
f 3489 3461 3488
f 3488 3461 3462
f 3480 3468 3479
f 3479 3468 3469
f 3479 3469 3478
f 3478 3469 3470
f 3478 3470 3477
f 3477 3470 3471
f 3477 3471 3476
f 3476 3471 3472
f 3476 3472 3474
f 3474 3472 3473
f 3474 3473 3475
f 3443 3348 3505
f 3505 3348 3347
f 3505 3347 3346
f 3346 3345 3505
f 3505 3345 3344
f 3505 3344 3343
f 3343 3342 3505
f 3505 3342 3341
f 3505 3341 3340
f 3340 3339 3505
f 3505 3339 3338
f 3505 3338 3337
f 3337 3336 3505
f 3505 3336 3335
f 3505 3335 3334
f 3334 3333 3505
f 3505 3333 3332
f 3505 3332 3331
f 3331 3330 3505
f 3505 3330 3329
f 3505 3329 3328
f 3328 3327 3505
f 3505 3327 3326
f 3505 3326 3325
f 3325 3324 3505
f 3505 3324 3323
f 3505 3323 3322
f 3322 3321 3505
f 3505 3321 3320
f 3505 3320 3319
f 3319 3318 3505
f 3505 3318 3317
f 3505 3317 3316
f 3316 3473 3505
f 3505 3473 3472
f 3505 3472 3471
f 3471 3470 3505
f 3505 3470 3469
f 3505 3469 3468
f 3468 3467 3505
f 3505 3467 3466
f 3505 3466 3465
f 3465 3464 3505
f 3505 3464 3463
f 3505 3463 3462
f 3462 3461 3505
f 3505 3461 3460
f 3505 3460 3459
f 3459 3458 3505
f 3505 3458 3457
f 3505 3457 3456
f 3456 3455 3505
f 3505 3455 3454
f 3505 3454 3453
f 3453 3452 3505
f 3505 3452 3451
f 3505 3451 3450
f 3450 3449 3505
f 3505 3449 3448
f 3505 3448 3447
f 3447 3446 3505
f 3505 3446 3445
f 3505 3445 3444
f 3444 3443 3505
f 3412 3315 3506
f 3506 3315 3380
f 3506 3380 3379
f 3379 3378 3506
f 3506 3378 3377
f 3506 3377 3376
f 3376 3375 3506
f 3506 3375 3374
f 3506 3374 3373
f 3373 3372 3506
f 3506 3372 3371
f 3506 3371 3370
f 3370 3369 3506
f 3506 3369 3368
f 3506 3368 3367
f 3367 3366 3506
f 3506 3366 3365
f 3506 3365 3364
f 3364 3363 3506
f 3506 3363 3362
f 3506 3362 3361
f 3361 3360 3506
f 3506 3360 3359
f 3506 3359 3358
f 3358 3357 3506
f 3506 3357 3356
f 3506 3356 3355
f 3355 3354 3506
f 3506 3354 3353
f 3506 3353 3352
f 3352 3351 3506
f 3506 3351 3350
f 3506 3350 3349
f 3349 3442 3506
f 3506 3442 3441
f 3506 3441 3440
f 3440 3439 3506
f 3506 3439 3438
f 3506 3438 3437
f 3437 3436 3506
f 3506 3436 3435
f 3506 3435 3434
f 3434 3433 3506
f 3506 3433 3432
f 3506 3432 3431
f 3431 3430 3506
f 3506 3430 3429
f 3506 3429 3428
f 3428 3427 3506
f 3506 3427 3426
f 3506 3426 3425
f 3425 3424 3506
f 3506 3424 3423
f 3506 3423 3422
f 3422 3421 3506
f 3506 3421 3420
f 3506 3420 3419
f 3419 3418 3506
f 3506 3418 3417
f 3506 3417 3416
f 3416 3415 3506
f 3506 3415 3414
f 3506 3414 3413
f 3413 3412 3506
g MeshBody18

v 208.497345 150.774399 1.320800
v 208.497345 150.774399 1.371600
v 208.501205 150.859985 1.371600
v 208.513260 150.947723 1.371600
v 208.534134 151.036484 1.371600
v 208.564224 151.125015 1.371600
v 208.603760 151.211868 1.371600
v 208.652603 151.295624 1.371600
v 208.710373 151.374756 1.371600
v 208.776321 151.447922 1.371600
v 208.849503 151.513870 1.371600
v 208.928635 151.571640 1.371600
v 209.012375 151.620499 1.371600
v 209.099243 151.660019 1.371600
v 209.187775 151.690125 1.371600
v 209.276520 151.710999 1.371600
v 209.364273 151.723038 1.371600
v 209.449844 151.726898 1.371600
v 209.535446 151.723038 1.371600
v 209.623169 151.710999 1.371600
v 209.711945 151.690125 1.371600
v 209.800461 151.660019 1.371600
v 209.887314 151.620499 1.371600
v 209.971069 151.571640 1.371600
v 210.050217 151.513870 1.371600
v 210.123367 151.447922 1.371600
v 210.189331 151.374756 1.371600
v 210.247086 151.295624 1.371600
v 210.295944 151.211868 1.371600
v 210.335480 151.125015 1.371600
v 210.365585 151.036484 1.371600
v 210.386459 150.947723 1.371600
v 210.398499 150.859985 1.371600
v 210.402344 150.774399 1.371600
v 210.402344 150.774399 1.320800
v 210.398499 150.859985 1.320800
v 210.386459 150.947723 1.320800
v 210.365585 151.036484 1.320800
v 210.335480 151.125015 1.320800
v 210.295944 151.211868 1.320800
v 210.247086 151.295624 1.320800
v 210.189331 151.374756 1.320800
v 210.123367 151.447922 1.320800
v 210.050217 151.513870 1.320800
v 209.971069 151.571640 1.320800
v 209.887314 151.620499 1.320800
v 209.800461 151.660019 1.320800
v 209.711945 151.690125 1.320800
v 209.623169 151.710999 1.320800
v 209.535446 151.723038 1.320800
v 209.449844 151.726898 1.320800
v 209.364273 151.723038 1.320800
v 209.276520 151.710999 1.320800
v 209.187775 151.690125 1.320800
v 209.099243 151.660019 1.320800
v 209.012375 151.620499 1.320800
v 208.928635 151.571640 1.320800
v 208.849503 151.513870 1.320800
v 208.776321 151.447922 1.320800
v 208.710373 151.374756 1.320800
v 208.652603 151.295624 1.320800
v 208.603760 151.211868 1.320800
v 208.564224 151.125015 1.320800
v 208.534134 151.036484 1.320800
v 208.513260 150.947723 1.320800
v 208.501205 150.859985 1.320800
v 208.502411 150.872406 1.346200
v 208.518295 150.973038 1.346200
v 208.545868 151.074539 1.346200
v 208.585663 151.174942 1.346200
v 208.637726 151.272095 1.346200
v 208.701599 151.363785 1.346200
v 208.776321 151.447922 1.346200
v 208.860458 151.522644 1.346200
v 208.952148 151.586533 1.346200
v 209.049316 151.638580 1.346200
v 209.149704 151.678375 1.346200
v 209.251221 151.705963 1.346200
v 209.351837 151.721848 1.346200
v 209.449844 151.726898 1.346200
v 209.547867 151.721848 1.346200
v 209.648483 151.705963 1.346200
v 209.724640 151.686401 1.346200
v 209.800461 151.660019 1.346200
v 209.875076 151.626709 1.346200
v 209.947556 151.586533 1.346200
v 210.016953 151.539688 1.346200
v 210.082367 151.486557 1.346200
v 210.143005 151.427704 1.346200
v 210.198090 151.363785 1.346200
v 210.247086 151.295624 1.346200
v 210.289520 151.224060 1.346200
v 210.325150 151.150070 1.346200
v 210.353821 151.074539 1.346200
v 210.375641 150.998398 1.346200
v 210.390762 150.922485 1.346200
v 210.399536 150.847595 1.346200
v 208.501205 150.688812 1.320800
v 208.513260 150.601074 1.320800
v 208.534134 150.512314 1.320800
v 208.564224 150.423798 1.320800
v 208.603760 150.336914 1.320800
v 208.652603 150.253174 1.320800
v 208.710373 150.174042 1.320800
v 208.776321 150.100876 1.320800
v 208.849503 150.034912 1.320800
v 208.928635 149.977158 1.320800
v 209.012375 149.928314 1.320800
v 209.099243 149.888779 1.320800
v 209.187775 149.858658 1.320800
v 209.276520 149.837799 1.320800
v 209.364273 149.825745 1.320800
v 209.449844 149.821899 1.320800
v 209.535446 149.825745 1.320800
v 209.623169 149.837799 1.320800
v 209.711945 149.858658 1.320800
v 209.800461 149.888779 1.320800
v 209.887314 149.928314 1.320800
v 209.971069 149.977158 1.320800
v 210.050217 150.034912 1.320800
v 210.123367 150.100876 1.320800
v 210.189331 150.174042 1.320800
v 210.247086 150.253174 1.320800
v 210.295944 150.336914 1.320800
v 210.335480 150.423798 1.320800
v 210.365585 150.512314 1.320800
v 210.386459 150.601074 1.320800
v 210.398499 150.688812 1.320800
v 210.398499 150.688812 1.371600
v 210.386459 150.601074 1.371600
v 210.365585 150.512314 1.371600
v 210.335480 150.423798 1.371600
v 210.295944 150.336914 1.371600
v 210.247086 150.253174 1.371600
v 210.189331 150.174042 1.371600
v 210.123367 150.100876 1.371600
v 210.050217 150.034912 1.371600
v 209.971069 149.977158 1.371600
v 209.887314 149.928314 1.371600
v 209.800461 149.888779 1.371600
v 209.711945 149.858658 1.371600
v 209.623169 149.837799 1.371600
v 209.535446 149.825745 1.371600
v 209.449844 149.821899 1.371600
v 209.364273 149.825745 1.371600
v 209.276520 149.837799 1.371600
v 209.187775 149.858658 1.371600
v 209.099243 149.888779 1.371600
v 209.012375 149.928314 1.371600
v 208.928635 149.977158 1.371600
v 208.849503 150.034912 1.371600
v 208.776321 150.100876 1.371600
v 208.710373 150.174042 1.371600
v 208.652603 150.253174 1.371600
v 208.603760 150.336914 1.371600
v 208.564224 150.423798 1.371600
v 208.534134 150.512314 1.371600
v 208.513260 150.601074 1.371600
v 208.501205 150.688812 1.371600
v 208.508942 150.626297 1.346200
v 208.500183 150.701202 1.346200
v 208.524078 150.550400 1.346200
v 208.545868 150.474258 1.346200
v 208.574554 150.398727 1.346200
v 208.610168 150.324722 1.346200
v 208.652603 150.253174 1.346200
v 208.701599 150.185013 1.346200
v 208.756714 150.121094 1.346200
v 208.817322 150.062241 1.346200
v 208.882751 150.009109 1.346200
v 208.952148 149.962265 1.346200
v 209.024628 149.922089 1.346200
v 209.099243 149.888779 1.346200
v 209.175079 149.862396 1.346200
v 209.251221 149.842834 1.346200
v 209.351837 149.826950 1.346200
v 209.449844 149.821899 1.346200
v 209.547867 149.826950 1.346200
v 209.648483 149.842834 1.346200
v 209.749985 149.870422 1.346200
v 209.850403 149.910202 1.346200
v 209.947556 149.962265 1.346200
v 210.039246 150.026154 1.346200
v 210.123367 150.100876 1.346200
v 210.198090 150.185013 1.346200
v 210.261993 150.276703 1.346200
v 210.314041 150.373856 1.346200
v 210.353821 150.474258 1.346200
v 210.381424 150.575775 1.346200
v 210.397293 150.676376 1.346200
v 209.449844 150.774399 1.371600
v 209.449844 150.774399 1.320800
f 3507 3508 3572
f 3572 3508 3573
f 3572 3573 3571
f 3571 3573 3574
f 3571 3574 3570
f 3570 3574 3575
f 3570 3575 3569
f 3569 3575 3576
f 3569 3576 3568
f 3568 3576 3577
f 3568 3577 3567
f 3567 3577 3578
f 3567 3578 3566
f 3566 3578 3579
f 3566 3579 3565
f 3565 3579 3564
f 3564 3579 3580
f 3564 3580 3563
f 3563 3580 3581
f 3563 3581 3562
f 3562 3581 3582
f 3562 3582 3561
f 3561 3582 3583
f 3561 3583 3560
f 3560 3583 3584
f 3560 3584 3559
f 3559 3584 3585
f 3559 3585 3558
f 3558 3585 3586
f 3558 3586 3557
f 3557 3586 3556
f 3556 3586 3587
f 3556 3587 3555
f 3555 3587 3588
f 3555 3588 3554
f 3554 3588 3589
f 3554 3589 3553
f 3553 3589 3590
f 3553 3590 3591
f 3591 3590 3528
f 3591 3528 3529
f 3508 3509 3573
f 3573 3509 3510
f 3573 3510 3574
f 3574 3510 3511
f 3574 3511 3575
f 3575 3511 3512
f 3575 3512 3576
f 3576 3512 3513
f 3576 3513 3577
f 3577 3513 3514
f 3577 3514 3578
f 3578 3514 3515
f 3578 3515 3579
f 3579 3515 3516
f 3579 3516 3517
f 3579 3517 3580
f 3580 3517 3518
f 3580 3518 3581
f 3581 3518 3519
f 3581 3519 3582
f 3582 3519 3520
f 3582 3520 3583
f 3583 3520 3521
f 3583 3521 3584
f 3584 3521 3522
f 3584 3522 3585
f 3585 3522 3523
f 3585 3523 3586
f 3586 3523 3524
f 3586 3524 3525
f 3586 3525 3587
f 3587 3525 3526
f 3587 3526 3588
f 3588 3526 3527
f 3588 3527 3589
f 3589 3527 3528
f 3589 3528 3590
f 3591 3529 3592
f 3592 3529 3530
f 3592 3530 3593
f 3593 3530 3531
f 3593 3531 3594
f 3594 3531 3532
f 3594 3532 3595
f 3595 3532 3533
f 3595 3533 3596
f 3596 3533 3534
f 3596 3534 3597
f 3597 3534 3598
f 3597 3598 3547
f 3547 3598 3546
f 3546 3598 3599
f 3546 3599 3545
f 3545 3599 3600
f 3545 3600 3544
f 3544 3600 3601
f 3544 3601 3543
f 3543 3601 3602
f 3543 3602 3542
f 3542 3602 3603
f 3542 3603 3541
f 3541 3603 3540
f 3540 3603 3539
f 3539 3603 3602
f 3539 3602 3538
f 3538 3602 3601
f 3538 3601 3537
f 3537 3601 3600
f 3537 3600 3536
f 3536 3600 3599
f 3536 3599 3535
f 3535 3599 3598
f 3535 3598 3534
f 3597 3547 3596
f 3596 3547 3548
f 3596 3548 3595
f 3595 3548 3549
f 3595 3549 3594
f 3594 3549 3550
f 3594 3550 3593
f 3593 3550 3551
f 3593 3551 3592
f 3592 3551 3552
f 3592 3552 3591
f 3591 3552 3553
f 3665 3508 3667
f 3667 3508 3507
f 3667 3507 3604
f 3667 3604 3666
f 3666 3604 3605
f 3666 3605 3668
f 3668 3605 3606
f 3668 3606 3669
f 3669 3606 3607
f 3669 3607 3670
f 3670 3607 3608
f 3670 3608 3671
f 3671 3608 3609
f 3671 3609 3672
f 3672 3609 3673
f 3672 3673 3660
f 3660 3673 3659
f 3659 3673 3674
f 3659 3674 3658
f 3658 3674 3675
f 3658 3675 3657
f 3657 3675 3676
f 3657 3676 3656
f 3656 3676 3677
f 3656 3677 3655
f 3655 3677 3678
f 3655 3678 3654
f 3654 3678 3679
f 3654 3679 3680
f 3680 3679 3615
f 3680 3615 3616
f 3609 3610 3673
f 3673 3610 3674
f 3610 3611 3674
f 3674 3611 3675
f 3611 3612 3675
f 3675 3612 3676
f 3612 3613 3676
f 3676 3613 3677
f 3613 3614 3677
f 3677 3614 3678
f 3614 3615 3678
f 3678 3615 3679
f 3680 3616 3681
f 3681 3616 3617
f 3681 3617 3682
f 3682 3617 3618
f 3682 3618 3683
f 3683 3618 3619
f 3683 3619 3620
f 3683 3620 3684
f 3684 3620 3621
f 3684 3621 3685
f 3685 3621 3622
f 3685 3622 3686
f 3686 3622 3623
f 3686 3623 3687
f 3687 3623 3624
f 3687 3624 3688
f 3688 3624 3625
f 3688 3625 3689
f 3689 3625 3626
f 3689 3626 3690
f 3690 3626 3627
f 3690 3627 3628
f 3690 3628 3691
f 3691 3628 3629
f 3691 3629 3692
f 3692 3629 3630
f 3692 3630 3693
f 3693 3630 3631
f 3693 3631 3694
f 3694 3631 3632
f 3694 3632 3695
f 3695 3632 3633
f 3695 3633 3696
f 3696 3633 3634
f 3696 3634 3540
f 3540 3634 3541
f 3540 3635 3696
f 3696 3635 3636
f 3696 3636 3695
f 3695 3636 3637
f 3695 3637 3694
f 3694 3637 3638
f 3694 3638 3693
f 3693 3638 3639
f 3693 3639 3692
f 3692 3639 3640
f 3692 3640 3691
f 3691 3640 3641
f 3691 3641 3690
f 3690 3641 3642
f 3690 3642 3643
f 3690 3643 3689
f 3689 3643 3644
f 3689 3644 3688
f 3688 3644 3645
f 3688 3645 3687
f 3687 3645 3646
f 3687 3646 3686
f 3686 3646 3647
f 3686 3647 3685
f 3685 3647 3648
f 3685 3648 3684
f 3684 3648 3649
f 3684 3649 3683
f 3683 3649 3650
f 3683 3650 3651
f 3683 3651 3682
f 3682 3651 3652
f 3682 3652 3681
f 3681 3652 3653
f 3681 3653 3680
f 3680 3653 3654
f 3672 3660 3671
f 3671 3660 3661
f 3671 3661 3670
f 3670 3661 3662
f 3670 3662 3669
f 3669 3662 3663
f 3669 3663 3668
f 3668 3663 3664
f 3668 3664 3666
f 3666 3664 3665
f 3666 3665 3667
f 3635 3540 3697
f 3697 3540 3539
f 3697 3539 3538
f 3538 3537 3697
f 3697 3537 3536
f 3697 3536 3535
f 3535 3534 3697
f 3697 3534 3533
f 3697 3533 3532
f 3532 3531 3697
f 3697 3531 3530
f 3697 3530 3529
f 3529 3528 3697
f 3697 3528 3527
f 3697 3527 3526
f 3526 3525 3697
f 3697 3525 3524
f 3697 3524 3523
f 3523 3522 3697
f 3697 3522 3521
f 3697 3521 3520
f 3520 3519 3697
f 3697 3519 3518
f 3697 3518 3517
f 3517 3516 3697
f 3697 3516 3515
f 3697 3515 3514
f 3514 3513 3697
f 3697 3513 3512
f 3697 3512 3511
f 3511 3510 3697
f 3697 3510 3509
f 3697 3509 3508
f 3508 3665 3697
f 3697 3665 3664
f 3697 3664 3663
f 3663 3662 3697
f 3697 3662 3661
f 3697 3661 3660
f 3660 3659 3697
f 3697 3659 3658
f 3697 3658 3657
f 3657 3656 3697
f 3697 3656 3655
f 3697 3655 3654
f 3654 3653 3697
f 3697 3653 3652
f 3697 3652 3651
f 3651 3650 3697
f 3697 3650 3649
f 3697 3649 3648
f 3648 3647 3697
f 3697 3647 3646
f 3697 3646 3645
f 3645 3644 3697
f 3697 3644 3643
f 3697 3643 3642
f 3642 3641 3697
f 3697 3641 3640
f 3697 3640 3639
f 3639 3638 3697
f 3697 3638 3637
f 3697 3637 3636
f 3636 3635 3697
f 3604 3507 3698
f 3698 3507 3572
f 3698 3572 3571
f 3571 3570 3698
f 3698 3570 3569
f 3698 3569 3568
f 3568 3567 3698
f 3698 3567 3566
f 3698 3566 3565
f 3565 3564 3698
f 3698 3564 3563
f 3698 3563 3562
f 3562 3561 3698
f 3698 3561 3560
f 3698 3560 3559
f 3559 3558 3698
f 3698 3558 3557
f 3698 3557 3556
f 3556 3555 3698
f 3698 3555 3554
f 3698 3554 3553
f 3553 3552 3698
f 3698 3552 3551
f 3698 3551 3550
f 3550 3549 3698
f 3698 3549 3548
f 3698 3548 3547
f 3547 3546 3698
f 3698 3546 3545
f 3698 3545 3544
f 3544 3543 3698
f 3698 3543 3542
f 3698 3542 3541
f 3541 3634 3698
f 3698 3634 3633
f 3698 3633 3632
f 3632 3631 3698
f 3698 3631 3630
f 3698 3630 3629
f 3629 3628 3698
f 3698 3628 3627
f 3698 3627 3626
f 3626 3625 3698
f 3698 3625 3624
f 3698 3624 3623
f 3623 3622 3698
f 3698 3622 3621
f 3698 3621 3620
f 3620 3619 3698
f 3698 3619 3618
f 3698 3618 3617
f 3617 3616 3698
f 3698 3616 3615
f 3698 3615 3614
f 3614 3613 3698
f 3698 3613 3612
f 3698 3612 3611
f 3611 3610 3698
f 3698 3610 3609
f 3698 3609 3608
f 3608 3607 3698
f 3698 3607 3606
f 3698 3606 3605
f 3605 3604 3698
g MeshBody19

v 208.497345 75.488800 1.320800
v 208.497345 75.488800 1.371600
v 208.501205 75.574387 1.371600
v 208.513260 75.662117 1.371600
v 208.534134 75.750885 1.371600
v 208.564224 75.839409 1.371600
v 208.603760 75.926277 1.371600
v 208.652603 76.010017 1.371600
v 208.710373 76.089157 1.371600
v 208.776321 76.162315 1.371600
v 208.849503 76.228279 1.371600
v 208.928635 76.286034 1.371600
v 209.012375 76.334892 1.371600
v 209.099243 76.374420 1.371600
v 209.187775 76.404533 1.371600
v 209.276520 76.425400 1.371600
v 209.364273 76.437447 1.371600
v 209.449844 76.441299 1.371600
v 209.535446 76.437447 1.371600
v 209.623169 76.425400 1.371600
v 209.711945 76.404533 1.371600
v 209.800461 76.374420 1.371600
v 209.887314 76.334892 1.371600
v 209.971069 76.286034 1.371600
v 210.050217 76.228279 1.371600
v 210.123367 76.162315 1.371600
v 210.189331 76.089157 1.371600
v 210.247086 76.010017 1.371600
v 210.295944 75.926277 1.371600
v 210.335480 75.839409 1.371600
v 210.365585 75.750885 1.371600
v 210.386459 75.662117 1.371600
v 210.398499 75.574387 1.371600
v 210.402344 75.488800 1.371600
v 210.402344 75.488800 1.320800
v 210.398499 75.574387 1.320800
v 210.386459 75.662117 1.320800
v 210.365585 75.750885 1.320800
v 210.335480 75.839409 1.320800
v 210.295944 75.926277 1.320800
v 210.247086 76.010017 1.320800
v 210.189331 76.089157 1.320800
v 210.123367 76.162315 1.320800
v 210.050217 76.228279 1.320800
v 209.971069 76.286034 1.320800
v 209.887314 76.334892 1.320800
v 209.800461 76.374420 1.320800
v 209.711945 76.404533 1.320800
v 209.623169 76.425400 1.320800
v 209.535446 76.437447 1.320800
v 209.449844 76.441299 1.320800
v 209.364273 76.437447 1.320800
v 209.276520 76.425400 1.320800
v 209.187775 76.404533 1.320800
v 209.099243 76.374420 1.320800
v 209.012375 76.334892 1.320800
v 208.928635 76.286034 1.320800
v 208.849503 76.228279 1.320800
v 208.776321 76.162315 1.320800
v 208.710373 76.089157 1.320800
v 208.652603 76.010017 1.320800
v 208.603760 75.926277 1.320800
v 208.564224 75.839409 1.320800
v 208.534134 75.750885 1.320800
v 208.513260 75.662117 1.320800
v 208.501205 75.574387 1.320800
v 208.502411 75.586807 1.346200
v 208.518295 75.687431 1.346200
v 208.545868 75.788933 1.346200
v 208.585663 75.889343 1.346200
v 208.637726 75.986496 1.346200
v 208.701599 76.078186 1.346200
v 208.776321 76.162315 1.346200
v 208.860458 76.237053 1.346200
v 208.952148 76.300926 1.346200
v 209.049316 76.352982 1.346200
v 209.149704 76.392776 1.346200
v 209.251221 76.420357 1.346200
v 209.351837 76.436241 1.346200
v 209.449844 76.441299 1.346200
v 209.547867 76.436241 1.346200
v 209.648483 76.420357 1.346200
v 209.724640 76.400803 1.346200
v 209.800461 76.374420 1.346200
v 209.875076 76.341118 1.346200
v 209.947556 76.300926 1.346200
v 210.016953 76.254082 1.346200
v 210.082367 76.200958 1.346200
v 210.143005 76.142097 1.346200
v 210.198090 76.078186 1.346200
v 210.247086 76.010017 1.346200
v 210.289520 75.938461 1.346200
v 210.325150 75.864464 1.346200
v 210.353821 75.788933 1.346200
v 210.375641 75.712791 1.346200
v 210.390762 75.636894 1.346200
v 210.399536 75.562004 1.346200
v 208.501205 75.403214 1.320800
v 208.513260 75.315475 1.320800
v 208.534134 75.226707 1.320800
v 208.564224 75.138191 1.320800
v 208.603760 75.051315 1.320800
v 208.652603 74.967583 1.320800
v 208.710373 74.888443 1.320800
v 208.776321 74.815285 1.320800
v 208.849503 74.749321 1.320800
v 208.928635 74.691559 1.320800
v 209.012375 74.642708 1.320800
v 209.099243 74.603180 1.320800
v 209.187775 74.573067 1.320800
v 209.276520 74.552200 1.320800
v 209.364273 74.540154 1.320800
v 209.449844 74.536301 1.320800
v 209.535446 74.540154 1.320800
v 209.623169 74.552200 1.320800
v 209.711945 74.573067 1.320800
v 209.800461 74.603180 1.320800
v 209.887314 74.642708 1.320800
v 209.971069 74.691559 1.320800
v 210.050217 74.749321 1.320800
v 210.123367 74.815285 1.320800
v 210.189331 74.888443 1.320800
v 210.247086 74.967583 1.320800
v 210.295944 75.051315 1.320800
v 210.335480 75.138191 1.320800
v 210.365585 75.226707 1.320800
v 210.386459 75.315475 1.320800
v 210.398499 75.403214 1.320800
v 210.398499 75.403214 1.371600
v 210.386459 75.315475 1.371600
v 210.365585 75.226707 1.371600
v 210.335480 75.138191 1.371600
v 210.295944 75.051315 1.371600
v 210.247086 74.967583 1.371600
v 210.189331 74.888443 1.371600
v 210.123367 74.815285 1.371600
v 210.050217 74.749321 1.371600
v 209.971069 74.691559 1.371600
v 209.887314 74.642708 1.371600
v 209.800461 74.603180 1.371600
v 209.711945 74.573067 1.371600
v 209.623169 74.552200 1.371600
v 209.535446 74.540154 1.371600
v 209.449844 74.536301 1.371600
v 209.364273 74.540154 1.371600
v 209.276520 74.552200 1.371600
v 209.187775 74.573067 1.371600
v 209.099243 74.603180 1.371600
v 209.012375 74.642708 1.371600
v 208.928635 74.691559 1.371600
v 208.849503 74.749321 1.371600
v 208.776321 74.815285 1.371600
v 208.710373 74.888443 1.371600
v 208.652603 74.967583 1.371600
v 208.603760 75.051315 1.371600
v 208.564224 75.138191 1.371600
v 208.534134 75.226707 1.371600
v 208.513260 75.315475 1.371600
v 208.501205 75.403214 1.371600
v 208.508942 75.340706 1.346200
v 208.500183 75.415596 1.346200
v 208.524078 75.264801 1.346200
v 208.545868 75.188660 1.346200
v 208.574554 75.113136 1.346200
v 208.610168 75.039131 1.346200
v 208.652603 74.967583 1.346200
v 208.701599 74.899406 1.346200
v 208.756714 74.835503 1.346200
v 208.817322 74.776634 1.346200
v 208.882751 74.723511 1.346200
v 208.952148 74.676674 1.346200
v 209.024628 74.636482 1.346200
v 209.099243 74.603180 1.346200
v 209.175079 74.576797 1.346200
v 209.251221 74.557243 1.346200
v 209.351837 74.541351 1.346200
v 209.449844 74.536301 1.346200
v 209.547867 74.541351 1.346200
v 209.648483 74.557243 1.346200
v 209.749985 74.584824 1.346200
v 209.850403 74.624611 1.346200
v 209.947556 74.676674 1.346200
v 210.039246 74.740547 1.346200
v 210.123367 74.815285 1.346200
v 210.198090 74.899406 1.346200
v 210.261993 74.991096 1.346200
v 210.314041 75.088257 1.346200
v 210.353821 75.188660 1.346200
v 210.381424 75.290169 1.346200
v 210.397293 75.390785 1.346200
v 209.449844 75.488800 1.371600
v 209.449844 75.488800 1.320800
f 3699 3700 3764
f 3764 3700 3765
f 3764 3765 3763
f 3763 3765 3766
f 3763 3766 3762
f 3762 3766 3767
f 3762 3767 3761
f 3761 3767 3768
f 3761 3768 3760
f 3760 3768 3769
f 3760 3769 3759
f 3759 3769 3770
f 3759 3770 3758
f 3758 3770 3771
f 3758 3771 3757
f 3757 3771 3756
f 3756 3771 3772
f 3756 3772 3755
f 3755 3772 3773
f 3755 3773 3754
f 3754 3773 3774
f 3754 3774 3753
f 3753 3774 3775
f 3753 3775 3752
f 3752 3775 3776
f 3752 3776 3751
f 3751 3776 3777
f 3751 3777 3750
f 3750 3777 3778
f 3750 3778 3749
f 3749 3778 3748
f 3748 3778 3779
f 3748 3779 3747
f 3747 3779 3780
f 3747 3780 3746
f 3746 3780 3781
f 3746 3781 3745
f 3745 3781 3782
f 3745 3782 3783
f 3783 3782 3720
f 3783 3720 3721
f 3700 3701 3765
f 3765 3701 3702
f 3765 3702 3766
f 3766 3702 3703
f 3766 3703 3767
f 3767 3703 3704
f 3767 3704 3768
f 3768 3704 3705
f 3768 3705 3769
f 3769 3705 3706
f 3769 3706 3770
f 3770 3706 3707
f 3770 3707 3771
f 3771 3707 3708
f 3771 3708 3709
f 3771 3709 3772
f 3772 3709 3710
f 3772 3710 3773
f 3773 3710 3711
f 3773 3711 3774
f 3774 3711 3712
f 3774 3712 3775
f 3775 3712 3713
f 3775 3713 3776
f 3776 3713 3714
f 3776 3714 3777
f 3777 3714 3715
f 3777 3715 3778
f 3778 3715 3716
f 3778 3716 3717
f 3778 3717 3779
f 3779 3717 3718
f 3779 3718 3780
f 3780 3718 3719
f 3780 3719 3781
f 3781 3719 3720
f 3781 3720 3782
f 3783 3721 3784
f 3784 3721 3722
f 3784 3722 3785
f 3785 3722 3723
f 3785 3723 3786
f 3786 3723 3724
f 3786 3724 3787
f 3787 3724 3725
f 3787 3725 3788
f 3788 3725 3726
f 3788 3726 3789
f 3789 3726 3790
f 3789 3790 3739
f 3739 3790 3738
f 3738 3790 3791
f 3738 3791 3737
f 3737 3791 3792
f 3737 3792 3736
f 3736 3792 3793
f 3736 3793 3735
f 3735 3793 3794
f 3735 3794 3734
f 3734 3794 3795
f 3734 3795 3733
f 3733 3795 3732
f 3732 3795 3731
f 3731 3795 3794
f 3731 3794 3730
f 3730 3794 3793
f 3730 3793 3729
f 3729 3793 3792
f 3729 3792 3728
f 3728 3792 3791
f 3728 3791 3727
f 3727 3791 3790
f 3727 3790 3726
f 3789 3739 3788
f 3788 3739 3740
f 3788 3740 3787
f 3787 3740 3741
f 3787 3741 3786
f 3786 3741 3742
f 3786 3742 3785
f 3785 3742 3743
f 3785 3743 3784
f 3784 3743 3744
f 3784 3744 3783
f 3783 3744 3745
f 3857 3700 3859
f 3859 3700 3699
f 3859 3699 3796
f 3859 3796 3858
f 3858 3796 3797
f 3858 3797 3860
f 3860 3797 3798
f 3860 3798 3861
f 3861 3798 3799
f 3861 3799 3862
f 3862 3799 3800
f 3862 3800 3863
f 3863 3800 3801
f 3863 3801 3864
f 3864 3801 3865
f 3864 3865 3852
f 3852 3865 3851
f 3851 3865 3866
f 3851 3866 3850
f 3850 3866 3867
f 3850 3867 3849
f 3849 3867 3868
f 3849 3868 3848
f 3848 3868 3869
f 3848 3869 3847
f 3847 3869 3870
f 3847 3870 3846
f 3846 3870 3871
f 3846 3871 3872
f 3872 3871 3807
f 3872 3807 3808
f 3801 3802 3865
f 3865 3802 3866
f 3802 3803 3866
f 3866 3803 3867
f 3803 3804 3867
f 3867 3804 3868
f 3804 3805 3868
f 3868 3805 3869
f 3805 3806 3869
f 3869 3806 3870
f 3806 3807 3870
f 3870 3807 3871
f 3872 3808 3873
f 3873 3808 3809
f 3873 3809 3874
f 3874 3809 3810
f 3874 3810 3875
f 3875 3810 3811
f 3875 3811 3812
f 3875 3812 3876
f 3876 3812 3813
f 3876 3813 3877
f 3877 3813 3814
f 3877 3814 3878
f 3878 3814 3815
f 3878 3815 3879
f 3879 3815 3816
f 3879 3816 3880
f 3880 3816 3817
f 3880 3817 3881
f 3881 3817 3818
f 3881 3818 3882
f 3882 3818 3819
f 3882 3819 3820
f 3882 3820 3883
f 3883 3820 3821
f 3883 3821 3884
f 3884 3821 3822
f 3884 3822 3885
f 3885 3822 3823
f 3885 3823 3886
f 3886 3823 3824
f 3886 3824 3887
f 3887 3824 3825
f 3887 3825 3888
f 3888 3825 3826
f 3888 3826 3732
f 3732 3826 3733
f 3732 3827 3888
f 3888 3827 3828
f 3888 3828 3887
f 3887 3828 3829
f 3887 3829 3886
f 3886 3829 3830
f 3886 3830 3885
f 3885 3830 3831
f 3885 3831 3884
f 3884 3831 3832
f 3884 3832 3883
f 3883 3832 3833
f 3883 3833 3882
f 3882 3833 3834
f 3882 3834 3835
f 3882 3835 3881
f 3881 3835 3836
f 3881 3836 3880
f 3880 3836 3837
f 3880 3837 3879
f 3879 3837 3838
f 3879 3838 3878
f 3878 3838 3839
f 3878 3839 3877
f 3877 3839 3840
f 3877 3840 3876
f 3876 3840 3841
f 3876 3841 3875
f 3875 3841 3842
f 3875 3842 3843
f 3875 3843 3874
f 3874 3843 3844
f 3874 3844 3873
f 3873 3844 3845
f 3873 3845 3872
f 3872 3845 3846
f 3864 3852 3863
f 3863 3852 3853
f 3863 3853 3862
f 3862 3853 3854
f 3862 3854 3861
f 3861 3854 3855
f 3861 3855 3860
f 3860 3855 3856
f 3860 3856 3858
f 3858 3856 3857
f 3858 3857 3859
f 3827 3732 3889
f 3889 3732 3731
f 3889 3731 3730
f 3730 3729 3889
f 3889 3729 3728
f 3889 3728 3727
f 3727 3726 3889
f 3889 3726 3725
f 3889 3725 3724
f 3724 3723 3889
f 3889 3723 3722
f 3889 3722 3721
f 3721 3720 3889
f 3889 3720 3719
f 3889 3719 3718
f 3718 3717 3889
f 3889 3717 3716
f 3889 3716 3715
f 3715 3714 3889
f 3889 3714 3713
f 3889 3713 3712
f 3712 3711 3889
f 3889 3711 3710
f 3889 3710 3709
f 3709 3708 3889
f 3889 3708 3707
f 3889 3707 3706
f 3706 3705 3889
f 3889 3705 3704
f 3889 3704 3703
f 3703 3702 3889
f 3889 3702 3701
f 3889 3701 3700
f 3700 3857 3889
f 3889 3857 3856
f 3889 3856 3855
f 3855 3854 3889
f 3889 3854 3853
f 3889 3853 3852
f 3852 3851 3889
f 3889 3851 3850
f 3889 3850 3849
f 3849 3848 3889
f 3889 3848 3847
f 3889 3847 3846
f 3846 3845 3889
f 3889 3845 3844
f 3889 3844 3843
f 3843 3842 3889
f 3889 3842 3841
f 3889 3841 3840
f 3840 3839 3889
f 3889 3839 3838
f 3889 3838 3837
f 3837 3836 3889
f 3889 3836 3835
f 3889 3835 3834
f 3834 3833 3889
f 3889 3833 3832
f 3889 3832 3831
f 3831 3830 3889
f 3889 3830 3829
f 3889 3829 3828
f 3828 3827 3889
f 3796 3699 3890
f 3890 3699 3764
f 3890 3764 3763
f 3763 3762 3890
f 3890 3762 3761
f 3890 3761 3760
f 3760 3759 3890
f 3890 3759 3758
f 3890 3758 3757
f 3757 3756 3890
f 3890 3756 3755
f 3890 3755 3754
f 3754 3753 3890
f 3890 3753 3752
f 3890 3752 3751
f 3751 3750 3890
f 3890 3750 3749
f 3890 3749 3748
f 3748 3747 3890
f 3890 3747 3746
f 3890 3746 3745
f 3745 3744 3890
f 3890 3744 3743
f 3890 3743 3742
f 3742 3741 3890
f 3890 3741 3740
f 3890 3740 3739
f 3739 3738 3890
f 3890 3738 3737
f 3890 3737 3736
f 3736 3735 3890
f 3890 3735 3734
f 3890 3734 3733
f 3733 3826 3890
f 3890 3826 3825
f 3890 3825 3824
f 3824 3823 3890
f 3890 3823 3822
f 3890 3822 3821
f 3821 3820 3890
f 3890 3820 3819
f 3890 3819 3818
f 3818 3817 3890
f 3890 3817 3816
f 3890 3816 3815
f 3815 3814 3890
f 3890 3814 3813
f 3890 3813 3812
f 3812 3811 3890
f 3890 3811 3810
f 3890 3810 3809
f 3809 3808 3890
f 3890 3808 3807
f 3890 3807 3806
f 3806 3805 3890
f 3890 3805 3804
f 3890 3804 3803
f 3803 3802 3890
f 3890 3802 3801
f 3890 3801 3800
f 3800 3799 3890
f 3890 3799 3798
f 3890 3798 3797
f 3797 3796 3890
g MeshBody20

v 183.402161 150.774399 1.320800
v 183.402161 150.774399 1.371600
v 183.406006 150.859985 1.371600
v 183.418045 150.947723 1.371600
v 183.438919 151.036484 1.371600
v 183.469025 151.125015 1.371600
v 183.508560 151.211868 1.371600
v 183.557419 151.295624 1.371600
v 183.615189 151.374756 1.371600
v 183.681137 151.447922 1.371600
v 183.754288 151.513870 1.371600
v 183.833420 151.571640 1.371600
v 183.917175 151.620499 1.371600
v 184.004044 151.660019 1.371600
v 184.092560 151.690125 1.371600
v 184.181335 151.710999 1.371600
v 184.269058 151.723038 1.371600
v 184.354660 151.726898 1.371600
v 184.440231 151.723038 1.371600
v 184.527985 151.710999 1.371600
v 184.616730 151.690125 1.371600
v 184.705261 151.660019 1.371600
v 184.792130 151.620499 1.371600
v 184.875870 151.571640 1.371600
v 184.955002 151.513870 1.371600
v 185.028183 151.447922 1.371600
v 185.094131 151.374756 1.371600
v 185.151886 151.295624 1.371600
v 185.200745 151.211868 1.371600
v 185.240280 151.125015 1.371600
v 185.270401 151.036484 1.371600
v 185.291245 150.947723 1.371600
v 185.303299 150.859985 1.371600
v 185.307159 150.774399 1.371600
v 185.307159 150.774399 1.320800
v 185.303299 150.859985 1.320800
v 185.291245 150.947723 1.320800
v 185.270401 151.036484 1.320800
v 185.240280 151.125015 1.320800
v 185.200745 151.211868 1.320800
v 185.151886 151.295624 1.320800
v 185.094131 151.374756 1.320800
v 185.028183 151.447922 1.320800
v 184.955002 151.513870 1.320800
v 184.875870 151.571640 1.320800
v 184.792130 151.620499 1.320800
v 184.705261 151.660019 1.320800
v 184.616730 151.690125 1.320800
v 184.527985 151.710999 1.320800
v 184.440231 151.723038 1.320800
v 184.354660 151.726898 1.320800
v 184.269058 151.723038 1.320800
v 184.181335 151.710999 1.320800
v 184.092560 151.690125 1.320800
v 184.004044 151.660019 1.320800
v 183.917175 151.620499 1.320800
v 183.833420 151.571640 1.320800
v 183.754288 151.513870 1.320800
v 183.681137 151.447922 1.320800
v 183.615189 151.374756 1.320800
v 183.557419 151.295624 1.320800
v 183.508560 151.211868 1.320800
v 183.469025 151.125015 1.320800
v 183.438919 151.036484 1.320800
v 183.418045 150.947723 1.320800
v 183.406006 150.859985 1.320800
v 183.407211 150.872406 1.346200
v 183.423080 150.973038 1.346200
v 183.450684 151.074539 1.346200
v 183.490463 151.174942 1.346200
v 183.542511 151.272095 1.346200
v 183.606400 151.363785 1.346200
v 183.681137 151.447922 1.346200
v 183.765274 151.522644 1.346200
v 183.856949 151.586533 1.346200
v 183.954102 151.638580 1.346200
v 184.054520 151.678375 1.346200
v 184.156021 151.705963 1.346200
v 184.256638 151.721848 1.346200
v 184.354660 151.726898 1.346200
v 184.452667 151.721848 1.346200
v 184.553284 151.705963 1.346200
v 184.629425 151.686401 1.346200
v 184.705261 151.660019 1.346200
v 184.779877 151.626709 1.346200
v 184.852356 151.586533 1.346200
v 184.921753 151.539688 1.346200
v 184.987167 151.486557 1.346200
v 185.047791 151.427704 1.346200
v 185.102905 151.363785 1.346200
v 185.151886 151.295624 1.346200
v 185.194336 151.224060 1.346200
v 185.229950 151.150070 1.346200
v 185.258636 151.074539 1.346200
v 185.280426 150.998398 1.346200
v 185.295563 150.922485 1.346200
v 185.304321 150.847595 1.346200
v 183.406006 150.688812 1.320800
v 183.418045 150.601074 1.320800
v 183.438919 150.512314 1.320800
v 183.469025 150.423798 1.320800
v 183.508560 150.336914 1.320800
v 183.557419 150.253174 1.320800
v 183.615189 150.174042 1.320800
v 183.681137 150.100876 1.320800
v 183.754288 150.034912 1.320800
v 183.833420 149.977158 1.320800
v 183.917175 149.928314 1.320800
v 184.004044 149.888779 1.320800
v 184.092560 149.858658 1.320800
v 184.181335 149.837799 1.320800
v 184.269058 149.825745 1.320800
v 184.354660 149.821899 1.320800
v 184.440231 149.825745 1.320800
v 184.527985 149.837799 1.320800
v 184.616730 149.858658 1.320800
v 184.705261 149.888779 1.320800
v 184.792130 149.928314 1.320800
v 184.875870 149.977158 1.320800
v 184.955002 150.034912 1.320800
v 185.028183 150.100876 1.320800
v 185.094131 150.174042 1.320800
v 185.151886 150.253174 1.320800
v 185.200745 150.336914 1.320800
v 185.240280 150.423798 1.320800
v 185.270401 150.512314 1.320800
v 185.291245 150.601074 1.320800
v 185.303299 150.688812 1.320800
v 185.303299 150.688812 1.371600
v 185.291245 150.601074 1.371600
v 185.270401 150.512314 1.371600
v 185.240280 150.423798 1.371600
v 185.200745 150.336914 1.371600
v 185.151886 150.253174 1.371600
v 185.094131 150.174042 1.371600
v 185.028183 150.100876 1.371600
v 184.955002 150.034912 1.371600
v 184.875870 149.977158 1.371600
v 184.792130 149.928314 1.371600
v 184.705261 149.888779 1.371600
v 184.616730 149.858658 1.371600
v 184.527985 149.837799 1.371600
v 184.440231 149.825745 1.371600
v 184.354660 149.821899 1.371600
v 184.269058 149.825745 1.371600
v 184.181335 149.837799 1.371600
v 184.092560 149.858658 1.371600
v 184.004044 149.888779 1.371600
v 183.917175 149.928314 1.371600
v 183.833420 149.977158 1.371600
v 183.754288 150.034912 1.371600
v 183.681137 150.100876 1.371600
v 183.615189 150.174042 1.371600
v 183.557419 150.253174 1.371600
v 183.508560 150.336914 1.371600
v 183.469025 150.423798 1.371600
v 183.438919 150.512314 1.371600
v 183.418045 150.601074 1.371600
v 183.406006 150.688812 1.371600
v 183.413742 150.626297 1.346200
v 183.404968 150.701202 1.346200
v 183.428864 150.550400 1.346200
v 183.450684 150.474258 1.346200
v 183.479355 150.398727 1.346200
v 183.514984 150.324722 1.346200
v 183.557419 150.253174 1.346200
v 183.606400 150.185013 1.346200
v 183.661499 150.121094 1.346200
v 183.722137 150.062241 1.346200
v 183.787552 150.009109 1.346200
v 183.856949 149.962265 1.346200
v 183.929428 149.922089 1.346200
v 184.004044 149.888779 1.346200
v 184.079865 149.862396 1.346200
v 184.156021 149.842834 1.346200
v 184.256638 149.826950 1.346200
v 184.354660 149.821899 1.346200
v 184.452667 149.826950 1.346200
v 184.553284 149.842834 1.346200
v 184.654785 149.870422 1.346200
v 184.755188 149.910202 1.346200
v 184.852356 149.962265 1.346200
v 184.944031 150.026154 1.346200
v 185.028183 150.100876 1.346200
v 185.102905 150.185013 1.346200
v 185.166779 150.276703 1.346200
v 185.218842 150.373856 1.346200
v 185.258636 150.474258 1.346200
v 185.286209 150.575775 1.346200
v 185.302094 150.676376 1.346200
v 184.354660 150.774399 1.371600
v 184.354660 150.774399 1.320800
f 3891 3892 3956
f 3956 3892 3957
f 3956 3957 3955
f 3955 3957 3958
f 3955 3958 3954
f 3954 3958 3959
f 3954 3959 3953
f 3953 3959 3960
f 3953 3960 3952
f 3952 3960 3961
f 3952 3961 3951
f 3951 3961 3962
f 3951 3962 3950
f 3950 3962 3963
f 3950 3963 3949
f 3949 3963 3948
f 3948 3963 3964
f 3948 3964 3947
f 3947 3964 3965
f 3947 3965 3946
f 3946 3965 3966
f 3946 3966 3945
f 3945 3966 3967
f 3945 3967 3944
f 3944 3967 3968
f 3944 3968 3943
f 3943 3968 3969
f 3943 3969 3942
f 3942 3969 3970
f 3942 3970 3941
f 3941 3970 3940
f 3940 3970 3971
f 3940 3971 3939
f 3939 3971 3972
f 3939 3972 3938
f 3938 3972 3973
f 3938 3973 3937
f 3937 3973 3974
f 3937 3974 3975
f 3975 3974 3912
f 3975 3912 3913
f 3892 3893 3957
f 3957 3893 3894
f 3957 3894 3958
f 3958 3894 3895
f 3958 3895 3959
f 3959 3895 3896
f 3959 3896 3960
f 3960 3896 3897
f 3960 3897 3961
f 3961 3897 3898
f 3961 3898 3962
f 3962 3898 3899
f 3962 3899 3963
f 3963 3899 3900
f 3963 3900 3901
f 3963 3901 3964
f 3964 3901 3902
f 3964 3902 3965
f 3965 3902 3903
f 3965 3903 3966
f 3966 3903 3904
f 3966 3904 3967
f 3967 3904 3905
f 3967 3905 3968
f 3968 3905 3906
f 3968 3906 3969
f 3969 3906 3907
f 3969 3907 3970
f 3970 3907 3908
f 3970 3908 3909
f 3970 3909 3971
f 3971 3909 3910
f 3971 3910 3972
f 3972 3910 3911
f 3972 3911 3973
f 3973 3911 3912
f 3973 3912 3974
f 3975 3913 3976
f 3976 3913 3914
f 3976 3914 3977
f 3977 3914 3915
f 3977 3915 3978
f 3978 3915 3916
f 3978 3916 3979
f 3979 3916 3917
f 3979 3917 3980
f 3980 3917 3918
f 3980 3918 3981
f 3981 3918 3982
f 3981 3982 3931
f 3931 3982 3930
f 3930 3982 3983
f 3930 3983 3929
f 3929 3983 3984
f 3929 3984 3928
f 3928 3984 3985
f 3928 3985 3927
f 3927 3985 3986
f 3927 3986 3926
f 3926 3986 3987
f 3926 3987 3925
f 3925 3987 3924
f 3924 3987 3923
f 3923 3987 3986
f 3923 3986 3922
f 3922 3986 3985
f 3922 3985 3921
f 3921 3985 3984
f 3921 3984 3920
f 3920 3984 3983
f 3920 3983 3919
f 3919 3983 3982
f 3919 3982 3918
f 3981 3931 3980
f 3980 3931 3932
f 3980 3932 3979
f 3979 3932 3933
f 3979 3933 3978
f 3978 3933 3934
f 3978 3934 3977
f 3977 3934 3935
f 3977 3935 3976
f 3976 3935 3936
f 3976 3936 3975
f 3975 3936 3937
f 4049 3892 4051
f 4051 3892 3891
f 4051 3891 3988
f 4051 3988 4050
f 4050 3988 3989
f 4050 3989 4052
f 4052 3989 3990
f 4052 3990 4053
f 4053 3990 3991
f 4053 3991 4054
f 4054 3991 3992
f 4054 3992 4055
f 4055 3992 3993
f 4055 3993 4056
f 4056 3993 4057
f 4056 4057 4044
f 4044 4057 4043
f 4043 4057 4058
f 4043 4058 4042
f 4042 4058 4059
f 4042 4059 4041
f 4041 4059 4060
f 4041 4060 4040
f 4040 4060 4061
f 4040 4061 4039
f 4039 4061 4062
f 4039 4062 4038
f 4038 4062 4063
f 4038 4063 4064
f 4064 4063 3999
f 4064 3999 4000
f 3993 3994 4057
f 4057 3994 4058
f 3994 3995 4058
f 4058 3995 4059
f 3995 3996 4059
f 4059 3996 4060
f 3996 3997 4060
f 4060 3997 4061
f 3997 3998 4061
f 4061 3998 4062
f 3998 3999 4062
f 4062 3999 4063
f 4064 4000 4065
f 4065 4000 4001
f 4065 4001 4066
f 4066 4001 4002
f 4066 4002 4067
f 4067 4002 4003
f 4067 4003 4004
f 4067 4004 4068
f 4068 4004 4005
f 4068 4005 4069
f 4069 4005 4006
f 4069 4006 4070
f 4070 4006 4007
f 4070 4007 4071
f 4071 4007 4008
f 4071 4008 4072
f 4072 4008 4009
f 4072 4009 4073
f 4073 4009 4010
f 4073 4010 4074
f 4074 4010 4011
f 4074 4011 4012
f 4074 4012 4075
f 4075 4012 4013
f 4075 4013 4076
f 4076 4013 4014
f 4076 4014 4077
f 4077 4014 4015
f 4077 4015 4078
f 4078 4015 4016
f 4078 4016 4079
f 4079 4016 4017
f 4079 4017 4080
f 4080 4017 4018
f 4080 4018 3924
f 3924 4018 3925
f 3924 4019 4080
f 4080 4019 4020
f 4080 4020 4079
f 4079 4020 4021
f 4079 4021 4078
f 4078 4021 4022
f 4078 4022 4077
f 4077 4022 4023
f 4077 4023 4076
f 4076 4023 4024
f 4076 4024 4075
f 4075 4024 4025
f 4075 4025 4074
f 4074 4025 4026
f 4074 4026 4027
f 4074 4027 4073
f 4073 4027 4028
f 4073 4028 4072
f 4072 4028 4029
f 4072 4029 4071
f 4071 4029 4030
f 4071 4030 4070
f 4070 4030 4031
f 4070 4031 4069
f 4069 4031 4032
f 4069 4032 4068
f 4068 4032 4033
f 4068 4033 4067
f 4067 4033 4034
f 4067 4034 4035
f 4067 4035 4066
f 4066 4035 4036
f 4066 4036 4065
f 4065 4036 4037
f 4065 4037 4064
f 4064 4037 4038
f 4056 4044 4055
f 4055 4044 4045
f 4055 4045 4054
f 4054 4045 4046
f 4054 4046 4053
f 4053 4046 4047
f 4053 4047 4052
f 4052 4047 4048
f 4052 4048 4050
f 4050 4048 4049
f 4050 4049 4051
f 4019 3924 4081
f 4081 3924 3923
f 4081 3923 3922
f 3922 3921 4081
f 4081 3921 3920
f 4081 3920 3919
f 3919 3918 4081
f 4081 3918 3917
f 4081 3917 3916
f 3916 3915 4081
f 4081 3915 3914
f 4081 3914 3913
f 3913 3912 4081
f 4081 3912 3911
f 4081 3911 3910
f 3910 3909 4081
f 4081 3909 3908
f 4081 3908 3907
f 3907 3906 4081
f 4081 3906 3905
f 4081 3905 3904
f 3904 3903 4081
f 4081 3903 3902
f 4081 3902 3901
f 3901 3900 4081
f 4081 3900 3899
f 4081 3899 3898
f 3898 3897 4081
f 4081 3897 3896
f 4081 3896 3895
f 3895 3894 4081
f 4081 3894 3893
f 4081 3893 3892
f 3892 4049 4081
f 4081 4049 4048
f 4081 4048 4047
f 4047 4046 4081
f 4081 4046 4045
f 4081 4045 4044
f 4044 4043 4081
f 4081 4043 4042
f 4081 4042 4041
f 4041 4040 4081
f 4081 4040 4039
f 4081 4039 4038
f 4038 4037 4081
f 4081 4037 4036
f 4081 4036 4035
f 4035 4034 4081
f 4081 4034 4033
f 4081 4033 4032
f 4032 4031 4081
f 4081 4031 4030
f 4081 4030 4029
f 4029 4028 4081
f 4081 4028 4027
f 4081 4027 4026
f 4026 4025 4081
f 4081 4025 4024
f 4081 4024 4023
f 4023 4022 4081
f 4081 4022 4021
f 4081 4021 4020
f 4020 4019 4081
f 3988 3891 4082
f 4082 3891 3956
f 4082 3956 3955
f 3955 3954 4082
f 4082 3954 3953
f 4082 3953 3952
f 3952 3951 4082
f 4082 3951 3950
f 4082 3950 3949
f 3949 3948 4082
f 4082 3948 3947
f 4082 3947 3946
f 3946 3945 4082
f 4082 3945 3944
f 4082 3944 3943
f 3943 3942 4082
f 4082 3942 3941
f 4082 3941 3940
f 3940 3939 4082
f 4082 3939 3938
f 4082 3938 3937
f 3937 3936 4082
f 4082 3936 3935
f 4082 3935 3934
f 3934 3933 4082
f 4082 3933 3932
f 4082 3932 3931
f 3931 3930 4082
f 4082 3930 3929
f 4082 3929 3928
f 3928 3927 4082
f 4082 3927 3926
f 4082 3926 3925
f 3925 4018 4082
f 4082 4018 4017
f 4082 4017 4016
f 4016 4015 4082
f 4082 4015 4014
f 4082 4014 4013
f 4013 4012 4082
f 4082 4012 4011
f 4082 4011 4010
f 4010 4009 4082
f 4082 4009 4008
f 4082 4008 4007
f 4007 4006 4082
f 4082 4006 4005
f 4082 4005 4004
f 4004 4003 4082
f 4082 4003 4002
f 4082 4002 4001
f 4001 4000 4082
f 4082 4000 3999
f 4082 3999 3998
f 3998 3997 4082
f 4082 3997 3996
f 4082 3996 3995
f 3995 3994 4082
f 4082 3994 3993
f 4082 3993 3992
f 3992 3991 4082
f 4082 3991 3990
f 4082 3990 3989
f 3989 3988 4082
g MeshBody21

v 158.306946 175.869598 1.320800
v 158.306946 175.869598 1.371600
v 158.310806 175.955185 1.371600
v 158.322861 176.042908 1.371600
v 158.343719 176.131683 1.371600
v 158.373825 176.220215 1.371600
v 158.413361 176.307083 1.371600
v 158.462219 176.390823 1.371600
v 158.519974 176.469955 1.371600
v 158.585938 176.543121 1.371600
v 158.659088 176.609085 1.371600
v 158.738235 176.666824 1.371600
v 158.821976 176.715683 1.371600
v 158.908844 176.755219 1.371600
v 158.997360 176.785324 1.371600
v 159.086136 176.806198 1.371600
v 159.173874 176.818237 1.371600
v 159.259460 176.822098 1.371600
v 159.345032 176.818237 1.371600
v 159.432770 176.806198 1.371600
v 159.521545 176.785324 1.371600
v 159.610062 176.755219 1.371600
v 159.696930 176.715683 1.371600
v 159.780670 176.666824 1.371600
v 159.859818 176.609085 1.371600
v 159.932968 176.543121 1.371600
v 159.998932 176.469955 1.371600
v 160.056686 176.390823 1.371600
v 160.105545 176.307083 1.371600
v 160.145081 176.220215 1.371600
v 160.175186 176.131683 1.371600
v 160.196060 176.042908 1.371600
v 160.208099 175.955185 1.371600
v 160.211960 175.869598 1.371600
v 160.211960 175.869598 1.320800
v 160.208099 175.955185 1.320800
v 160.196060 176.042908 1.320800
v 160.175186 176.131683 1.320800
v 160.145081 176.220215 1.320800
v 160.105545 176.307083 1.320800
v 160.056686 176.390823 1.320800
v 159.998932 176.469955 1.320800
v 159.932968 176.543121 1.320800
v 159.859818 176.609085 1.320800
v 159.780670 176.666824 1.320800
v 159.696930 176.715683 1.320800
v 159.610062 176.755219 1.320800
v 159.521545 176.785324 1.320800
v 159.432770 176.806198 1.320800
v 159.345032 176.818237 1.320800
v 159.259460 176.822098 1.320800
v 159.173874 176.818237 1.320800
v 159.086136 176.806198 1.320800
v 158.997360 176.785324 1.320800
v 158.908844 176.755219 1.320800
v 158.821976 176.715683 1.320800
v 158.738235 176.666824 1.320800
v 158.659088 176.609085 1.320800
v 158.585938 176.543121 1.320800
v 158.519974 176.469955 1.320800
v 158.462219 176.390823 1.320800
v 158.413361 176.307083 1.320800
v 158.373825 176.220215 1.320800
v 158.343719 176.131683 1.320800
v 158.322861 176.042908 1.320800
v 158.310806 175.955185 1.320800
v 158.312012 175.967606 1.346200
v 158.327896 176.068222 1.346200
v 158.355484 176.169724 1.346200
v 158.395264 176.270142 1.346200
v 158.447327 176.367294 1.346200
v 158.511200 176.459000 1.346200
v 158.585938 176.543121 1.346200
v 158.670059 176.617844 1.346200
v 158.761749 176.681732 1.346200
v 158.858902 176.733780 1.346200
v 158.959320 176.773575 1.346200
v 159.060822 176.801163 1.346200
v 159.161438 176.817032 1.346200
v 159.259460 176.822098 1.346200
v 159.357468 176.817032 1.346200
v 159.458084 176.801163 1.346200
v 159.534225 176.781616 1.346200
v 159.610062 176.755219 1.346200
v 159.684677 176.721909 1.346200
v 159.757156 176.681732 1.346200
v 159.826553 176.634872 1.346200
v 159.891968 176.581757 1.346200
v 159.952606 176.522903 1.346200
v 160.007706 176.459000 1.346200
v 160.056686 176.390823 1.346200
v 160.099136 176.319275 1.346200
v 160.134750 176.245270 1.346200
v 160.163422 176.169724 1.346200
v 160.185242 176.093597 1.346200
v 160.200363 176.017685 1.346200
v 160.209137 175.942810 1.346200
v 158.310806 175.784012 1.320800
v 158.322861 175.696274 1.320800
v 158.343719 175.607513 1.320800
v 158.373825 175.518997 1.320800
v 158.413361 175.432114 1.320800
v 158.462219 175.348389 1.320800
v 158.519974 175.269241 1.320800
v 158.585938 175.196091 1.320800
v 158.659088 175.130127 1.320800
v 158.738235 175.072357 1.320800
v 158.821976 175.023499 1.320800
v 158.908844 174.983963 1.320800
v 158.997360 174.953873 1.320800
v 159.086136 174.932999 1.320800
v 159.173874 174.920944 1.320800
v 159.259460 174.917099 1.320800
v 159.345032 174.920944 1.320800
v 159.432770 174.932999 1.320800
v 159.521545 174.953873 1.320800
v 159.610062 174.983963 1.320800
v 159.696930 175.023499 1.320800
v 159.780670 175.072357 1.320800
v 159.859818 175.130127 1.320800
v 159.932968 175.196091 1.320800
v 159.998932 175.269241 1.320800
v 160.056686 175.348389 1.320800
v 160.105545 175.432114 1.320800
v 160.145081 175.518997 1.320800
v 160.175186 175.607513 1.320800
v 160.196060 175.696274 1.320800
v 160.208099 175.784012 1.320800
v 160.208099 175.784012 1.371600
v 160.196060 175.696274 1.371600
v 160.175186 175.607513 1.371600
v 160.145081 175.518997 1.371600
v 160.105545 175.432114 1.371600
v 160.056686 175.348389 1.371600
v 159.998932 175.269241 1.371600
v 159.932968 175.196091 1.371600
v 159.859818 175.130127 1.371600
v 159.780670 175.072357 1.371600
v 159.696930 175.023499 1.371600
v 159.610062 174.983963 1.371600
v 159.521545 174.953873 1.371600
v 159.432770 174.932999 1.371600
v 159.345032 174.920944 1.371600
v 159.259460 174.917099 1.371600
v 159.173874 174.920944 1.371600
v 159.086136 174.932999 1.371600
v 158.997360 174.953873 1.371600
v 158.908844 174.983963 1.371600
v 158.821976 175.023499 1.371600
v 158.738235 175.072357 1.371600
v 158.659088 175.130127 1.371600
v 158.585938 175.196091 1.371600
v 158.519974 175.269241 1.371600
v 158.462219 175.348389 1.371600
v 158.413361 175.432114 1.371600
v 158.373825 175.518997 1.371600
v 158.343719 175.607513 1.371600
v 158.322861 175.696274 1.371600
v 158.310806 175.784012 1.371600
v 158.318527 175.721497 1.346200
v 158.309769 175.796402 1.346200
v 158.333664 175.645599 1.346200
v 158.355484 175.569458 1.346200
v 158.384155 175.493942 1.346200
v 158.419769 175.419922 1.346200
v 158.462219 175.348389 1.346200
v 158.511200 175.280212 1.346200
v 158.566315 175.216293 1.346200
v 158.626938 175.157440 1.346200
v 158.692352 175.104309 1.346200
v 158.761749 175.057465 1.346200
v 158.834229 175.017273 1.346200
v 158.908844 174.983963 1.346200
v 158.984680 174.957596 1.346200
v 159.060822 174.938034 1.346200
v 159.161438 174.922150 1.346200
v 159.259460 174.917099 1.346200
v 159.357468 174.922150 1.346200
v 159.458084 174.938034 1.346200
v 159.559586 174.965622 1.346200
v 159.660004 175.005402 1.346200
v 159.757156 175.057465 1.346200
v 159.848846 175.121338 1.346200
v 159.932968 175.196091 1.346200
v 160.007706 175.280212 1.346200
v 160.071579 175.371902 1.346200
v 160.123642 175.469055 1.346200
v 160.163422 175.569458 1.346200
v 160.191010 175.670959 1.346200
v 160.206894 175.771591 1.346200
v 159.259460 175.869598 1.371600
v 159.259460 175.869598 1.320800
f 4083 4084 4148
f 4148 4084 4149
f 4148 4149 4147
f 4147 4149 4150
f 4147 4150 4146
f 4146 4150 4151
f 4146 4151 4145
f 4145 4151 4152
f 4145 4152 4144
f 4144 4152 4153
f 4144 4153 4143
f 4143 4153 4154
f 4143 4154 4142
f 4142 4154 4155
f 4142 4155 4141
f 4141 4155 4140
f 4140 4155 4156
f 4140 4156 4139
f 4139 4156 4157
f 4139 4157 4138
f 4138 4157 4158
f 4138 4158 4137
f 4137 4158 4159
f 4137 4159 4136
f 4136 4159 4160
f 4136 4160 4135
f 4135 4160 4161
f 4135 4161 4134
f 4134 4161 4162
f 4134 4162 4133
f 4133 4162 4132
f 4132 4162 4163
f 4132 4163 4131
f 4131 4163 4164
f 4131 4164 4130
f 4130 4164 4165
f 4130 4165 4129
f 4129 4165 4166
f 4129 4166 4167
f 4167 4166 4104
f 4167 4104 4105
f 4084 4085 4149
f 4149 4085 4086
f 4149 4086 4150
f 4150 4086 4087
f 4150 4087 4151
f 4151 4087 4088
f 4151 4088 4152
f 4152 4088 4089
f 4152 4089 4153
f 4153 4089 4090
f 4153 4090 4154
f 4154 4090 4091
f 4154 4091 4155
f 4155 4091 4092
f 4155 4092 4093
f 4155 4093 4156
f 4156 4093 4094
f 4156 4094 4157
f 4157 4094 4095
f 4157 4095 4158
f 4158 4095 4096
f 4158 4096 4159
f 4159 4096 4097
f 4159 4097 4160
f 4160 4097 4098
f 4160 4098 4161
f 4161 4098 4099
f 4161 4099 4162
f 4162 4099 4100
f 4162 4100 4101
f 4162 4101 4163
f 4163 4101 4102
f 4163 4102 4164
f 4164 4102 4103
f 4164 4103 4165
f 4165 4103 4104
f 4165 4104 4166
f 4167 4105 4168
f 4168 4105 4106
f 4168 4106 4169
f 4169 4106 4107
f 4169 4107 4170
f 4170 4107 4108
f 4170 4108 4171
f 4171 4108 4109
f 4171 4109 4172
f 4172 4109 4110
f 4172 4110 4173
f 4173 4110 4174
f 4173 4174 4123
f 4123 4174 4122
f 4122 4174 4175
f 4122 4175 4121
f 4121 4175 4176
f 4121 4176 4120
f 4120 4176 4177
f 4120 4177 4119
f 4119 4177 4178
f 4119 4178 4118
f 4118 4178 4179
f 4118 4179 4117
f 4117 4179 4116
f 4116 4179 4115
f 4115 4179 4178
f 4115 4178 4114
f 4114 4178 4177
f 4114 4177 4113
f 4113 4177 4176
f 4113 4176 4112
f 4112 4176 4175
f 4112 4175 4111
f 4111 4175 4174
f 4111 4174 4110
f 4173 4123 4172
f 4172 4123 4124
f 4172 4124 4171
f 4171 4124 4125
f 4171 4125 4170
f 4170 4125 4126
f 4170 4126 4169
f 4169 4126 4127
f 4169 4127 4168
f 4168 4127 4128
f 4168 4128 4167
f 4167 4128 4129
f 4241 4084 4243
f 4243 4084 4083
f 4243 4083 4180
f 4243 4180 4242
f 4242 4180 4181
f 4242 4181 4244
f 4244 4181 4182
f 4244 4182 4245
f 4245 4182 4183
f 4245 4183 4246
f 4246 4183 4184
f 4246 4184 4247
f 4247 4184 4185
f 4247 4185 4248
f 4248 4185 4249
f 4248 4249 4236
f 4236 4249 4235
f 4235 4249 4250
f 4235 4250 4234
f 4234 4250 4251
f 4234 4251 4233
f 4233 4251 4252
f 4233 4252 4232
f 4232 4252 4253
f 4232 4253 4231
f 4231 4253 4254
f 4231 4254 4230
f 4230 4254 4255
f 4230 4255 4256
f 4256 4255 4191
f 4256 4191 4192
f 4185 4186 4249
f 4249 4186 4250
f 4186 4187 4250
f 4250 4187 4251
f 4187 4188 4251
f 4251 4188 4252
f 4188 4189 4252
f 4252 4189 4253
f 4189 4190 4253
f 4253 4190 4254
f 4190 4191 4254
f 4254 4191 4255
f 4256 4192 4257
f 4257 4192 4193
f 4257 4193 4258
f 4258 4193 4194
f 4258 4194 4259
f 4259 4194 4195
f 4259 4195 4196
f 4259 4196 4260
f 4260 4196 4197
f 4260 4197 4261
f 4261 4197 4198
f 4261 4198 4262
f 4262 4198 4199
f 4262 4199 4263
f 4263 4199 4200
f 4263 4200 4264
f 4264 4200 4201
f 4264 4201 4265
f 4265 4201 4202
f 4265 4202 4266
f 4266 4202 4203
f 4266 4203 4204
f 4266 4204 4267
f 4267 4204 4205
f 4267 4205 4268
f 4268 4205 4206
f 4268 4206 4269
f 4269 4206 4207
f 4269 4207 4270
f 4270 4207 4208
f 4270 4208 4271
f 4271 4208 4209
f 4271 4209 4272
f 4272 4209 4210
f 4272 4210 4116
f 4116 4210 4117
f 4116 4211 4272
f 4272 4211 4212
f 4272 4212 4271
f 4271 4212 4213
f 4271 4213 4270
f 4270 4213 4214
f 4270 4214 4269
f 4269 4214 4215
f 4269 4215 4268
f 4268 4215 4216
f 4268 4216 4267
f 4267 4216 4217
f 4267 4217 4266
f 4266 4217 4218
f 4266 4218 4219
f 4266 4219 4265
f 4265 4219 4220
f 4265 4220 4264
f 4264 4220 4221
f 4264 4221 4263
f 4263 4221 4222
f 4263 4222 4262
f 4262 4222 4223
f 4262 4223 4261
f 4261 4223 4224
f 4261 4224 4260
f 4260 4224 4225
f 4260 4225 4259
f 4259 4225 4226
f 4259 4226 4227
f 4259 4227 4258
f 4258 4227 4228
f 4258 4228 4257
f 4257 4228 4229
f 4257 4229 4256
f 4256 4229 4230
f 4248 4236 4247
f 4247 4236 4237
f 4247 4237 4246
f 4246 4237 4238
f 4246 4238 4245
f 4245 4238 4239
f 4245 4239 4244
f 4244 4239 4240
f 4244 4240 4242
f 4242 4240 4241
f 4242 4241 4243
f 4211 4116 4273
f 4273 4116 4115
f 4273 4115 4114
f 4114 4113 4273
f 4273 4113 4112
f 4273 4112 4111
f 4111 4110 4273
f 4273 4110 4109
f 4273 4109 4108
f 4108 4107 4273
f 4273 4107 4106
f 4273 4106 4105
f 4105 4104 4273
f 4273 4104 4103
f 4273 4103 4102
f 4102 4101 4273
f 4273 4101 4100
f 4273 4100 4099
f 4099 4098 4273
f 4273 4098 4097
f 4273 4097 4096
f 4096 4095 4273
f 4273 4095 4094
f 4273 4094 4093
f 4093 4092 4273
f 4273 4092 4091
f 4273 4091 4090
f 4090 4089 4273
f 4273 4089 4088
f 4273 4088 4087
f 4087 4086 4273
f 4273 4086 4085
f 4273 4085 4084
f 4084 4241 4273
f 4273 4241 4240
f 4273 4240 4239
f 4239 4238 4273
f 4273 4238 4237
f 4273 4237 4236
f 4236 4235 4273
f 4273 4235 4234
f 4273 4234 4233
f 4233 4232 4273
f 4273 4232 4231
f 4273 4231 4230
f 4230 4229 4273
f 4273 4229 4228
f 4273 4228 4227
f 4227 4226 4273
f 4273 4226 4225
f 4273 4225 4224
f 4224 4223 4273
f 4273 4223 4222
f 4273 4222 4221
f 4221 4220 4273
f 4273 4220 4219
f 4273 4219 4218
f 4218 4217 4273
f 4273 4217 4216
f 4273 4216 4215
f 4215 4214 4273
f 4273 4214 4213
f 4273 4213 4212
f 4212 4211 4273
f 4180 4083 4274
f 4274 4083 4148
f 4274 4148 4147
f 4147 4146 4274
f 4274 4146 4145
f 4274 4145 4144
f 4144 4143 4274
f 4274 4143 4142
f 4274 4142 4141
f 4141 4140 4274
f 4274 4140 4139
f 4274 4139 4138
f 4138 4137 4274
f 4274 4137 4136
f 4274 4136 4135
f 4135 4134 4274
f 4274 4134 4133
f 4274 4133 4132
f 4132 4131 4274
f 4274 4131 4130
f 4274 4130 4129
f 4129 4128 4274
f 4274 4128 4127
f 4274 4127 4126
f 4126 4125 4274
f 4274 4125 4124
f 4274 4124 4123
f 4123 4122 4274
f 4274 4122 4121
f 4274 4121 4120
f 4120 4119 4274
f 4274 4119 4118
f 4274 4118 4117
f 4117 4210 4274
f 4274 4210 4209
f 4274 4209 4208
f 4208 4207 4274
f 4274 4207 4206
f 4274 4206 4205
f 4205 4204 4274
f 4274 4204 4203
f 4274 4203 4202
f 4202 4201 4274
f 4274 4201 4200
f 4274 4200 4199
f 4199 4198 4274
f 4274 4198 4197
f 4274 4197 4196
f 4196 4195 4274
f 4274 4195 4194
f 4274 4194 4193
f 4193 4192 4274
f 4274 4192 4191
f 4274 4191 4190
f 4190 4189 4274
f 4274 4189 4188
f 4274 4188 4187
f 4187 4186 4274
f 4274 4186 4185
f 4274 4185 4184
f 4184 4183 4274
f 4274 4183 4182
f 4274 4182 4181
f 4181 4180 4274
g MeshBody22

v 83.021355 100.583992 1.320800
v 83.021355 100.583992 1.371600
v 83.025200 100.669579 1.371600
v 83.037254 100.757317 1.371600
v 83.058121 100.846092 1.371600
v 83.088234 100.934616 1.371600
v 83.127762 101.021477 1.371600
v 83.176620 101.105209 1.371600
v 83.234375 101.184357 1.371600
v 83.300331 101.257523 1.371600
v 83.373497 101.323471 1.371600
v 83.452637 101.381233 1.371600
v 83.536369 101.430084 1.371600
v 83.623245 101.469620 1.371600
v 83.711769 101.499733 1.371600
v 83.800529 101.520592 1.371600
v 83.888268 101.532646 1.371600
v 83.973854 101.536491 1.371600
v 84.059441 101.532646 1.371600
v 84.147179 101.520592 1.371600
v 84.235939 101.499733 1.371600
v 84.324463 101.469620 1.371600
v 84.411331 101.430084 1.371600
v 84.495071 101.381233 1.371600
v 84.574219 101.323471 1.371600
v 84.647369 101.257523 1.371600
v 84.713326 101.184357 1.371600
v 84.771095 101.105209 1.371600
v 84.819946 101.021477 1.371600
v 84.859482 100.934616 1.371600
v 84.889587 100.846092 1.371600
v 84.910454 100.757317 1.371600
v 84.922501 100.669579 1.371600
v 84.926353 100.583992 1.371600
v 84.926353 100.583992 1.320800
v 84.922501 100.669579 1.320800
v 84.910454 100.757317 1.320800
v 84.889587 100.846092 1.320800
v 84.859482 100.934616 1.320800
v 84.819946 101.021477 1.320800
v 84.771095 101.105209 1.320800
v 84.713326 101.184357 1.320800
v 84.647369 101.257523 1.320800
v 84.574219 101.323471 1.320800
v 84.495071 101.381233 1.320800
v 84.411331 101.430084 1.320800
v 84.324463 101.469620 1.320800
v 84.235939 101.499733 1.320800
v 84.147179 101.520592 1.320800
v 84.059441 101.532646 1.320800
v 83.973854 101.536491 1.320800
v 83.888268 101.532646 1.320800
v 83.800529 101.520592 1.320800
v 83.711769 101.499733 1.320800
v 83.623245 101.469620 1.320800
v 83.536369 101.430084 1.320800
v 83.452637 101.381233 1.320800
v 83.373497 101.323471 1.320800
v 83.300331 101.257523 1.320800
v 83.234375 101.184357 1.320800
v 83.176620 101.105209 1.320800
v 83.127762 101.021477 1.320800
v 83.088234 100.934616 1.320800
v 83.058121 100.846092 1.320800
v 83.037254 100.757317 1.320800
v 83.025200 100.669579 1.320800
v 83.026413 100.682014 1.346200
v 83.042297 100.782623 1.346200
v 83.069878 100.884132 1.346200
v 83.109665 100.984543 1.346200
v 83.161728 101.081696 1.346200
v 83.225609 101.173386 1.346200
v 83.300331 101.257523 1.346200
v 83.384460 101.332245 1.346200
v 83.476151 101.396126 1.346200
v 83.573311 101.448189 1.346200
v 83.673721 101.487984 1.346200
v 83.775223 101.515556 1.346200
v 83.875839 101.531448 1.346200
v 83.973854 101.536491 1.346200
v 84.071861 101.531448 1.346200
v 84.172485 101.515556 1.346200
v 84.248634 101.496002 1.346200
v 84.324463 101.469620 1.346200
v 84.399078 101.436317 1.346200
v 84.471550 101.396126 1.346200
v 84.540955 101.349274 1.346200
v 84.606377 101.296158 1.346200
v 84.667000 101.237297 1.346200
v 84.722107 101.173386 1.346200
v 84.771095 101.105209 1.346200
v 84.813530 101.033669 1.346200
v 84.849144 100.959663 1.346200
v 84.877831 100.884132 1.346200
v 84.899643 100.807991 1.346200
v 84.914764 100.732094 1.346200
v 84.923538 100.657204 1.346200
v 83.025200 100.498405 1.320800
v 83.037254 100.410683 1.320800
v 83.058121 100.321907 1.320800
v 83.088234 100.233383 1.320800
v 83.127762 100.146523 1.320800
v 83.176620 100.062775 1.320800
v 83.234375 99.983643 1.320800
v 83.300331 99.910477 1.320800
v 83.373497 99.844521 1.320800
v 83.452637 99.786758 1.320800
v 83.536369 99.737915 1.320800
v 83.623245 99.698372 1.320800
v 83.711769 99.668266 1.320800
v 83.800529 99.647408 1.320800
v 83.888268 99.635353 1.320800
v 83.973854 99.631493 1.320800
v 84.059441 99.635353 1.320800
v 84.147179 99.647408 1.320800
v 84.235939 99.668266 1.320800
v 84.324463 99.698372 1.320800
v 84.411331 99.737915 1.320800
v 84.495071 99.786758 1.320800
v 84.574219 99.844521 1.320800
v 84.647369 99.910477 1.320800
v 84.713326 99.983643 1.320800
v 84.771095 100.062775 1.320800
v 84.819946 100.146523 1.320800
v 84.859482 100.233383 1.320800
v 84.889587 100.321907 1.320800
v 84.910454 100.410683 1.320800
v 84.922501 100.498405 1.320800
v 84.922501 100.498405 1.371600
v 84.910454 100.410683 1.371600
v 84.889587 100.321907 1.371600
v 84.859482 100.233383 1.371600
v 84.819946 100.146523 1.371600
v 84.771095 100.062775 1.371600
v 84.713326 99.983643 1.371600
v 84.647369 99.910477 1.371600
v 84.574219 99.844521 1.371600
v 84.495071 99.786758 1.371600
v 84.411331 99.737915 1.371600
v 84.324463 99.698372 1.371600
v 84.235939 99.668266 1.371600
v 84.147179 99.647408 1.371600
v 84.059441 99.635353 1.371600
v 83.973854 99.631493 1.371600
v 83.888268 99.635353 1.371600
v 83.800529 99.647408 1.371600
v 83.711769 99.668266 1.371600
v 83.623245 99.698372 1.371600
v 83.536369 99.737915 1.371600
v 83.452637 99.786758 1.371600
v 83.373497 99.844521 1.371600
v 83.300331 99.910477 1.371600
v 83.234375 99.983643 1.371600
v 83.176620 100.062775 1.371600
v 83.127762 100.146523 1.371600
v 83.088234 100.233383 1.371600
v 83.058121 100.321907 1.371600
v 83.037254 100.410683 1.371600
v 83.025200 100.498405 1.371600
v 83.032936 100.435905 1.346200
v 83.024178 100.510788 1.346200
v 83.048073 100.360008 1.346200
v 83.069878 100.283859 1.346200
v 83.098557 100.208336 1.346200
v 83.134178 100.134331 1.346200
v 83.176620 100.062775 1.346200
v 83.225609 99.994614 1.346200
v 83.280708 99.930702 1.346200
v 83.341339 99.871841 1.346200
v 83.406761 99.818710 1.346200
v 83.476151 99.771873 1.346200
v 83.548630 99.731682 1.346200
v 83.623245 99.698372 1.346200
v 83.699074 99.671997 1.346200
v 83.775223 99.652443 1.346200
v 83.875839 99.636551 1.346200
v 83.973854 99.631493 1.346200
v 84.071861 99.636551 1.346200
v 84.172485 99.652443 1.346200
v 84.273994 99.680016 1.346200
v 84.374405 99.719810 1.346200
v 84.471550 99.771873 1.346200
v 84.563240 99.835747 1.346200
v 84.647369 99.910477 1.346200
v 84.722107 99.994614 1.346200
v 84.785988 100.086304 1.346200
v 84.838036 100.183456 1.346200
v 84.877831 100.283859 1.346200
v 84.905418 100.385376 1.346200
v 84.921295 100.485985 1.346200
v 83.973854 100.583992 1.371600
v 83.973854 100.583992 1.320800
f 4275 4276 4340
f 4340 4276 4341
f 4340 4341 4339
f 4339 4341 4342
f 4339 4342 4338
f 4338 4342 4343
f 4338 4343 4337
f 4337 4343 4344
f 4337 4344 4336
f 4336 4344 4345
f 4336 4345 4335
f 4335 4345 4346
f 4335 4346 4334
f 4334 4346 4347
f 4334 4347 4333
f 4333 4347 4332
f 4332 4347 4348
f 4332 4348 4331
f 4331 4348 4349
f 4331 4349 4330
f 4330 4349 4350
f 4330 4350 4329
f 4329 4350 4351
f 4329 4351 4328
f 4328 4351 4352
f 4328 4352 4327
f 4327 4352 4353
f 4327 4353 4326
f 4326 4353 4354
f 4326 4354 4325
f 4325 4354 4324
f 4324 4354 4355
f 4324 4355 4323
f 4323 4355 4356
f 4323 4356 4322
f 4322 4356 4357
f 4322 4357 4321
f 4321 4357 4358
f 4321 4358 4359
f 4359 4358 4296
f 4359 4296 4297
f 4276 4277 4341
f 4341 4277 4278
f 4341 4278 4342
f 4342 4278 4279
f 4342 4279 4343
f 4343 4279 4280
f 4343 4280 4344
f 4344 4280 4281
f 4344 4281 4345
f 4345 4281 4282
f 4345 4282 4346
f 4346 4282 4283
f 4346 4283 4347
f 4347 4283 4284
f 4347 4284 4285
f 4347 4285 4348
f 4348 4285 4286
f 4348 4286 4349
f 4349 4286 4287
f 4349 4287 4350
f 4350 4287 4288
f 4350 4288 4351
f 4351 4288 4289
f 4351 4289 4352
f 4352 4289 4290
f 4352 4290 4353
f 4353 4290 4291
f 4353 4291 4354
f 4354 4291 4292
f 4354 4292 4293
f 4354 4293 4355
f 4355 4293 4294
f 4355 4294 4356
f 4356 4294 4295
f 4356 4295 4357
f 4357 4295 4296
f 4357 4296 4358
f 4359 4297 4360
f 4360 4297 4298
f 4360 4298 4361
f 4361 4298 4299
f 4361 4299 4362
f 4362 4299 4300
f 4362 4300 4363
f 4363 4300 4301
f 4363 4301 4364
f 4364 4301 4302
f 4364 4302 4365
f 4365 4302 4366
f 4365 4366 4315
f 4315 4366 4314
f 4314 4366 4367
f 4314 4367 4313
f 4313 4367 4368
f 4313 4368 4312
f 4312 4368 4369
f 4312 4369 4311
f 4311 4369 4370
f 4311 4370 4310
f 4310 4370 4371
f 4310 4371 4309
f 4309 4371 4308
f 4308 4371 4307
f 4307 4371 4370
f 4307 4370 4306
f 4306 4370 4369
f 4306 4369 4305
f 4305 4369 4368
f 4305 4368 4304
f 4304 4368 4367
f 4304 4367 4303
f 4303 4367 4366
f 4303 4366 4302
f 4365 4315 4364
f 4364 4315 4316
f 4364 4316 4363
f 4363 4316 4317
f 4363 4317 4362
f 4362 4317 4318
f 4362 4318 4361
f 4361 4318 4319
f 4361 4319 4360
f 4360 4319 4320
f 4360 4320 4359
f 4359 4320 4321
f 4433 4276 4435
f 4435 4276 4275
f 4435 4275 4372
f 4435 4372 4434
f 4434 4372 4373
f 4434 4373 4436
f 4436 4373 4374
f 4436 4374 4437
f 4437 4374 4375
f 4437 4375 4438
f 4438 4375 4376
f 4438 4376 4439
f 4439 4376 4377
f 4439 4377 4440
f 4440 4377 4441
f 4440 4441 4428
f 4428 4441 4427
f 4427 4441 4442
f 4427 4442 4426
f 4426 4442 4443
f 4426 4443 4425
f 4425 4443 4444
f 4425 4444 4424
f 4424 4444 4445
f 4424 4445 4423
f 4423 4445 4446
f 4423 4446 4422
f 4422 4446 4447
f 4422 4447 4448
f 4448 4447 4383
f 4448 4383 4384
f 4377 4378 4441
f 4441 4378 4442
f 4378 4379 4442
f 4442 4379 4443
f 4379 4380 4443
f 4443 4380 4444
f 4380 4381 4444
f 4444 4381 4445
f 4381 4382 4445
f 4445 4382 4446
f 4382 4383 4446
f 4446 4383 4447
f 4448 4384 4449
f 4449 4384 4385
f 4449 4385 4450
f 4450 4385 4386
f 4450 4386 4451
f 4451 4386 4387
f 4451 4387 4388
f 4451 4388 4452
f 4452 4388 4389
f 4452 4389 4453
f 4453 4389 4390
f 4453 4390 4454
f 4454 4390 4391
f 4454 4391 4455
f 4455 4391 4392
f 4455 4392 4456
f 4456 4392 4393
f 4456 4393 4457
f 4457 4393 4394
f 4457 4394 4458
f 4458 4394 4395
f 4458 4395 4396
f 4458 4396 4459
f 4459 4396 4397
f 4459 4397 4460
f 4460 4397 4398
f 4460 4398 4461
f 4461 4398 4399
f 4461 4399 4462
f 4462 4399 4400
f 4462 4400 4463
f 4463 4400 4401
f 4463 4401 4464
f 4464 4401 4402
f 4464 4402 4308
f 4308 4402 4309
f 4308 4403 4464
f 4464 4403 4404
f 4464 4404 4463
f 4463 4404 4405
f 4463 4405 4462
f 4462 4405 4406
f 4462 4406 4461
f 4461 4406 4407
f 4461 4407 4460
f 4460 4407 4408
f 4460 4408 4459
f 4459 4408 4409
f 4459 4409 4458
f 4458 4409 4410
f 4458 4410 4411
f 4458 4411 4457
f 4457 4411 4412
f 4457 4412 4456
f 4456 4412 4413
f 4456 4413 4455
f 4455 4413 4414
f 4455 4414 4454
f 4454 4414 4415
f 4454 4415 4453
f 4453 4415 4416
f 4453 4416 4452
f 4452 4416 4417
f 4452 4417 4451
f 4451 4417 4418
f 4451 4418 4419
f 4451 4419 4450
f 4450 4419 4420
f 4450 4420 4449
f 4449 4420 4421
f 4449 4421 4448
f 4448 4421 4422
f 4440 4428 4439
f 4439 4428 4429
f 4439 4429 4438
f 4438 4429 4430
f 4438 4430 4437
f 4437 4430 4431
f 4437 4431 4436
f 4436 4431 4432
f 4436 4432 4434
f 4434 4432 4433
f 4434 4433 4435
f 4403 4308 4465
f 4465 4308 4307
f 4465 4307 4306
f 4306 4305 4465
f 4465 4305 4304
f 4465 4304 4303
f 4303 4302 4465
f 4465 4302 4301
f 4465 4301 4300
f 4300 4299 4465
f 4465 4299 4298
f 4465 4298 4297
f 4297 4296 4465
f 4465 4296 4295
f 4465 4295 4294
f 4294 4293 4465
f 4465 4293 4292
f 4465 4292 4291
f 4291 4290 4465
f 4465 4290 4289
f 4465 4289 4288
f 4288 4287 4465
f 4465 4287 4286
f 4465 4286 4285
f 4285 4284 4465
f 4465 4284 4283
f 4465 4283 4282
f 4282 4281 4465
f 4465 4281 4280
f 4465 4280 4279
f 4279 4278 4465
f 4465 4278 4277
f 4465 4277 4276
f 4276 4433 4465
f 4465 4433 4432
f 4465 4432 4431
f 4431 4430 4465
f 4465 4430 4429
f 4465 4429 4428
f 4428 4427 4465
f 4465 4427 4426
f 4465 4426 4425
f 4425 4424 4465
f 4465 4424 4423
f 4465 4423 4422
f 4422 4421 4465
f 4465 4421 4420
f 4465 4420 4419
f 4419 4418 4465
f 4465 4418 4417
f 4465 4417 4416
f 4416 4415 4465
f 4465 4415 4414
f 4465 4414 4413
f 4413 4412 4465
f 4465 4412 4411
f 4465 4411 4410
f 4410 4409 4465
f 4465 4409 4408
f 4465 4408 4407
f 4407 4406 4465
f 4465 4406 4405
f 4465 4405 4404
f 4404 4403 4465
f 4372 4275 4466
f 4466 4275 4340
f 4466 4340 4339
f 4339 4338 4466
f 4466 4338 4337
f 4466 4337 4336
f 4336 4335 4466
f 4466 4335 4334
f 4466 4334 4333
f 4333 4332 4466
f 4466 4332 4331
f 4466 4331 4330
f 4330 4329 4466
f 4466 4329 4328
f 4466 4328 4327
f 4327 4326 4466
f 4466 4326 4325
f 4466 4325 4324
f 4324 4323 4466
f 4466 4323 4322
f 4466 4322 4321
f 4321 4320 4466
f 4466 4320 4319
f 4466 4319 4318
f 4318 4317 4466
f 4466 4317 4316
f 4466 4316 4315
f 4315 4314 4466
f 4466 4314 4313
f 4466 4313 4312
f 4312 4311 4466
f 4466 4311 4310
f 4466 4310 4309
f 4309 4402 4466
f 4466 4402 4401
f 4466 4401 4400
f 4400 4399 4466
f 4466 4399 4398
f 4466 4398 4397
f 4397 4396 4466
f 4466 4396 4395
f 4466 4395 4394
f 4394 4393 4466
f 4466 4393 4392
f 4466 4392 4391
f 4391 4390 4466
f 4466 4390 4389
f 4466 4389 4388
f 4388 4387 4466
f 4466 4387 4386
f 4466 4386 4385
f 4385 4384 4466
f 4466 4384 4383
f 4466 4383 4382
f 4382 4381 4466
f 4466 4381 4380
f 4466 4380 4379
f 4379 4378 4466
f 4466 4378 4377
f 4466 4377 4376
f 4376 4375 4466
f 4466 4375 4374
f 4466 4374 4373
f 4373 4372 4466
g MeshBody23

v 208.497345 175.869598 1.320800
v 208.497345 175.869598 1.371600
v 208.501205 175.955185 1.371600
v 208.513260 176.042908 1.371600
v 208.534134 176.131683 1.371600
v 208.564224 176.220215 1.371600
v 208.603760 176.307083 1.371600
v 208.652603 176.390823 1.371600
v 208.710373 176.469955 1.371600
v 208.776321 176.543121 1.371600
v 208.849503 176.609085 1.371600
v 208.928635 176.666824 1.371600
v 209.012375 176.715683 1.371600
v 209.099243 176.755219 1.371600
v 209.187775 176.785324 1.371600
v 209.276520 176.806198 1.371600
v 209.364273 176.818237 1.371600
v 209.449844 176.822098 1.371600
v 209.535446 176.818237 1.371600
v 209.623169 176.806198 1.371600
v 209.711945 176.785324 1.371600
v 209.800461 176.755219 1.371600
v 209.887314 176.715683 1.371600
v 209.971069 176.666824 1.371600
v 210.050217 176.609085 1.371600
v 210.123367 176.543121 1.371600
v 210.189331 176.469955 1.371600
v 210.247086 176.390823 1.371600
v 210.295944 176.307083 1.371600
v 210.335480 176.220215 1.371600
v 210.365585 176.131683 1.371600
v 210.386459 176.042908 1.371600
v 210.398499 175.955185 1.371600
v 210.402344 175.869598 1.371600
v 210.402344 175.869598 1.320800
v 210.398499 175.955185 1.320800
v 210.386459 176.042908 1.320800
v 210.365585 176.131683 1.320800
v 210.335480 176.220215 1.320800
v 210.295944 176.307083 1.320800
v 210.247086 176.390823 1.320800
v 210.189331 176.469955 1.320800
v 210.123367 176.543121 1.320800
v 210.050217 176.609085 1.320800
v 209.971069 176.666824 1.320800
v 209.887314 176.715683 1.320800
v 209.800461 176.755219 1.320800
v 209.711945 176.785324 1.320800
v 209.623169 176.806198 1.320800
v 209.535446 176.818237 1.320800
v 209.449844 176.822098 1.320800
v 209.364273 176.818237 1.320800
v 209.276520 176.806198 1.320800
v 209.187775 176.785324 1.320800
v 209.099243 176.755219 1.320800
v 209.012375 176.715683 1.320800
v 208.928635 176.666824 1.320800
v 208.849503 176.609085 1.320800
v 208.776321 176.543121 1.320800
v 208.710373 176.469955 1.320800
v 208.652603 176.390823 1.320800
v 208.603760 176.307083 1.320800
v 208.564224 176.220215 1.320800
v 208.534134 176.131683 1.320800
v 208.513260 176.042908 1.320800
v 208.501205 175.955185 1.320800
v 208.502411 175.967606 1.346200
v 208.518295 176.068222 1.346200
v 208.545868 176.169724 1.346200
v 208.585663 176.270142 1.346200
v 208.637726 176.367294 1.346200
v 208.701599 176.459000 1.346200
v 208.776321 176.543121 1.346200
v 208.860458 176.617844 1.346200
v 208.952148 176.681732 1.346200
v 209.049316 176.733780 1.346200
v 209.149704 176.773575 1.346200
v 209.251221 176.801163 1.346200
v 209.351837 176.817032 1.346200
v 209.449844 176.822098 1.346200
v 209.547867 176.817032 1.346200
v 209.648483 176.801163 1.346200
v 209.724640 176.781616 1.346200
v 209.800461 176.755219 1.346200
v 209.875076 176.721909 1.346200
v 209.947556 176.681732 1.346200
v 210.016953 176.634872 1.346200
v 210.082367 176.581757 1.346200
v 210.143005 176.522903 1.346200
v 210.198090 176.459000 1.346200
v 210.247086 176.390823 1.346200
v 210.289520 176.319275 1.346200
v 210.325150 176.245270 1.346200
v 210.353821 176.169724 1.346200
v 210.375641 176.093597 1.346200
v 210.390762 176.017685 1.346200
v 210.399536 175.942810 1.346200
v 208.501205 175.784012 1.320800
v 208.513260 175.696274 1.320800
v 208.534134 175.607513 1.320800
v 208.564224 175.518997 1.320800
v 208.603760 175.432114 1.320800
v 208.652603 175.348389 1.320800
v 208.710373 175.269241 1.320800
v 208.776321 175.196091 1.320800
v 208.849503 175.130127 1.320800
v 208.928635 175.072357 1.320800
v 209.012375 175.023499 1.320800
v 209.099243 174.983963 1.320800
v 209.187775 174.953873 1.320800
v 209.276520 174.932999 1.320800
v 209.364273 174.920944 1.320800
v 209.449844 174.917099 1.320800
v 209.535446 174.920944 1.320800
v 209.623169 174.932999 1.320800
v 209.711945 174.953873 1.320800
v 209.800461 174.983963 1.320800
v 209.887314 175.023499 1.320800
v 209.971069 175.072357 1.320800
v 210.050217 175.130127 1.320800
v 210.123367 175.196091 1.320800
v 210.189331 175.269241 1.320800
v 210.247086 175.348389 1.320800
v 210.295944 175.432114 1.320800
v 210.335480 175.518997 1.320800
v 210.365585 175.607513 1.320800
v 210.386459 175.696274 1.320800
v 210.398499 175.784012 1.320800
v 210.398499 175.784012 1.371600
v 210.386459 175.696274 1.371600
v 210.365585 175.607513 1.371600
v 210.335480 175.518997 1.371600
v 210.295944 175.432114 1.371600
v 210.247086 175.348389 1.371600
v 210.189331 175.269241 1.371600
v 210.123367 175.196091 1.371600
v 210.050217 175.130127 1.371600
v 209.971069 175.072357 1.371600
v 209.887314 175.023499 1.371600
v 209.800461 174.983963 1.371600
v 209.711945 174.953873 1.371600
v 209.623169 174.932999 1.371600
v 209.535446 174.920944 1.371600
v 209.449844 174.917099 1.371600
v 209.364273 174.920944 1.371600
v 209.276520 174.932999 1.371600
v 209.187775 174.953873 1.371600
v 209.099243 174.983963 1.371600
v 209.012375 175.023499 1.371600
v 208.928635 175.072357 1.371600
v 208.849503 175.130127 1.371600
v 208.776321 175.196091 1.371600
v 208.710373 175.269241 1.371600
v 208.652603 175.348389 1.371600
v 208.603760 175.432114 1.371600
v 208.564224 175.518997 1.371600
v 208.534134 175.607513 1.371600
v 208.513260 175.696274 1.371600
v 208.501205 175.784012 1.371600
v 208.508942 175.721497 1.346200
v 208.500183 175.796402 1.346200
v 208.524078 175.645599 1.346200
v 208.545868 175.569458 1.346200
v 208.574554 175.493942 1.346200
v 208.610168 175.419922 1.346200
v 208.652603 175.348389 1.346200
v 208.701599 175.280212 1.346200
v 208.756714 175.216293 1.346200
v 208.817322 175.157440 1.346200
v 208.882751 175.104309 1.346200
v 208.952148 175.057465 1.346200
v 209.024628 175.017273 1.346200
v 209.099243 174.983963 1.346200
v 209.175079 174.957596 1.346200
v 209.251221 174.938034 1.346200
v 209.351837 174.922150 1.346200
v 209.449844 174.917099 1.346200
v 209.547867 174.922150 1.346200
v 209.648483 174.938034 1.346200
v 209.749985 174.965622 1.346200
v 209.850403 175.005402 1.346200
v 209.947556 175.057465 1.346200
v 210.039246 175.121338 1.346200
v 210.123367 175.196091 1.346200
v 210.198090 175.280212 1.346200
v 210.261993 175.371902 1.346200
v 210.314041 175.469055 1.346200
v 210.353821 175.569458 1.346200
v 210.381424 175.670959 1.346200
v 210.397293 175.771591 1.346200
v 209.449844 175.869598 1.371600
v 209.449844 175.869598 1.320800
f 4467 4468 4532
f 4532 4468 4533
f 4532 4533 4531
f 4531 4533 4534
f 4531 4534 4530
f 4530 4534 4535
f 4530 4535 4529
f 4529 4535 4536
f 4529 4536 4528
f 4528 4536 4537
f 4528 4537 4527
f 4527 4537 4538
f 4527 4538 4526
f 4526 4538 4539
f 4526 4539 4525
f 4525 4539 4524
f 4524 4539 4540
f 4524 4540 4523
f 4523 4540 4541
f 4523 4541 4522
f 4522 4541 4542
f 4522 4542 4521
f 4521 4542 4543
f 4521 4543 4520
f 4520 4543 4544
f 4520 4544 4519
f 4519 4544 4545
f 4519 4545 4518
f 4518 4545 4546
f 4518 4546 4517
f 4517 4546 4516
f 4516 4546 4547
f 4516 4547 4515
f 4515 4547 4548
f 4515 4548 4514
f 4514 4548 4549
f 4514 4549 4513
f 4513 4549 4550
f 4513 4550 4551
f 4551 4550 4488
f 4551 4488 4489
f 4468 4469 4533
f 4533 4469 4470
f 4533 4470 4534
f 4534 4470 4471
f 4534 4471 4535
f 4535 4471 4472
f 4535 4472 4536
f 4536 4472 4473
f 4536 4473 4537
f 4537 4473 4474
f 4537 4474 4538
f 4538 4474 4475
f 4538 4475 4539
f 4539 4475 4476
f 4539 4476 4477
f 4539 4477 4540
f 4540 4477 4478
f 4540 4478 4541
f 4541 4478 4479
f 4541 4479 4542
f 4542 4479 4480
f 4542 4480 4543
f 4543 4480 4481
f 4543 4481 4544
f 4544 4481 4482
f 4544 4482 4545
f 4545 4482 4483
f 4545 4483 4546
f 4546 4483 4484
f 4546 4484 4485
f 4546 4485 4547
f 4547 4485 4486
f 4547 4486 4548
f 4548 4486 4487
f 4548 4487 4549
f 4549 4487 4488
f 4549 4488 4550
f 4551 4489 4552
f 4552 4489 4490
f 4552 4490 4553
f 4553 4490 4491
f 4553 4491 4554
f 4554 4491 4492
f 4554 4492 4555
f 4555 4492 4493
f 4555 4493 4556
f 4556 4493 4494
f 4556 4494 4557
f 4557 4494 4558
f 4557 4558 4507
f 4507 4558 4506
f 4506 4558 4559
f 4506 4559 4505
f 4505 4559 4560
f 4505 4560 4504
f 4504 4560 4561
f 4504 4561 4503
f 4503 4561 4562
f 4503 4562 4502
f 4502 4562 4563
f 4502 4563 4501
f 4501 4563 4500
f 4500 4563 4499
f 4499 4563 4562
f 4499 4562 4498
f 4498 4562 4561
f 4498 4561 4497
f 4497 4561 4560
f 4497 4560 4496
f 4496 4560 4559
f 4496 4559 4495
f 4495 4559 4558
f 4495 4558 4494
f 4557 4507 4556
f 4556 4507 4508
f 4556 4508 4555
f 4555 4508 4509
f 4555 4509 4554
f 4554 4509 4510
f 4554 4510 4553
f 4553 4510 4511
f 4553 4511 4552
f 4552 4511 4512
f 4552 4512 4551
f 4551 4512 4513
f 4625 4468 4627
f 4627 4468 4467
f 4627 4467 4564
f 4627 4564 4626
f 4626 4564 4565
f 4626 4565 4628
f 4628 4565 4566
f 4628 4566 4629
f 4629 4566 4567
f 4629 4567 4630
f 4630 4567 4568
f 4630 4568 4631
f 4631 4568 4569
f 4631 4569 4632
f 4632 4569 4633
f 4632 4633 4620
f 4620 4633 4619
f 4619 4633 4634
f 4619 4634 4618
f 4618 4634 4635
f 4618 4635 4617
f 4617 4635 4636
f 4617 4636 4616
f 4616 4636 4637
f 4616 4637 4615
f 4615 4637 4638
f 4615 4638 4614
f 4614 4638 4639
f 4614 4639 4640
f 4640 4639 4575
f 4640 4575 4576
f 4569 4570 4633
f 4633 4570 4634
f 4570 4571 4634
f 4634 4571 4635
f 4571 4572 4635
f 4635 4572 4636
f 4572 4573 4636
f 4636 4573 4637
f 4573 4574 4637
f 4637 4574 4638
f 4574 4575 4638
f 4638 4575 4639
f 4640 4576 4641
f 4641 4576 4577
f 4641 4577 4642
f 4642 4577 4578
f 4642 4578 4643
f 4643 4578 4579
f 4643 4579 4580
f 4643 4580 4644
f 4644 4580 4581
f 4644 4581 4645
f 4645 4581 4582
f 4645 4582 4646
f 4646 4582 4583
f 4646 4583 4647
f 4647 4583 4584
f 4647 4584 4648
f 4648 4584 4585
f 4648 4585 4649
f 4649 4585 4586
f 4649 4586 4650
f 4650 4586 4587
f 4650 4587 4588
f 4650 4588 4651
f 4651 4588 4589
f 4651 4589 4652
f 4652 4589 4590
f 4652 4590 4653
f 4653 4590 4591
f 4653 4591 4654
f 4654 4591 4592
f 4654 4592 4655
f 4655 4592 4593
f 4655 4593 4656
f 4656 4593 4594
f 4656 4594 4500
f 4500 4594 4501
f 4500 4595 4656
f 4656 4595 4596
f 4656 4596 4655
f 4655 4596 4597
f 4655 4597 4654
f 4654 4597 4598
f 4654 4598 4653
f 4653 4598 4599
f 4653 4599 4652
f 4652 4599 4600
f 4652 4600 4651
f 4651 4600 4601
f 4651 4601 4650
f 4650 4601 4602
f 4650 4602 4603
f 4650 4603 4649
f 4649 4603 4604
f 4649 4604 4648
f 4648 4604 4605
f 4648 4605 4647
f 4647 4605 4606
f 4647 4606 4646
f 4646 4606 4607
f 4646 4607 4645
f 4645 4607 4608
f 4645 4608 4644
f 4644 4608 4609
f 4644 4609 4643
f 4643 4609 4610
f 4643 4610 4611
f 4643 4611 4642
f 4642 4611 4612
f 4642 4612 4641
f 4641 4612 4613
f 4641 4613 4640
f 4640 4613 4614
f 4632 4620 4631
f 4631 4620 4621
f 4631 4621 4630
f 4630 4621 4622
f 4630 4622 4629
f 4629 4622 4623
f 4629 4623 4628
f 4628 4623 4624
f 4628 4624 4626
f 4626 4624 4625
f 4626 4625 4627
f 4595 4500 4657
f 4657 4500 4499
f 4657 4499 4498
f 4498 4497 4657
f 4657 4497 4496
f 4657 4496 4495
f 4495 4494 4657
f 4657 4494 4493
f 4657 4493 4492
f 4492 4491 4657
f 4657 4491 4490
f 4657 4490 4489
f 4489 4488 4657
f 4657 4488 4487
f 4657 4487 4486
f 4486 4485 4657
f 4657 4485 4484
f 4657 4484 4483
f 4483 4482 4657
f 4657 4482 4481
f 4657 4481 4480
f 4480 4479 4657
f 4657 4479 4478
f 4657 4478 4477
f 4477 4476 4657
f 4657 4476 4475
f 4657 4475 4474
f 4474 4473 4657
f 4657 4473 4472
f 4657 4472 4471
f 4471 4470 4657
f 4657 4470 4469
f 4657 4469 4468
f 4468 4625 4657
f 4657 4625 4624
f 4657 4624 4623
f 4623 4622 4657
f 4657 4622 4621
f 4657 4621 4620
f 4620 4619 4657
f 4657 4619 4618
f 4657 4618 4617
f 4617 4616 4657
f 4657 4616 4615
f 4657 4615 4614
f 4614 4613 4657
f 4657 4613 4612
f 4657 4612 4611
f 4611 4610 4657
f 4657 4610 4609
f 4657 4609 4608
f 4608 4607 4657
f 4657 4607 4606
f 4657 4606 4605
f 4605 4604 4657
f 4657 4604 4603
f 4657 4603 4602
f 4602 4601 4657
f 4657 4601 4600
f 4657 4600 4599
f 4599 4598 4657
f 4657 4598 4597
f 4657 4597 4596
f 4596 4595 4657
f 4564 4467 4658
f 4658 4467 4532
f 4658 4532 4531
f 4531 4530 4658
f 4658 4530 4529
f 4658 4529 4528
f 4528 4527 4658
f 4658 4527 4526
f 4658 4526 4525
f 4525 4524 4658
f 4658 4524 4523
f 4658 4523 4522
f 4522 4521 4658
f 4658 4521 4520
f 4658 4520 4519
f 4519 4518 4658
f 4658 4518 4517
f 4658 4517 4516
f 4516 4515 4658
f 4658 4515 4514
f 4658 4514 4513
f 4513 4512 4658
f 4658 4512 4511
f 4658 4511 4510
f 4510 4509 4658
f 4658 4509 4508
f 4658 4508 4507
f 4507 4506 4658
f 4658 4506 4505
f 4658 4505 4504
f 4504 4503 4658
f 4658 4503 4502
f 4658 4502 4501
f 4501 4594 4658
f 4658 4594 4593
f 4658 4593 4592
f 4592 4591 4658
f 4658 4591 4590
f 4658 4590 4589
f 4589 4588 4658
f 4658 4588 4587
f 4658 4587 4586
f 4586 4585 4658
f 4658 4585 4584
f 4658 4584 4583
f 4583 4582 4658
f 4658 4582 4581
f 4658 4581 4580
f 4580 4579 4658
f 4658 4579 4578
f 4658 4578 4577
f 4577 4576 4658
f 4658 4576 4575
f 4658 4575 4574
f 4574 4573 4658
f 4658 4573 4572
f 4658 4572 4571
f 4571 4570 4658
f 4658 4570 4569
f 4658 4569 4568
f 4568 4567 4658
f 4658 4567 4566
f 4658 4566 4565
f 4565 4564 4658
g MeshBody24

v 158.306946 75.488800 1.320800
v 158.306946 75.488800 1.371600
v 158.310806 75.574387 1.371600
v 158.322861 75.662117 1.371600
v 158.343719 75.750885 1.371600
v 158.373825 75.839409 1.371600
v 158.413361 75.926277 1.371600
v 158.462219 76.010017 1.371600
v 158.519974 76.089157 1.371600
v 158.585938 76.162315 1.371600
v 158.659088 76.228279 1.371600
v 158.738235 76.286034 1.371600
v 158.821976 76.334892 1.371600
v 158.908844 76.374420 1.371600
v 158.997360 76.404533 1.371600
v 159.086136 76.425400 1.371600
v 159.173874 76.437447 1.371600
v 159.259460 76.441299 1.371600
v 159.345032 76.437447 1.371600
v 159.432770 76.425400 1.371600
v 159.521545 76.404533 1.371600
v 159.610062 76.374420 1.371600
v 159.696930 76.334892 1.371600
v 159.780670 76.286034 1.371600
v 159.859818 76.228279 1.371600
v 159.932968 76.162315 1.371600
v 159.998932 76.089157 1.371600
v 160.056686 76.010017 1.371600
v 160.105545 75.926277 1.371600
v 160.145081 75.839409 1.371600
v 160.175186 75.750885 1.371600
v 160.196060 75.662117 1.371600
v 160.208099 75.574387 1.371600
v 160.211960 75.488800 1.371600
v 160.211960 75.488800 1.320800
v 160.208099 75.574387 1.320800
v 160.196060 75.662117 1.320800
v 160.175186 75.750885 1.320800
v 160.145081 75.839409 1.320800
v 160.105545 75.926277 1.320800
v 160.056686 76.010017 1.320800
v 159.998932 76.089157 1.320800
v 159.932968 76.162315 1.320800
v 159.859818 76.228279 1.320800
v 159.780670 76.286034 1.320800
v 159.696930 76.334892 1.320800
v 159.610062 76.374420 1.320800
v 159.521545 76.404533 1.320800
v 159.432770 76.425400 1.320800
v 159.345032 76.437447 1.320800
v 159.259460 76.441299 1.320800
v 159.173874 76.437447 1.320800
v 159.086136 76.425400 1.320800
v 158.997360 76.404533 1.320800
v 158.908844 76.374420 1.320800
v 158.821976 76.334892 1.320800
v 158.738235 76.286034 1.320800
v 158.659088 76.228279 1.320800
v 158.585938 76.162315 1.320800
v 158.519974 76.089157 1.320800
v 158.462219 76.010017 1.320800
v 158.413361 75.926277 1.320800
v 158.373825 75.839409 1.320800
v 158.343719 75.750885 1.320800
v 158.322861 75.662117 1.320800
v 158.310806 75.574387 1.320800
v 158.312012 75.586807 1.346200
v 158.327896 75.687431 1.346200
v 158.355484 75.788933 1.346200
v 158.395264 75.889343 1.346200
v 158.447327 75.986496 1.346200
v 158.511200 76.078186 1.346200
v 158.585938 76.162315 1.346200
v 158.670059 76.237053 1.346200
v 158.761749 76.300926 1.346200
v 158.858902 76.352982 1.346200
v 158.959320 76.392776 1.346200
v 159.060822 76.420357 1.346200
v 159.161438 76.436241 1.346200
v 159.259460 76.441299 1.346200
v 159.357468 76.436241 1.346200
v 159.458084 76.420357 1.346200
v 159.534225 76.400803 1.346200
v 159.610062 76.374420 1.346200
v 159.684677 76.341118 1.346200
v 159.757156 76.300926 1.346200
v 159.826553 76.254082 1.346200
v 159.891968 76.200958 1.346200
v 159.952606 76.142097 1.346200
v 160.007706 76.078186 1.346200
v 160.056686 76.010017 1.346200
v 160.099136 75.938461 1.346200
v 160.134750 75.864464 1.346200
v 160.163422 75.788933 1.346200
v 160.185242 75.712791 1.346200
v 160.200363 75.636894 1.346200
v 160.209137 75.562004 1.346200
v 158.310806 75.403214 1.320800
v 158.322861 75.315475 1.320800
v 158.343719 75.226707 1.320800
v 158.373825 75.138191 1.320800
v 158.413361 75.051315 1.320800
v 158.462219 74.967583 1.320800
v 158.519974 74.888443 1.320800
v 158.585938 74.815285 1.320800
v 158.659088 74.749321 1.320800
v 158.738235 74.691559 1.320800
v 158.821976 74.642708 1.320800
v 158.908844 74.603180 1.320800
v 158.997360 74.573067 1.320800
v 159.086136 74.552200 1.320800
v 159.173874 74.540154 1.320800
v 159.259460 74.536301 1.320800
v 159.345032 74.540154 1.320800
v 159.432770 74.552200 1.320800
v 159.521545 74.573067 1.320800
v 159.610062 74.603180 1.320800
v 159.696930 74.642708 1.320800
v 159.780670 74.691559 1.320800
v 159.859818 74.749321 1.320800
v 159.932968 74.815285 1.320800
v 159.998932 74.888443 1.320800
v 160.056686 74.967583 1.320800
v 160.105545 75.051315 1.320800
v 160.145081 75.138191 1.320800
v 160.175186 75.226707 1.320800
v 160.196060 75.315475 1.320800
v 160.208099 75.403214 1.320800
v 160.208099 75.403214 1.371600
v 160.196060 75.315475 1.371600
v 160.175186 75.226707 1.371600
v 160.145081 75.138191 1.371600
v 160.105545 75.051315 1.371600
v 160.056686 74.967583 1.371600
v 159.998932 74.888443 1.371600
v 159.932968 74.815285 1.371600
v 159.859818 74.749321 1.371600
v 159.780670 74.691559 1.371600
v 159.696930 74.642708 1.371600
v 159.610062 74.603180 1.371600
v 159.521545 74.573067 1.371600
v 159.432770 74.552200 1.371600
v 159.345032 74.540154 1.371600
v 159.259460 74.536301 1.371600
v 159.173874 74.540154 1.371600
v 159.086136 74.552200 1.371600
v 158.997360 74.573067 1.371600
v 158.908844 74.603180 1.371600
v 158.821976 74.642708 1.371600
v 158.738235 74.691559 1.371600
v 158.659088 74.749321 1.371600
v 158.585938 74.815285 1.371600
v 158.519974 74.888443 1.371600
v 158.462219 74.967583 1.371600
v 158.413361 75.051315 1.371600
v 158.373825 75.138191 1.371600
v 158.343719 75.226707 1.371600
v 158.322861 75.315475 1.371600
v 158.310806 75.403214 1.371600
v 158.318527 75.340706 1.346200
v 158.309769 75.415596 1.346200
v 158.333664 75.264801 1.346200
v 158.355484 75.188660 1.346200
v 158.384155 75.113136 1.346200
v 158.419769 75.039131 1.346200
v 158.462219 74.967583 1.346200
v 158.511200 74.899406 1.346200
v 158.566315 74.835503 1.346200
v 158.626938 74.776634 1.346200
v 158.692352 74.723511 1.346200
v 158.761749 74.676674 1.346200
v 158.834229 74.636482 1.346200
v 158.908844 74.603180 1.346200
v 158.984680 74.576797 1.346200
v 159.060822 74.557243 1.346200
v 159.161438 74.541351 1.346200
v 159.259460 74.536301 1.346200
v 159.357468 74.541351 1.346200
v 159.458084 74.557243 1.346200
v 159.559586 74.584824 1.346200
v 159.660004 74.624611 1.346200
v 159.757156 74.676674 1.346200
v 159.848846 74.740547 1.346200
v 159.932968 74.815285 1.346200
v 160.007706 74.899406 1.346200
v 160.071579 74.991096 1.346200
v 160.123642 75.088257 1.346200
v 160.163422 75.188660 1.346200
v 160.191010 75.290169 1.346200
v 160.206894 75.390785 1.346200
v 159.259460 75.488800 1.371600
v 159.259460 75.488800 1.320800
f 4659 4660 4724
f 4724 4660 4725
f 4724 4725 4723
f 4723 4725 4726
f 4723 4726 4722
f 4722 4726 4727
f 4722 4727 4721
f 4721 4727 4728
f 4721 4728 4720
f 4720 4728 4729
f 4720 4729 4719
f 4719 4729 4730
f 4719 4730 4718
f 4718 4730 4731
f 4718 4731 4717
f 4717 4731 4716
f 4716 4731 4732
f 4716 4732 4715
f 4715 4732 4733
f 4715 4733 4714
f 4714 4733 4734
f 4714 4734 4713
f 4713 4734 4735
f 4713 4735 4712
f 4712 4735 4736
f 4712 4736 4711
f 4711 4736 4737
f 4711 4737 4710
f 4710 4737 4738
f 4710 4738 4709
f 4709 4738 4708
f 4708 4738 4739
f 4708 4739 4707
f 4707 4739 4740
f 4707 4740 4706
f 4706 4740 4741
f 4706 4741 4705
f 4705 4741 4742
f 4705 4742 4743
f 4743 4742 4680
f 4743 4680 4681
f 4660 4661 4725
f 4725 4661 4662
f 4725 4662 4726
f 4726 4662 4663
f 4726 4663 4727
f 4727 4663 4664
f 4727 4664 4728
f 4728 4664 4665
f 4728 4665 4729
f 4729 4665 4666
f 4729 4666 4730
f 4730 4666 4667
f 4730 4667 4731
f 4731 4667 4668
f 4731 4668 4669
f 4731 4669 4732
f 4732 4669 4670
f 4732 4670 4733
f 4733 4670 4671
f 4733 4671 4734
f 4734 4671 4672
f 4734 4672 4735
f 4735 4672 4673
f 4735 4673 4736
f 4736 4673 4674
f 4736 4674 4737
f 4737 4674 4675
f 4737 4675 4738
f 4738 4675 4676
f 4738 4676 4677
f 4738 4677 4739
f 4739 4677 4678
f 4739 4678 4740
f 4740 4678 4679
f 4740 4679 4741
f 4741 4679 4680
f 4741 4680 4742
f 4743 4681 4744
f 4744 4681 4682
f 4744 4682 4745
f 4745 4682 4683
f 4745 4683 4746
f 4746 4683 4684
f 4746 4684 4747
f 4747 4684 4685
f 4747 4685 4748
f 4748 4685 4686
f 4748 4686 4749
f 4749 4686 4750
f 4749 4750 4699
f 4699 4750 4698
f 4698 4750 4751
f 4698 4751 4697
f 4697 4751 4752
f 4697 4752 4696
f 4696 4752 4753
f 4696 4753 4695
f 4695 4753 4754
f 4695 4754 4694
f 4694 4754 4755
f 4694 4755 4693
f 4693 4755 4692
f 4692 4755 4691
f 4691 4755 4754
f 4691 4754 4690
f 4690 4754 4753
f 4690 4753 4689
f 4689 4753 4752
f 4689 4752 4688
f 4688 4752 4751
f 4688 4751 4687
f 4687 4751 4750
f 4687 4750 4686
f 4749 4699 4748
f 4748 4699 4700
f 4748 4700 4747
f 4747 4700 4701
f 4747 4701 4746
f 4746 4701 4702
f 4746 4702 4745
f 4745 4702 4703
f 4745 4703 4744
f 4744 4703 4704
f 4744 4704 4743
f 4743 4704 4705
f 4817 4660 4819
f 4819 4660 4659
f 4819 4659 4756
f 4819 4756 4818
f 4818 4756 4757
f 4818 4757 4820
f 4820 4757 4758
f 4820 4758 4821
f 4821 4758 4759
f 4821 4759 4822
f 4822 4759 4760
f 4822 4760 4823
f 4823 4760 4761
f 4823 4761 4824
f 4824 4761 4825
f 4824 4825 4812
f 4812 4825 4811
f 4811 4825 4826
f 4811 4826 4810
f 4810 4826 4827
f 4810 4827 4809
f 4809 4827 4828
f 4809 4828 4808
f 4808 4828 4829
f 4808 4829 4807
f 4807 4829 4830
f 4807 4830 4806
f 4806 4830 4831
f 4806 4831 4832
f 4832 4831 4767
f 4832 4767 4768
f 4761 4762 4825
f 4825 4762 4826
f 4762 4763 4826
f 4826 4763 4827
f 4763 4764 4827
f 4827 4764 4828
f 4764 4765 4828
f 4828 4765 4829
f 4765 4766 4829
f 4829 4766 4830
f 4766 4767 4830
f 4830 4767 4831
f 4832 4768 4833
f 4833 4768 4769
f 4833 4769 4834
f 4834 4769 4770
f 4834 4770 4835
f 4835 4770 4771
f 4835 4771 4772
f 4835 4772 4836
f 4836 4772 4773
f 4836 4773 4837
f 4837 4773 4774
f 4837 4774 4838
f 4838 4774 4775
f 4838 4775 4839
f 4839 4775 4776
f 4839 4776 4840
f 4840 4776 4777
f 4840 4777 4841
f 4841 4777 4778
f 4841 4778 4842
f 4842 4778 4779
f 4842 4779 4780
f 4842 4780 4843
f 4843 4780 4781
f 4843 4781 4844
f 4844 4781 4782
f 4844 4782 4845
f 4845 4782 4783
f 4845 4783 4846
f 4846 4783 4784
f 4846 4784 4847
f 4847 4784 4785
f 4847 4785 4848
f 4848 4785 4786
f 4848 4786 4692
f 4692 4786 4693
f 4692 4787 4848
f 4848 4787 4788
f 4848 4788 4847
f 4847 4788 4789
f 4847 4789 4846
f 4846 4789 4790
f 4846 4790 4845
f 4845 4790 4791
f 4845 4791 4844
f 4844 4791 4792
f 4844 4792 4843
f 4843 4792 4793
f 4843 4793 4842
f 4842 4793 4794
f 4842 4794 4795
f 4842 4795 4841
f 4841 4795 4796
f 4841 4796 4840
f 4840 4796 4797
f 4840 4797 4839
f 4839 4797 4798
f 4839 4798 4838
f 4838 4798 4799
f 4838 4799 4837
f 4837 4799 4800
f 4837 4800 4836
f 4836 4800 4801
f 4836 4801 4835
f 4835 4801 4802
f 4835 4802 4803
f 4835 4803 4834
f 4834 4803 4804
f 4834 4804 4833
f 4833 4804 4805
f 4833 4805 4832
f 4832 4805 4806
f 4824 4812 4823
f 4823 4812 4813
f 4823 4813 4822
f 4822 4813 4814
f 4822 4814 4821
f 4821 4814 4815
f 4821 4815 4820
f 4820 4815 4816
f 4820 4816 4818
f 4818 4816 4817
f 4818 4817 4819
f 4787 4692 4849
f 4849 4692 4691
f 4849 4691 4690
f 4690 4689 4849
f 4849 4689 4688
f 4849 4688 4687
f 4687 4686 4849
f 4849 4686 4685
f 4849 4685 4684
f 4684 4683 4849
f 4849 4683 4682
f 4849 4682 4681
f 4681 4680 4849
f 4849 4680 4679
f 4849 4679 4678
f 4678 4677 4849
f 4849 4677 4676
f 4849 4676 4675
f 4675 4674 4849
f 4849 4674 4673
f 4849 4673 4672
f 4672 4671 4849
f 4849 4671 4670
f 4849 4670 4669
f 4669 4668 4849
f 4849 4668 4667
f 4849 4667 4666
f 4666 4665 4849
f 4849 4665 4664
f 4849 4664 4663
f 4663 4662 4849
f 4849 4662 4661
f 4849 4661 4660
f 4660 4817 4849
f 4849 4817 4816
f 4849 4816 4815
f 4815 4814 4849
f 4849 4814 4813
f 4849 4813 4812
f 4812 4811 4849
f 4849 4811 4810
f 4849 4810 4809
f 4809 4808 4849
f 4849 4808 4807
f 4849 4807 4806
f 4806 4805 4849
f 4849 4805 4804
f 4849 4804 4803
f 4803 4802 4849
f 4849 4802 4801
f 4849 4801 4800
f 4800 4799 4849
f 4849 4799 4798
f 4849 4798 4797
f 4797 4796 4849
f 4849 4796 4795
f 4849 4795 4794
f 4794 4793 4849
f 4849 4793 4792
f 4849 4792 4791
f 4791 4790 4849
f 4849 4790 4789
f 4849 4789 4788
f 4788 4787 4849
f 4756 4659 4850
f 4850 4659 4724
f 4850 4724 4723
f 4723 4722 4850
f 4850 4722 4721
f 4850 4721 4720
f 4720 4719 4850
f 4850 4719 4718
f 4850 4718 4717
f 4717 4716 4850
f 4850 4716 4715
f 4850 4715 4714
f 4714 4713 4850
f 4850 4713 4712
f 4850 4712 4711
f 4711 4710 4850
f 4850 4710 4709
f 4850 4709 4708
f 4708 4707 4850
f 4850 4707 4706
f 4850 4706 4705
f 4705 4704 4850
f 4850 4704 4703
f 4850 4703 4702
f 4702 4701 4850
f 4850 4701 4700
f 4850 4700 4699
f 4699 4698 4850
f 4850 4698 4697
f 4850 4697 4696
f 4696 4695 4850
f 4850 4695 4694
f 4850 4694 4693
f 4693 4786 4850
f 4850 4786 4785
f 4850 4785 4784
f 4784 4783 4850
f 4850 4783 4782
f 4850 4782 4781
f 4781 4780 4850
f 4850 4780 4779
f 4850 4779 4778
f 4778 4777 4850
f 4850 4777 4776
f 4850 4776 4775
f 4775 4774 4850
f 4850 4774 4773
f 4850 4773 4772
f 4772 4771 4850
f 4850 4771 4770
f 4850 4770 4769
f 4769 4768 4850
f 4850 4768 4767
f 4850 4767 4766
f 4766 4765 4850
f 4850 4765 4764
f 4850 4764 4763
f 4763 4762 4850
f 4850 4762 4761
f 4850 4761 4760
f 4760 4759 4850
f 4850 4759 4758
f 4850 4758 4757
f 4757 4756 4850
g MeshBody25

v 133.211746 150.774399 1.320800
v 133.211746 150.774399 1.371600
v 133.215607 150.859985 1.371600
v 133.227646 150.947723 1.371600
v 133.248520 151.036484 1.371600
v 133.278625 151.125015 1.371600
v 133.318161 151.211868 1.371600
v 133.367020 151.295624 1.371600
v 133.424774 151.374756 1.371600
v 133.490738 151.447922 1.371600
v 133.563889 151.513870 1.371600
v 133.643036 151.571640 1.371600
v 133.726776 151.620499 1.371600
v 133.813644 151.660019 1.371600
v 133.902161 151.690125 1.371600
v 133.990936 151.710999 1.371600
v 134.078659 151.723038 1.371600
v 134.164246 151.726898 1.371600
v 134.249832 151.723038 1.371600
v 134.337570 151.710999 1.371600
v 134.426331 151.690125 1.371600
v 134.514862 151.660019 1.371600
v 134.601730 151.620499 1.371600
v 134.685471 151.571640 1.371600
v 134.764618 151.513870 1.371600
v 134.837769 151.447922 1.371600
v 134.903732 151.374756 1.371600
v 134.961487 151.295624 1.371600
v 135.010345 151.211868 1.371600
v 135.049881 151.125015 1.371600
v 135.079987 151.036484 1.371600
v 135.100845 150.947723 1.371600
v 135.112900 150.859985 1.371600
v 135.116745 150.774399 1.371600
v 135.116745 150.774399 1.320800
v 135.112900 150.859985 1.320800
v 135.100845 150.947723 1.320800
v 135.079987 151.036484 1.320800
v 135.049881 151.125015 1.320800
v 135.010345 151.211868 1.320800
v 134.961487 151.295624 1.320800
v 134.903732 151.374756 1.320800
v 134.837769 151.447922 1.320800
v 134.764618 151.513870 1.320800
v 134.685471 151.571640 1.320800
v 134.601730 151.620499 1.320800
v 134.514862 151.660019 1.320800
v 134.426331 151.690125 1.320800
v 134.337570 151.710999 1.320800
v 134.249832 151.723038 1.320800
v 134.164246 151.726898 1.320800
v 134.078659 151.723038 1.320800
v 133.990936 151.710999 1.320800
v 133.902161 151.690125 1.320800
v 133.813644 151.660019 1.320800
v 133.726776 151.620499 1.320800
v 133.643036 151.571640 1.320800
v 133.563889 151.513870 1.320800
v 133.490738 151.447922 1.320800
v 133.424774 151.374756 1.320800
v 133.367020 151.295624 1.320800
v 133.318161 151.211868 1.320800
v 133.278625 151.125015 1.320800
v 133.248520 151.036484 1.320800
v 133.227646 150.947723 1.320800
v 133.215607 150.859985 1.320800
v 133.216812 150.872406 1.346200
v 133.232697 150.973038 1.346200
v 133.260269 151.074539 1.346200
v 133.300064 151.174942 1.346200
v 133.352127 151.272095 1.346200
v 133.416000 151.363785 1.346200
v 133.490738 151.447922 1.346200
v 133.574875 151.522644 1.346200
v 133.666565 151.586533 1.346200
v 133.763702 151.638580 1.346200
v 133.864120 151.678375 1.346200
v 133.965622 151.705963 1.346200
v 134.066238 151.721848 1.346200
v 134.164246 151.726898 1.346200
v 134.262268 151.721848 1.346200
v 134.362885 151.705963 1.346200
v 134.439026 151.686401 1.346200
v 134.514862 151.660019 1.346200
v 134.589478 151.626709 1.346200
v 134.661957 151.586533 1.346200
v 134.731354 151.539688 1.346200
v 134.796768 151.486557 1.346200
v 134.857391 151.427704 1.346200
v 134.912506 151.363785 1.346200
v 134.961487 151.295624 1.346200
v 135.003922 151.224060 1.346200
v 135.039551 151.150070 1.346200
v 135.068222 151.074539 1.346200
v 135.090042 150.998398 1.346200
v 135.105179 150.922485 1.346200
v 135.113937 150.847595 1.346200
v 133.215607 150.688812 1.320800
v 133.227646 150.601074 1.320800
v 133.248520 150.512314 1.320800
v 133.278625 150.423798 1.320800
v 133.318161 150.336914 1.320800
v 133.367020 150.253174 1.320800
v 133.424774 150.174042 1.320800
v 133.490738 150.100876 1.320800
v 133.563889 150.034912 1.320800
v 133.643036 149.977158 1.320800
v 133.726776 149.928314 1.320800
v 133.813644 149.888779 1.320800
v 133.902161 149.858658 1.320800
v 133.990936 149.837799 1.320800
v 134.078659 149.825745 1.320800
v 134.164246 149.821899 1.320800
v 134.249832 149.825745 1.320800
v 134.337570 149.837799 1.320800
v 134.426331 149.858658 1.320800
v 134.514862 149.888779 1.320800
v 134.601730 149.928314 1.320800
v 134.685471 149.977158 1.320800
v 134.764618 150.034912 1.320800
v 134.837769 150.100876 1.320800
v 134.903732 150.174042 1.320800
v 134.961487 150.253174 1.320800
v 135.010345 150.336914 1.320800
v 135.049881 150.423798 1.320800
v 135.079987 150.512314 1.320800
v 135.100845 150.601074 1.320800
v 135.112900 150.688812 1.320800
v 135.112900 150.688812 1.371600
v 135.100845 150.601074 1.371600
v 135.079987 150.512314 1.371600
v 135.049881 150.423798 1.371600
v 135.010345 150.336914 1.371600
v 134.961487 150.253174 1.371600
v 134.903732 150.174042 1.371600
v 134.837769 150.100876 1.371600
v 134.764618 150.034912 1.371600
v 134.685471 149.977158 1.371600
v 134.601730 149.928314 1.371600
v 134.514862 149.888779 1.371600
v 134.426331 149.858658 1.371600
v 134.337570 149.837799 1.371600
v 134.249832 149.825745 1.371600
v 134.164246 149.821899 1.371600
v 134.078659 149.825745 1.371600
v 133.990936 149.837799 1.371600
v 133.902161 149.858658 1.371600
v 133.813644 149.888779 1.371600
v 133.726776 149.928314 1.371600
v 133.643036 149.977158 1.371600
v 133.563889 150.034912 1.371600
v 133.490738 150.100876 1.371600
v 133.424774 150.174042 1.371600
v 133.367020 150.253174 1.371600
v 133.318161 150.336914 1.371600
v 133.278625 150.423798 1.371600
v 133.248520 150.512314 1.371600
v 133.227646 150.601074 1.371600
v 133.215607 150.688812 1.371600
v 133.223343 150.626297 1.346200
v 133.214569 150.701202 1.346200
v 133.238464 150.550400 1.346200
v 133.260269 150.474258 1.346200
v 133.288971 150.398727 1.346200
v 133.324570 150.324722 1.346200
v 133.367020 150.253174 1.346200
v 133.416000 150.185013 1.346200
v 133.471100 150.121094 1.346200
v 133.531738 150.062241 1.346200
v 133.597153 150.009109 1.346200
v 133.666565 149.962265 1.346200
v 133.739029 149.922089 1.346200
v 133.813644 149.888779 1.346200
v 133.889465 149.862396 1.346200
v 133.965622 149.842834 1.346200
v 134.066238 149.826950 1.346200
v 134.164246 149.821899 1.346200
v 134.262268 149.826950 1.346200
v 134.362885 149.842834 1.346200
v 134.464386 149.870422 1.346200
v 134.564804 149.910202 1.346200
v 134.661957 149.962265 1.346200
v 134.753647 150.026154 1.346200
v 134.837769 150.100876 1.346200
v 134.912506 150.185013 1.346200
v 134.976379 150.276703 1.346200
v 135.028442 150.373856 1.346200
v 135.068222 150.474258 1.346200
v 135.095810 150.575775 1.346200
v 135.111694 150.676376 1.346200
v 134.164246 150.774399 1.371600
v 134.164246 150.774399 1.320800
f 4851 4852 4916
f 4916 4852 4917
f 4916 4917 4915
f 4915 4917 4918
f 4915 4918 4914
f 4914 4918 4919
f 4914 4919 4913
f 4913 4919 4920
f 4913 4920 4912
f 4912 4920 4921
f 4912 4921 4911
f 4911 4921 4922
f 4911 4922 4910
f 4910 4922 4923
f 4910 4923 4909
f 4909 4923 4908
f 4908 4923 4924
f 4908 4924 4907
f 4907 4924 4925
f 4907 4925 4906
f 4906 4925 4926
f 4906 4926 4905
f 4905 4926 4927
f 4905 4927 4904
f 4904 4927 4928
f 4904 4928 4903
f 4903 4928 4929
f 4903 4929 4902
f 4902 4929 4930
f 4902 4930 4901
f 4901 4930 4900
f 4900 4930 4931
f 4900 4931 4899
f 4899 4931 4932
f 4899 4932 4898
f 4898 4932 4933
f 4898 4933 4897
f 4897 4933 4934
f 4897 4934 4935
f 4935 4934 4872
f 4935 4872 4873
f 4852 4853 4917
f 4917 4853 4854
f 4917 4854 4918
f 4918 4854 4855
f 4918 4855 4919
f 4919 4855 4856
f 4919 4856 4920
f 4920 4856 4857
f 4920 4857 4921
f 4921 4857 4858
f 4921 4858 4922
f 4922 4858 4859
f 4922 4859 4923
f 4923 4859 4860
f 4923 4860 4861
f 4923 4861 4924
f 4924 4861 4862
f 4924 4862 4925
f 4925 4862 4863
f 4925 4863 4926
f 4926 4863 4864
f 4926 4864 4927
f 4927 4864 4865
f 4927 4865 4928
f 4928 4865 4866
f 4928 4866 4929
f 4929 4866 4867
f 4929 4867 4930
f 4930 4867 4868
f 4930 4868 4869
f 4930 4869 4931
f 4931 4869 4870
f 4931 4870 4932
f 4932 4870 4871
f 4932 4871 4933
f 4933 4871 4872
f 4933 4872 4934
f 4935 4873 4936
f 4936 4873 4874
f 4936 4874 4937
f 4937 4874 4875
f 4937 4875 4938
f 4938 4875 4876
f 4938 4876 4939
f 4939 4876 4877
f 4939 4877 4940
f 4940 4877 4878
f 4940 4878 4941
f 4941 4878 4942
f 4941 4942 4891
f 4891 4942 4890
f 4890 4942 4943
f 4890 4943 4889
f 4889 4943 4944
f 4889 4944 4888
f 4888 4944 4945
f 4888 4945 4887
f 4887 4945 4946
f 4887 4946 4886
f 4886 4946 4947
f 4886 4947 4885
f 4885 4947 4884
f 4884 4947 4883
f 4883 4947 4946
f 4883 4946 4882
f 4882 4946 4945
f 4882 4945 4881
f 4881 4945 4944
f 4881 4944 4880
f 4880 4944 4943
f 4880 4943 4879
f 4879 4943 4942
f 4879 4942 4878
f 4941 4891 4940
f 4940 4891 4892
f 4940 4892 4939
f 4939 4892 4893
f 4939 4893 4938
f 4938 4893 4894
f 4938 4894 4937
f 4937 4894 4895
f 4937 4895 4936
f 4936 4895 4896
f 4936 4896 4935
f 4935 4896 4897
f 5009 4852 5011
f 5011 4852 4851
f 5011 4851 4948
f 5011 4948 5010
f 5010 4948 4949
f 5010 4949 5012
f 5012 4949 4950
f 5012 4950 5013
f 5013 4950 4951
f 5013 4951 5014
f 5014 4951 4952
f 5014 4952 5015
f 5015 4952 4953
f 5015 4953 5016
f 5016 4953 5017
f 5016 5017 5004
f 5004 5017 5003
f 5003 5017 5018
f 5003 5018 5002
f 5002 5018 5019
f 5002 5019 5001
f 5001 5019 5020
f 5001 5020 5000
f 5000 5020 5021
f 5000 5021 4999
f 4999 5021 5022
f 4999 5022 4998
f 4998 5022 5023
f 4998 5023 5024
f 5024 5023 4959
f 5024 4959 4960
f 4953 4954 5017
f 5017 4954 5018
f 4954 4955 5018
f 5018 4955 5019
f 4955 4956 5019
f 5019 4956 5020
f 4956 4957 5020
f 5020 4957 5021
f 4957 4958 5021
f 5021 4958 5022
f 4958 4959 5022
f 5022 4959 5023
f 5024 4960 5025
f 5025 4960 4961
f 5025 4961 5026
f 5026 4961 4962
f 5026 4962 5027
f 5027 4962 4963
f 5027 4963 4964
f 5027 4964 5028
f 5028 4964 4965
f 5028 4965 5029
f 5029 4965 4966
f 5029 4966 5030
f 5030 4966 4967
f 5030 4967 5031
f 5031 4967 4968
f 5031 4968 5032
f 5032 4968 4969
f 5032 4969 5033
f 5033 4969 4970
f 5033 4970 5034
f 5034 4970 4971
f 5034 4971 4972
f 5034 4972 5035
f 5035 4972 4973
f 5035 4973 5036
f 5036 4973 4974
f 5036 4974 5037
f 5037 4974 4975
f 5037 4975 5038
f 5038 4975 4976
f 5038 4976 5039
f 5039 4976 4977
f 5039 4977 5040
f 5040 4977 4978
f 5040 4978 4884
f 4884 4978 4885
f 4884 4979 5040
f 5040 4979 4980
f 5040 4980 5039
f 5039 4980 4981
f 5039 4981 5038
f 5038 4981 4982
f 5038 4982 5037
f 5037 4982 4983
f 5037 4983 5036
f 5036 4983 4984
f 5036 4984 5035
f 5035 4984 4985
f 5035 4985 5034
f 5034 4985 4986
f 5034 4986 4987
f 5034 4987 5033
f 5033 4987 4988
f 5033 4988 5032
f 5032 4988 4989
f 5032 4989 5031
f 5031 4989 4990
f 5031 4990 5030
f 5030 4990 4991
f 5030 4991 5029
f 5029 4991 4992
f 5029 4992 5028
f 5028 4992 4993
f 5028 4993 5027
f 5027 4993 4994
f 5027 4994 4995
f 5027 4995 5026
f 5026 4995 4996
f 5026 4996 5025
f 5025 4996 4997
f 5025 4997 5024
f 5024 4997 4998
f 5016 5004 5015
f 5015 5004 5005
f 5015 5005 5014
f 5014 5005 5006
f 5014 5006 5013
f 5013 5006 5007
f 5013 5007 5012
f 5012 5007 5008
f 5012 5008 5010
f 5010 5008 5009
f 5010 5009 5011
f 4979 4884 5041
f 5041 4884 4883
f 5041 4883 4882
f 4882 4881 5041
f 5041 4881 4880
f 5041 4880 4879
f 4879 4878 5041
f 5041 4878 4877
f 5041 4877 4876
f 4876 4875 5041
f 5041 4875 4874
f 5041 4874 4873
f 4873 4872 5041
f 5041 4872 4871
f 5041 4871 4870
f 4870 4869 5041
f 5041 4869 4868
f 5041 4868 4867
f 4867 4866 5041
f 5041 4866 4865
f 5041 4865 4864
f 4864 4863 5041
f 5041 4863 4862
f 5041 4862 4861
f 4861 4860 5041
f 5041 4860 4859
f 5041 4859 4858
f 4858 4857 5041
f 5041 4857 4856
f 5041 4856 4855
f 4855 4854 5041
f 5041 4854 4853
f 5041 4853 4852
f 4852 5009 5041
f 5041 5009 5008
f 5041 5008 5007
f 5007 5006 5041
f 5041 5006 5005
f 5041 5005 5004
f 5004 5003 5041
f 5041 5003 5002
f 5041 5002 5001
f 5001 5000 5041
f 5041 5000 4999
f 5041 4999 4998
f 4998 4997 5041
f 5041 4997 4996
f 5041 4996 4995
f 4995 4994 5041
f 5041 4994 4993
f 5041 4993 4992
f 4992 4991 5041
f 5041 4991 4990
f 5041 4990 4989
f 4989 4988 5041
f 5041 4988 4987
f 5041 4987 4986
f 4986 4985 5041
f 5041 4985 4984
f 5041 4984 4983
f 4983 4982 5041
f 5041 4982 4981
f 5041 4981 4980
f 4980 4979 5041
f 4948 4851 5042
f 5042 4851 4916
f 5042 4916 4915
f 4915 4914 5042
f 5042 4914 4913
f 5042 4913 4912
f 4912 4911 5042
f 5042 4911 4910
f 5042 4910 4909
f 4909 4908 5042
f 5042 4908 4907
f 5042 4907 4906
f 4906 4905 5042
f 5042 4905 4904
f 5042 4904 4903
f 4903 4902 5042
f 5042 4902 4901
f 5042 4901 4900
f 4900 4899 5042
f 5042 4899 4898
f 5042 4898 4897
f 4897 4896 5042
f 5042 4896 4895
f 5042 4895 4894
f 4894 4893 5042
f 5042 4893 4892
f 5042 4892 4891
f 4891 4890 5042
f 5042 4890 4889
f 5042 4889 4888
f 4888 4887 5042
f 5042 4887 4886
f 5042 4886 4885
f 4885 4978 5042
f 5042 4978 4977
f 5042 4977 4976
f 4976 4975 5042
f 5042 4975 4974
f 5042 4974 4973
f 4973 4972 5042
f 5042 4972 4971
f 5042 4971 4970
f 4970 4969 5042
f 5042 4969 4968
f 5042 4968 4967
f 4967 4966 5042
f 5042 4966 4965
f 5042 4965 4964
f 4964 4963 5042
f 5042 4963 4962
f 5042 4962 4961
f 4961 4960 5042
f 5042 4960 4959
f 5042 4959 4958
f 4958 4957 5042
f 5042 4957 4956
f 5042 4956 4955
f 4955 4954 5042
f 5042 4954 4953
f 5042 4953 4952
f 4952 4951 5042
f 5042 4951 4950
f 5042 4950 4949
f 4949 4948 5042
g MeshBody26

v 108.116554 150.774399 1.320800
v 108.116554 150.774399 1.371600
v 108.120407 150.859985 1.371600
v 108.132462 150.947723 1.371600
v 108.153320 151.036484 1.371600
v 108.183434 151.125015 1.371600
v 108.222969 151.211868 1.371600
v 108.271820 151.295624 1.371600
v 108.329575 151.374756 1.371600
v 108.395531 151.447922 1.371600
v 108.468697 151.513870 1.371600
v 108.547836 151.571640 1.371600
v 108.631577 151.620499 1.371600
v 108.718437 151.660019 1.371600
v 108.806961 151.690125 1.371600
v 108.895737 151.710999 1.371600
v 108.983459 151.723038 1.371600
v 109.069061 151.726898 1.371600
v 109.154640 151.723038 1.371600
v 109.242371 151.710999 1.371600
v 109.331146 151.690125 1.371600
v 109.419670 151.660019 1.371600
v 109.506531 151.620499 1.371600
v 109.590263 151.571640 1.371600
v 109.669411 151.513870 1.371600
v 109.742577 151.447922 1.371600
v 109.808525 151.374756 1.371600
v 109.866295 151.295624 1.371600
v 109.915138 151.211868 1.371600
v 109.954674 151.125015 1.371600
v 109.984787 151.036484 1.371600
v 110.005646 150.947723 1.371600
v 110.017700 150.859985 1.371600
v 110.021561 150.774399 1.371600
v 110.021561 150.774399 1.320800
v 110.017700 150.859985 1.320800
v 110.005646 150.947723 1.320800
v 109.984787 151.036484 1.320800
v 109.954674 151.125015 1.320800
v 109.915138 151.211868 1.320800
v 109.866295 151.295624 1.320800
v 109.808525 151.374756 1.320800
v 109.742577 151.447922 1.320800
v 109.669411 151.513870 1.320800
v 109.590263 151.571640 1.320800
v 109.506531 151.620499 1.320800
v 109.419670 151.660019 1.320800
v 109.331146 151.690125 1.320800
v 109.242371 151.710999 1.320800
v 109.154640 151.723038 1.320800
v 109.069061 151.726898 1.320800
v 108.983459 151.723038 1.320800
v 108.895737 151.710999 1.320800
v 108.806961 151.690125 1.320800
v 108.718437 151.660019 1.320800
v 108.631577 151.620499 1.320800
v 108.547836 151.571640 1.320800
v 108.468697 151.513870 1.320800
v 108.395531 151.447922 1.320800
v 108.329575 151.374756 1.320800
v 108.271820 151.295624 1.320800
v 108.222969 151.211868 1.320800
v 108.183434 151.125015 1.320800
v 108.153320 151.036484 1.320800
v 108.132462 150.947723 1.320800
v 108.120407 150.859985 1.320800
v 108.121605 150.872406 1.346200
v 108.137497 150.973038 1.346200
v 108.165070 151.074539 1.346200
v 108.204865 151.174942 1.346200
v 108.256927 151.272095 1.346200
v 108.320801 151.363785 1.346200
v 108.395531 151.447922 1.346200
v 108.479668 151.522644 1.346200
v 108.571358 151.586533 1.346200
v 108.668510 151.638580 1.346200
v 108.768921 151.678375 1.346200
v 108.870430 151.705963 1.346200
v 108.971039 151.721848 1.346200
v 109.069061 151.726898 1.346200
v 109.167068 151.721848 1.346200
v 109.267677 151.705963 1.346200
v 109.343834 151.686401 1.346200
v 109.419670 151.660019 1.346200
v 109.494278 151.626709 1.346200
v 109.566750 151.586533 1.346200
v 109.636147 151.539688 1.346200
v 109.701576 151.486557 1.346200
v 109.762207 151.427704 1.346200
v 109.817307 151.363785 1.346200
v 109.866295 151.295624 1.346200
v 109.908722 151.224060 1.346200
v 109.944344 151.150070 1.346200
v 109.973030 151.074539 1.346200
v 109.994843 150.998398 1.346200
v 110.009972 150.922485 1.346200
v 110.018738 150.847595 1.346200
v 108.120407 150.688812 1.320800
v 108.132462 150.601074 1.320800
v 108.153320 150.512314 1.320800
v 108.183434 150.423798 1.320800
v 108.222969 150.336914 1.320800
v 108.271820 150.253174 1.320800
v 108.329575 150.174042 1.320800
v 108.395531 150.100876 1.320800
v 108.468697 150.034912 1.320800
v 108.547836 149.977158 1.320800
v 108.631577 149.928314 1.320800
v 108.718437 149.888779 1.320800
v 108.806961 149.858658 1.320800
v 108.895737 149.837799 1.320800
v 108.983459 149.825745 1.320800
v 109.069061 149.821899 1.320800
v 109.154640 149.825745 1.320800
v 109.242371 149.837799 1.320800
v 109.331146 149.858658 1.320800
v 109.419670 149.888779 1.320800
v 109.506531 149.928314 1.320800
v 109.590263 149.977158 1.320800
v 109.669411 150.034912 1.320800
v 109.742577 150.100876 1.320800
v 109.808525 150.174042 1.320800
v 109.866295 150.253174 1.320800
v 109.915138 150.336914 1.320800
v 109.954674 150.423798 1.320800
v 109.984787 150.512314 1.320800
v 110.005646 150.601074 1.320800
v 110.017700 150.688812 1.320800
v 110.017700 150.688812 1.371600
v 110.005646 150.601074 1.371600
v 109.984787 150.512314 1.371600
v 109.954674 150.423798 1.371600
v 109.915138 150.336914 1.371600
v 109.866295 150.253174 1.371600
v 109.808525 150.174042 1.371600
v 109.742577 150.100876 1.371600
v 109.669411 150.034912 1.371600
v 109.590263 149.977158 1.371600
v 109.506531 149.928314 1.371600
v 109.419670 149.888779 1.371600
v 109.331146 149.858658 1.371600
v 109.242371 149.837799 1.371600
v 109.154640 149.825745 1.371600
v 109.069061 149.821899 1.371600
v 108.983459 149.825745 1.371600
v 108.895737 149.837799 1.371600
v 108.806961 149.858658 1.371600
v 108.718437 149.888779 1.371600
v 108.631577 149.928314 1.371600
v 108.547836 149.977158 1.371600
v 108.468697 150.034912 1.371600
v 108.395531 150.100876 1.371600
v 108.329575 150.174042 1.371600
v 108.271820 150.253174 1.371600
v 108.222969 150.336914 1.371600
v 108.183434 150.423798 1.371600
v 108.153320 150.512314 1.371600
v 108.132462 150.601074 1.371600
v 108.120407 150.688812 1.371600
v 108.128136 150.626297 1.346200
v 108.119370 150.701202 1.346200
v 108.143265 150.550400 1.346200
v 108.165070 150.474258 1.346200
v 108.193764 150.398727 1.346200
v 108.229378 150.324722 1.346200
v 108.271820 150.253174 1.346200
v 108.320801 150.185013 1.346200
v 108.375900 150.121094 1.346200
v 108.436531 150.062241 1.346200
v 108.501961 150.009109 1.346200
v 108.571358 149.962265 1.346200
v 108.643829 149.922089 1.346200
v 108.718437 149.888779 1.346200
v 108.794266 149.862396 1.346200
v 108.870430 149.842834 1.346200
v 108.971039 149.826950 1.346200
v 109.069061 149.821899 1.346200
v 109.167068 149.826950 1.346200
v 109.267677 149.842834 1.346200
v 109.369186 149.870422 1.346200
v 109.469597 149.910202 1.346200
v 109.566750 149.962265 1.346200
v 109.658440 150.026154 1.346200
v 109.742577 150.100876 1.346200
v 109.817307 150.185013 1.346200
v 109.881180 150.276703 1.346200
v 109.933243 150.373856 1.346200
v 109.973030 150.474258 1.346200
v 110.000610 150.575775 1.346200
v 110.016502 150.676376 1.346200
v 109.069061 150.774399 1.371600
v 109.069061 150.774399 1.320800
f 5043 5044 5108
f 5108 5044 5109
f 5108 5109 5107
f 5107 5109 5110
f 5107 5110 5106
f 5106 5110 5111
f 5106 5111 5105
f 5105 5111 5112
f 5105 5112 5104
f 5104 5112 5113
f 5104 5113 5103
f 5103 5113 5114
f 5103 5114 5102
f 5102 5114 5115
f 5102 5115 5101
f 5101 5115 5100
f 5100 5115 5116
f 5100 5116 5099
f 5099 5116 5117
f 5099 5117 5098
f 5098 5117 5118
f 5098 5118 5097
f 5097 5118 5119
f 5097 5119 5096
f 5096 5119 5120
f 5096 5120 5095
f 5095 5120 5121
f 5095 5121 5094
f 5094 5121 5122
f 5094 5122 5093
f 5093 5122 5092
f 5092 5122 5123
f 5092 5123 5091
f 5091 5123 5124
f 5091 5124 5090
f 5090 5124 5125
f 5090 5125 5089
f 5089 5125 5126
f 5089 5126 5127
f 5127 5126 5064
f 5127 5064 5065
f 5044 5045 5109
f 5109 5045 5046
f 5109 5046 5110
f 5110 5046 5047
f 5110 5047 5111
f 5111 5047 5048
f 5111 5048 5112
f 5112 5048 5049
f 5112 5049 5113
f 5113 5049 5050
f 5113 5050 5114
f 5114 5050 5051
f 5114 5051 5115
f 5115 5051 5052
f 5115 5052 5053
f 5115 5053 5116
f 5116 5053 5054
f 5116 5054 5117
f 5117 5054 5055
f 5117 5055 5118
f 5118 5055 5056
f 5118 5056 5119
f 5119 5056 5057
f 5119 5057 5120
f 5120 5057 5058
f 5120 5058 5121
f 5121 5058 5059
f 5121 5059 5122
f 5122 5059 5060
f 5122 5060 5061
f 5122 5061 5123
f 5123 5061 5062
f 5123 5062 5124
f 5124 5062 5063
f 5124 5063 5125
f 5125 5063 5064
f 5125 5064 5126
f 5127 5065 5128
f 5128 5065 5066
f 5128 5066 5129
f 5129 5066 5067
f 5129 5067 5130
f 5130 5067 5068
f 5130 5068 5131
f 5131 5068 5069
f 5131 5069 5132
f 5132 5069 5070
f 5132 5070 5133
f 5133 5070 5134
f 5133 5134 5083
f 5083 5134 5082
f 5082 5134 5135
f 5082 5135 5081
f 5081 5135 5136
f 5081 5136 5080
f 5080 5136 5137
f 5080 5137 5079
f 5079 5137 5138
f 5079 5138 5078
f 5078 5138 5139
f 5078 5139 5077
f 5077 5139 5076
f 5076 5139 5075
f 5075 5139 5138
f 5075 5138 5074
f 5074 5138 5137
f 5074 5137 5073
f 5073 5137 5136
f 5073 5136 5072
f 5072 5136 5135
f 5072 5135 5071
f 5071 5135 5134
f 5071 5134 5070
f 5133 5083 5132
f 5132 5083 5084
f 5132 5084 5131
f 5131 5084 5085
f 5131 5085 5130
f 5130 5085 5086
f 5130 5086 5129
f 5129 5086 5087
f 5129 5087 5128
f 5128 5087 5088
f 5128 5088 5127
f 5127 5088 5089
f 5201 5044 5203
f 5203 5044 5043
f 5203 5043 5140
f 5203 5140 5202
f 5202 5140 5141
f 5202 5141 5204
f 5204 5141 5142
f 5204 5142 5205
f 5205 5142 5143
f 5205 5143 5206
f 5206 5143 5144
f 5206 5144 5207
f 5207 5144 5145
f 5207 5145 5208
f 5208 5145 5209
f 5208 5209 5196
f 5196 5209 5195
f 5195 5209 5210
f 5195 5210 5194
f 5194 5210 5211
f 5194 5211 5193
f 5193 5211 5212
f 5193 5212 5192
f 5192 5212 5213
f 5192 5213 5191
f 5191 5213 5214
f 5191 5214 5190
f 5190 5214 5215
f 5190 5215 5216
f 5216 5215 5151
f 5216 5151 5152
f 5145 5146 5209
f 5209 5146 5210
f 5146 5147 5210
f 5210 5147 5211
f 5147 5148 5211
f 5211 5148 5212
f 5148 5149 5212
f 5212 5149 5213
f 5149 5150 5213
f 5213 5150 5214
f 5150 5151 5214
f 5214 5151 5215
f 5216 5152 5217
f 5217 5152 5153
f 5217 5153 5218
f 5218 5153 5154
f 5218 5154 5219
f 5219 5154 5155
f 5219 5155 5156
f 5219 5156 5220
f 5220 5156 5157
f 5220 5157 5221
f 5221 5157 5158
f 5221 5158 5222
f 5222 5158 5159
f 5222 5159 5223
f 5223 5159 5160
f 5223 5160 5224
f 5224 5160 5161
f 5224 5161 5225
f 5225 5161 5162
f 5225 5162 5226
f 5226 5162 5163
f 5226 5163 5164
f 5226 5164 5227
f 5227 5164 5165
f 5227 5165 5228
f 5228 5165 5166
f 5228 5166 5229
f 5229 5166 5167
f 5229 5167 5230
f 5230 5167 5168
f 5230 5168 5231
f 5231 5168 5169
f 5231 5169 5232
f 5232 5169 5170
f 5232 5170 5076
f 5076 5170 5077
f 5076 5171 5232
f 5232 5171 5172
f 5232 5172 5231
f 5231 5172 5173
f 5231 5173 5230
f 5230 5173 5174
f 5230 5174 5229
f 5229 5174 5175
f 5229 5175 5228
f 5228 5175 5176
f 5228 5176 5227
f 5227 5176 5177
f 5227 5177 5226
f 5226 5177 5178
f 5226 5178 5179
f 5226 5179 5225
f 5225 5179 5180
f 5225 5180 5224
f 5224 5180 5181
f 5224 5181 5223
f 5223 5181 5182
f 5223 5182 5222
f 5222 5182 5183
f 5222 5183 5221
f 5221 5183 5184
f 5221 5184 5220
f 5220 5184 5185
f 5220 5185 5219
f 5219 5185 5186
f 5219 5186 5187
f 5219 5187 5218
f 5218 5187 5188
f 5218 5188 5217
f 5217 5188 5189
f 5217 5189 5216
f 5216 5189 5190
f 5208 5196 5207
f 5207 5196 5197
f 5207 5197 5206
f 5206 5197 5198
f 5206 5198 5205
f 5205 5198 5199
f 5205 5199 5204
f 5204 5199 5200
f 5204 5200 5202
f 5202 5200 5201
f 5202 5201 5203
f 5171 5076 5233
f 5233 5076 5075
f 5233 5075 5074
f 5074 5073 5233
f 5233 5073 5072
f 5233 5072 5071
f 5071 5070 5233
f 5233 5070 5069
f 5233 5069 5068
f 5068 5067 5233
f 5233 5067 5066
f 5233 5066 5065
f 5065 5064 5233
f 5233 5064 5063
f 5233 5063 5062
f 5062 5061 5233
f 5233 5061 5060
f 5233 5060 5059
f 5059 5058 5233
f 5233 5058 5057
f 5233 5057 5056
f 5056 5055 5233
f 5233 5055 5054
f 5233 5054 5053
f 5053 5052 5233
f 5233 5052 5051
f 5233 5051 5050
f 5050 5049 5233
f 5233 5049 5048
f 5233 5048 5047
f 5047 5046 5233
f 5233 5046 5045
f 5233 5045 5044
f 5044 5201 5233
f 5233 5201 5200
f 5233 5200 5199
f 5199 5198 5233
f 5233 5198 5197
f 5233 5197 5196
f 5196 5195 5233
f 5233 5195 5194
f 5233 5194 5193
f 5193 5192 5233
f 5233 5192 5191
f 5233 5191 5190
f 5190 5189 5233
f 5233 5189 5188
f 5233 5188 5187
f 5187 5186 5233
f 5233 5186 5185
f 5233 5185 5184
f 5184 5183 5233
f 5233 5183 5182
f 5233 5182 5181
f 5181 5180 5233
f 5233 5180 5179
f 5233 5179 5178
f 5178 5177 5233
f 5233 5177 5176
f 5233 5176 5175
f 5175 5174 5233
f 5233 5174 5173
f 5233 5173 5172
f 5172 5171 5233
f 5140 5043 5234
f 5234 5043 5108
f 5234 5108 5107
f 5107 5106 5234
f 5234 5106 5105
f 5234 5105 5104
f 5104 5103 5234
f 5234 5103 5102
f 5234 5102 5101
f 5101 5100 5234
f 5234 5100 5099
f 5234 5099 5098
f 5098 5097 5234
f 5234 5097 5096
f 5234 5096 5095
f 5095 5094 5234
f 5234 5094 5093
f 5234 5093 5092
f 5092 5091 5234
f 5234 5091 5090
f 5234 5090 5089
f 5089 5088 5234
f 5234 5088 5087
f 5234 5087 5086
f 5086 5085 5234
f 5234 5085 5084
f 5234 5084 5083
f 5083 5082 5234
f 5234 5082 5081
f 5234 5081 5080
f 5080 5079 5234
f 5234 5079 5078
f 5234 5078 5077
f 5077 5170 5234
f 5234 5170 5169
f 5234 5169 5168
f 5168 5167 5234
f 5234 5167 5166
f 5234 5166 5165
f 5165 5164 5234
f 5234 5164 5163
f 5234 5163 5162
f 5162 5161 5234
f 5234 5161 5160
f 5234 5160 5159
f 5159 5158 5234
f 5234 5158 5157
f 5234 5157 5156
f 5156 5155 5234
f 5234 5155 5154
f 5234 5154 5153
f 5153 5152 5234
f 5234 5152 5151
f 5234 5151 5150
f 5150 5149 5234
f 5234 5149 5148
f 5234 5148 5147
f 5147 5146 5234
f 5234 5146 5145
f 5234 5145 5144
f 5144 5143 5234
f 5234 5143 5142
f 5234 5142 5141
f 5141 5140 5234
g MeshBody27

v 83.021355 200.964798 1.320800
v 83.021355 200.964798 1.371600
v 83.025200 201.050385 1.371600
v 83.037254 201.138107 1.371600
v 83.058121 201.226883 1.371600
v 83.088234 201.315399 1.371600
v 83.127762 201.402283 1.371600
v 83.176620 201.486008 1.371600
v 83.234375 201.565155 1.371600
v 83.300331 201.638306 1.371600
v 83.373497 201.704269 1.371600
v 83.452637 201.762039 1.371600
v 83.536369 201.810898 1.371600
v 83.623245 201.850433 1.371600
v 83.711769 201.880524 1.371600
v 83.800529 201.901398 1.371600
v 83.888268 201.913452 1.371600
v 83.973854 201.917297 1.371600
v 84.059441 201.913452 1.371600
v 84.147179 201.901398 1.371600
v 84.235939 201.880524 1.371600
v 84.324463 201.850433 1.371600
v 84.411331 201.810898 1.371600
v 84.495071 201.762039 1.371600
v 84.574219 201.704269 1.371600
v 84.647369 201.638306 1.371600
v 84.713326 201.565155 1.371600
v 84.771095 201.486008 1.371600
v 84.819946 201.402283 1.371600
v 84.859482 201.315399 1.371600
v 84.889587 201.226883 1.371600
v 84.910454 201.138107 1.371600
v 84.922501 201.050385 1.371600
v 84.926353 200.964798 1.371600
v 84.926353 200.964798 1.320800
v 84.922501 201.050385 1.320800
v 84.910454 201.138107 1.320800
v 84.889587 201.226883 1.320800
v 84.859482 201.315399 1.320800
v 84.819946 201.402283 1.320800
v 84.771095 201.486008 1.320800
v 84.713326 201.565155 1.320800
v 84.647369 201.638306 1.320800
v 84.574219 201.704269 1.320800
v 84.495071 201.762039 1.320800
v 84.411331 201.810898 1.320800
v 84.324463 201.850433 1.320800
v 84.235939 201.880524 1.320800
v 84.147179 201.901398 1.320800
v 84.059441 201.913452 1.320800
v 83.973854 201.917297 1.320800
v 83.888268 201.913452 1.320800
v 83.800529 201.901398 1.320800
v 83.711769 201.880524 1.320800
v 83.623245 201.850433 1.320800
v 83.536369 201.810898 1.320800
v 83.452637 201.762039 1.320800
v 83.373497 201.704269 1.320800
v 83.300331 201.638306 1.320800
v 83.234375 201.565155 1.320800
v 83.176620 201.486008 1.320800
v 83.127762 201.402283 1.320800
v 83.088234 201.315399 1.320800
v 83.058121 201.226883 1.320800
v 83.037254 201.138107 1.320800
v 83.025200 201.050385 1.320800
v 83.026413 201.062805 1.346200
v 83.042297 201.163437 1.346200
v 83.069878 201.264938 1.346200
v 83.109665 201.365341 1.346200
v 83.161728 201.462494 1.346200
v 83.225609 201.554184 1.346200
v 83.300331 201.638306 1.346200
v 83.384460 201.713058 1.346200
v 83.476151 201.776932 1.346200
v 83.573311 201.828979 1.346200
v 83.673721 201.868774 1.346200
v 83.775223 201.896362 1.346200
v 83.875839 201.912247 1.346200
v 83.973854 201.917297 1.346200
v 84.071861 201.912247 1.346200
v 84.172485 201.896362 1.346200
v 84.248634 201.876801 1.346200
v 84.324463 201.850433 1.346200
v 84.399078 201.817123 1.346200
v 84.471550 201.776932 1.346200
v 84.540955 201.730087 1.346200
v 84.606377 201.676956 1.346200
v 84.667000 201.618103 1.346200
v 84.722107 201.554184 1.346200
v 84.771095 201.486008 1.346200
v 84.813530 201.414459 1.346200
v 84.849144 201.340454 1.346200
v 84.877831 201.264938 1.346200
v 84.899643 201.188797 1.346200
v 84.914764 201.112900 1.346200
v 84.923538 201.037994 1.346200
v 83.025200 200.879211 1.320800
v 83.037254 200.791489 1.320800
v 83.058121 200.702713 1.320800
v 83.088234 200.614182 1.320800
v 83.127762 200.527313 1.320800
v 83.176620 200.443573 1.320800
v 83.234375 200.364441 1.320800
v 83.300331 200.291275 1.320800
v 83.373497 200.225311 1.320800
v 83.452637 200.167572 1.320800
v 83.536369 200.118713 1.320800
v 83.623245 200.079178 1.320800
v 83.711769 200.049072 1.320800
v 83.800529 200.028198 1.320800
v 83.888268 200.016144 1.320800
v 83.973854 200.012299 1.320800
v 84.059441 200.016144 1.320800
v 84.147179 200.028198 1.320800
v 84.235939 200.049072 1.320800
v 84.324463 200.079178 1.320800
v 84.411331 200.118713 1.320800
v 84.495071 200.167572 1.320800
v 84.574219 200.225311 1.320800
v 84.647369 200.291275 1.320800
v 84.713326 200.364441 1.320800
v 84.771095 200.443573 1.320800
v 84.819946 200.527313 1.320800
v 84.859482 200.614182 1.320800
v 84.889587 200.702713 1.320800
v 84.910454 200.791489 1.320800
v 84.922501 200.879211 1.320800
v 84.922501 200.879211 1.371600
v 84.910454 200.791489 1.371600
v 84.889587 200.702713 1.371600
v 84.859482 200.614182 1.371600
v 84.819946 200.527313 1.371600
v 84.771095 200.443573 1.371600
v 84.713326 200.364441 1.371600
v 84.647369 200.291275 1.371600
v 84.574219 200.225311 1.371600
v 84.495071 200.167572 1.371600
v 84.411331 200.118713 1.371600
v 84.324463 200.079178 1.371600
v 84.235939 200.049072 1.371600
v 84.147179 200.028198 1.371600
v 84.059441 200.016144 1.371600
v 83.973854 200.012299 1.371600
v 83.888268 200.016144 1.371600
v 83.800529 200.028198 1.371600
v 83.711769 200.049072 1.371600
v 83.623245 200.079178 1.371600
v 83.536369 200.118713 1.371600
v 83.452637 200.167572 1.371600
v 83.373497 200.225311 1.371600
v 83.300331 200.291275 1.371600
v 83.234375 200.364441 1.371600
v 83.176620 200.443573 1.371600
v 83.127762 200.527313 1.371600
v 83.088234 200.614182 1.371600
v 83.058121 200.702713 1.371600
v 83.037254 200.791489 1.371600
v 83.025200 200.879211 1.371600
v 83.032936 200.816696 1.346200
v 83.024178 200.891586 1.346200
v 83.048073 200.740799 1.346200
v 83.069878 200.664673 1.346200
v 83.098557 200.589127 1.346200
v 83.134178 200.515121 1.346200
v 83.176620 200.443573 1.346200
v 83.225609 200.375397 1.346200
v 83.280708 200.311493 1.346200
v 83.341339 200.252640 1.346200
v 83.406761 200.199524 1.346200
v 83.476151 200.152664 1.346200
v 83.548630 200.112488 1.346200
v 83.623245 200.079178 1.346200
v 83.699074 200.052780 1.346200
v 83.775223 200.033234 1.346200
v 83.875839 200.017365 1.346200
v 83.973854 200.012299 1.346200
v 84.071861 200.017365 1.346200
v 84.172485 200.033234 1.346200
v 84.273994 200.060822 1.346200
v 84.374405 200.100616 1.346200
v 84.471550 200.152664 1.346200
v 84.563240 200.216553 1.346200
v 84.647369 200.291275 1.346200
v 84.722107 200.375397 1.346200
v 84.785988 200.467102 1.346200
v 84.838036 200.564240 1.346200
v 84.877831 200.664673 1.346200
v 84.905418 200.766174 1.346200
v 84.921295 200.866791 1.346200
v 83.973854 200.964798 1.371600
v 83.973854 200.964798 1.320800
f 5235 5236 5300
f 5300 5236 5301
f 5300 5301 5299
f 5299 5301 5302
f 5299 5302 5298
f 5298 5302 5303
f 5298 5303 5297
f 5297 5303 5304
f 5297 5304 5296
f 5296 5304 5305
f 5296 5305 5295
f 5295 5305 5306
f 5295 5306 5294
f 5294 5306 5307
f 5294 5307 5293
f 5293 5307 5292
f 5292 5307 5308
f 5292 5308 5291
f 5291 5308 5309
f 5291 5309 5290
f 5290 5309 5310
f 5290 5310 5289
f 5289 5310 5311
f 5289 5311 5288
f 5288 5311 5312
f 5288 5312 5287
f 5287 5312 5313
f 5287 5313 5286
f 5286 5313 5314
f 5286 5314 5285
f 5285 5314 5284
f 5284 5314 5315
f 5284 5315 5283
f 5283 5315 5316
f 5283 5316 5282
f 5282 5316 5317
f 5282 5317 5281
f 5281 5317 5318
f 5281 5318 5319
f 5319 5318 5256
f 5319 5256 5257
f 5236 5237 5301
f 5301 5237 5238
f 5301 5238 5302
f 5302 5238 5239
f 5302 5239 5303
f 5303 5239 5240
f 5303 5240 5304
f 5304 5240 5241
f 5304 5241 5305
f 5305 5241 5242
f 5305 5242 5306
f 5306 5242 5243
f 5306 5243 5307
f 5307 5243 5244
f 5307 5244 5245
f 5307 5245 5308
f 5308 5245 5246
f 5308 5246 5309
f 5309 5246 5247
f 5309 5247 5310
f 5310 5247 5248
f 5310 5248 5311
f 5311 5248 5249
f 5311 5249 5312
f 5312 5249 5250
f 5312 5250 5313
f 5313 5250 5251
f 5313 5251 5314
f 5314 5251 5252
f 5314 5252 5253
f 5314 5253 5315
f 5315 5253 5254
f 5315 5254 5316
f 5316 5254 5255
f 5316 5255 5317
f 5317 5255 5256
f 5317 5256 5318
f 5319 5257 5320
f 5320 5257 5258
f 5320 5258 5321
f 5321 5258 5259
f 5321 5259 5322
f 5322 5259 5260
f 5322 5260 5323
f 5323 5260 5261
f 5323 5261 5324
f 5324 5261 5262
f 5324 5262 5325
f 5325 5262 5326
f 5325 5326 5275
f 5275 5326 5274
f 5274 5326 5327
f 5274 5327 5273
f 5273 5327 5328
f 5273 5328 5272
f 5272 5328 5329
f 5272 5329 5271
f 5271 5329 5330
f 5271 5330 5270
f 5270 5330 5331
f 5270 5331 5269
f 5269 5331 5268
f 5268 5331 5267
f 5267 5331 5330
f 5267 5330 5266
f 5266 5330 5329
f 5266 5329 5265
f 5265 5329 5328
f 5265 5328 5264
f 5264 5328 5327
f 5264 5327 5263
f 5263 5327 5326
f 5263 5326 5262
f 5325 5275 5324
f 5324 5275 5276
f 5324 5276 5323
f 5323 5276 5277
f 5323 5277 5322
f 5322 5277 5278
f 5322 5278 5321
f 5321 5278 5279
f 5321 5279 5320
f 5320 5279 5280
f 5320 5280 5319
f 5319 5280 5281
f 5393 5236 5395
f 5395 5236 5235
f 5395 5235 5332
f 5395 5332 5394
f 5394 5332 5333
f 5394 5333 5396
f 5396 5333 5334
f 5396 5334 5397
f 5397 5334 5335
f 5397 5335 5398
f 5398 5335 5336
f 5398 5336 5399
f 5399 5336 5337
f 5399 5337 5400
f 5400 5337 5401
f 5400 5401 5388
f 5388 5401 5387
f 5387 5401 5402
f 5387 5402 5386
f 5386 5402 5403
f 5386 5403 5385
f 5385 5403 5404
f 5385 5404 5384
f 5384 5404 5405
f 5384 5405 5383
f 5383 5405 5406
f 5383 5406 5382
f 5382 5406 5407
f 5382 5407 5408
f 5408 5407 5343
f 5408 5343 5344
f 5337 5338 5401
f 5401 5338 5402
f 5338 5339 5402
f 5402 5339 5403
f 5339 5340 5403
f 5403 5340 5404
f 5340 5341 5404
f 5404 5341 5405
f 5341 5342 5405
f 5405 5342 5406
f 5342 5343 5406
f 5406 5343 5407
f 5408 5344 5409
f 5409 5344 5345
f 5409 5345 5410
f 5410 5345 5346
f 5410 5346 5411
f 5411 5346 5347
f 5411 5347 5348
f 5411 5348 5412
f 5412 5348 5349
f 5412 5349 5413
f 5413 5349 5350
f 5413 5350 5414
f 5414 5350 5351
f 5414 5351 5415
f 5415 5351 5352
f 5415 5352 5416
f 5416 5352 5353
f 5416 5353 5417
f 5417 5353 5354
f 5417 5354 5418
f 5418 5354 5355
f 5418 5355 5356
f 5418 5356 5419
f 5419 5356 5357
f 5419 5357 5420
f 5420 5357 5358
f 5420 5358 5421
f 5421 5358 5359
f 5421 5359 5422
f 5422 5359 5360
f 5422 5360 5423
f 5423 5360 5361
f 5423 5361 5424
f 5424 5361 5362
f 5424 5362 5268
f 5268 5362 5269
f 5268 5363 5424
f 5424 5363 5364
f 5424 5364 5423
f 5423 5364 5365
f 5423 5365 5422
f 5422 5365 5366
f 5422 5366 5421
f 5421 5366 5367
f 5421 5367 5420
f 5420 5367 5368
f 5420 5368 5419
f 5419 5368 5369
f 5419 5369 5418
f 5418 5369 5370
f 5418 5370 5371
f 5418 5371 5417
f 5417 5371 5372
f 5417 5372 5416
f 5416 5372 5373
f 5416 5373 5415
f 5415 5373 5374
f 5415 5374 5414
f 5414 5374 5375
f 5414 5375 5413
f 5413 5375 5376
f 5413 5376 5412
f 5412 5376 5377
f 5412 5377 5411
f 5411 5377 5378
f 5411 5378 5379
f 5411 5379 5410
f 5410 5379 5380
f 5410 5380 5409
f 5409 5380 5381
f 5409 5381 5408
f 5408 5381 5382
f 5400 5388 5399
f 5399 5388 5389
f 5399 5389 5398
f 5398 5389 5390
f 5398 5390 5397
f 5397 5390 5391
f 5397 5391 5396
f 5396 5391 5392
f 5396 5392 5394
f 5394 5392 5393
f 5394 5393 5395
f 5363 5268 5425
f 5425 5268 5267
f 5425 5267 5266
f 5266 5265 5425
f 5425 5265 5264
f 5425 5264 5263
f 5263 5262 5425
f 5425 5262 5261
f 5425 5261 5260
f 5260 5259 5425
f 5425 5259 5258
f 5425 5258 5257
f 5257 5256 5425
f 5425 5256 5255
f 5425 5255 5254
f 5254 5253 5425
f 5425 5253 5252
f 5425 5252 5251
f 5251 5250 5425
f 5425 5250 5249
f 5425 5249 5248
f 5248 5247 5425
f 5425 5247 5246
f 5425 5246 5245
f 5245 5244 5425
f 5425 5244 5243
f 5425 5243 5242
f 5242 5241 5425
f 5425 5241 5240
f 5425 5240 5239
f 5239 5238 5425
f 5425 5238 5237
f 5425 5237 5236
f 5236 5393 5425
f 5425 5393 5392
f 5425 5392 5391
f 5391 5390 5425
f 5425 5390 5389
f 5425 5389 5388
f 5388 5387 5425
f 5425 5387 5386
f 5425 5386 5385
f 5385 5384 5425
f 5425 5384 5383
f 5425 5383 5382
f 5382 5381 5425
f 5425 5381 5380
f 5425 5380 5379
f 5379 5378 5425
f 5425 5378 5377
f 5425 5377 5376
f 5376 5375 5425
f 5425 5375 5374
f 5425 5374 5373
f 5373 5372 5425
f 5425 5372 5371
f 5425 5371 5370
f 5370 5369 5425
f 5425 5369 5368
f 5425 5368 5367
f 5367 5366 5425
f 5425 5366 5365
f 5425 5365 5364
f 5364 5363 5425
f 5332 5235 5426
f 5426 5235 5300
f 5426 5300 5299
f 5299 5298 5426
f 5426 5298 5297
f 5426 5297 5296
f 5296 5295 5426
f 5426 5295 5294
f 5426 5294 5293
f 5293 5292 5426
f 5426 5292 5291
f 5426 5291 5290
f 5290 5289 5426
f 5426 5289 5288
f 5426 5288 5287
f 5287 5286 5426
f 5426 5286 5285
f 5426 5285 5284
f 5284 5283 5426
f 5426 5283 5282
f 5426 5282 5281
f 5281 5280 5426
f 5426 5280 5279
f 5426 5279 5278
f 5278 5277 5426
f 5426 5277 5276
f 5426 5276 5275
f 5275 5274 5426
f 5426 5274 5273
f 5426 5273 5272
f 5272 5271 5426
f 5426 5271 5270
f 5426 5270 5269
f 5269 5362 5426
f 5426 5362 5361
f 5426 5361 5360
f 5360 5359 5426
f 5426 5359 5358
f 5426 5358 5357
f 5357 5356 5426
f 5426 5356 5355
f 5426 5355 5354
f 5354 5353 5426
f 5426 5353 5352
f 5426 5352 5351
f 5351 5350 5426
f 5426 5350 5349
f 5426 5349 5348
f 5348 5347 5426
f 5426 5347 5346
f 5426 5346 5345
f 5345 5344 5426
f 5426 5344 5343
f 5426 5343 5342
f 5342 5341 5426
f 5426 5341 5340
f 5426 5340 5339
f 5339 5338 5426
f 5426 5338 5337
f 5426 5337 5336
f 5336 5335 5426
f 5426 5335 5334
f 5426 5334 5333
f 5333 5332 5426
g MeshBody28

v 133.211746 25.298399 1.320800
v 133.211746 25.298399 1.371600
v 133.215607 25.383986 1.371600
v 133.227646 25.471720 1.371600
v 133.248520 25.560490 1.371600
v 133.278625 25.649010 1.371600
v 133.318161 25.735878 1.371600
v 133.367020 25.819618 1.371600
v 133.424774 25.898758 1.371600
v 133.490738 25.971920 1.371600
v 133.563889 26.037874 1.371600
v 133.643036 26.095638 1.371600
v 133.726776 26.144489 1.371600
v 133.813644 26.184025 1.371600
v 133.902161 26.214130 1.371600
v 133.990936 26.234997 1.371600
v 134.078659 26.247046 1.371600
v 134.164246 26.250900 1.371600
v 134.249832 26.247046 1.371600
v 134.337570 26.234997 1.371600
v 134.426331 26.214130 1.371600
v 134.514862 26.184025 1.371600
v 134.601730 26.144489 1.371600
v 134.685471 26.095638 1.371600
v 134.764618 26.037874 1.371600
v 134.837769 25.971920 1.371600
v 134.903732 25.898758 1.371600
v 134.961487 25.819618 1.371600
v 135.010345 25.735878 1.371600
v 135.049881 25.649010 1.371600
v 135.079987 25.560490 1.371600
v 135.100845 25.471720 1.371600
v 135.112900 25.383986 1.371600
v 135.116745 25.298399 1.371600
v 135.116745 25.298399 1.320800
v 135.112900 25.383986 1.320800
v 135.100845 25.471720 1.320800
v 135.079987 25.560490 1.320800
v 135.049881 25.649010 1.320800
v 135.010345 25.735878 1.320800
v 134.961487 25.819618 1.320800
v 134.903732 25.898758 1.320800
v 134.837769 25.971920 1.320800
v 134.764618 26.037874 1.320800
v 134.685471 26.095638 1.320800
v 134.601730 26.144489 1.320800
v 134.514862 26.184025 1.320800
v 134.426331 26.214130 1.320800
v 134.337570 26.234997 1.320800
v 134.249832 26.247046 1.320800
v 134.164246 26.250900 1.320800
v 134.078659 26.247046 1.320800
v 133.990936 26.234997 1.320800
v 133.902161 26.214130 1.320800
v 133.813644 26.184025 1.320800
v 133.726776 26.144489 1.320800
v 133.643036 26.095638 1.320800
v 133.563889 26.037874 1.320800
v 133.490738 25.971920 1.320800
v 133.424774 25.898758 1.320800
v 133.367020 25.819618 1.320800
v 133.318161 25.735878 1.320800
v 133.278625 25.649010 1.320800
v 133.248520 25.560490 1.320800
v 133.227646 25.471720 1.320800
v 133.215607 25.383986 1.320800
v 133.216812 25.396412 1.346200
v 133.232697 25.497028 1.346200
v 133.260269 25.598536 1.346200
v 133.300064 25.698944 1.346200
v 133.352127 25.796097 1.346200
v 133.416000 25.887787 1.346200
v 133.490738 25.971920 1.346200
v 133.574875 26.046648 1.346200
v 133.666565 26.110527 1.346200
v 133.763702 26.162586 1.346200
v 133.864120 26.202375 1.346200
v 133.965622 26.229959 1.346200
v 134.066238 26.245844 1.346200
v 134.164246 26.250900 1.346200
v 134.262268 26.245844 1.346200
v 134.362885 26.229959 1.346200
v 134.439026 26.210403 1.346200
v 134.514862 26.184025 1.346200
v 134.589478 26.150715 1.346200
v 134.661957 26.110527 1.346200
v 134.731354 26.063683 1.346200
v 134.796768 26.010561 1.346200
v 134.857391 25.951700 1.346200
v 134.912506 25.887787 1.346200
v 134.961487 25.819618 1.346200
v 135.003922 25.748068 1.346200
v 135.039551 25.674063 1.346200
v 135.068222 25.598536 1.346200
v 135.090042 25.522396 1.346200
v 135.105179 25.446493 1.346200
v 135.113937 25.371605 1.346200
v 133.215607 25.212814 1.320800
v 133.227646 25.125080 1.320800
v 133.248520 25.036310 1.320800
v 133.278625 24.947788 1.320800
v 133.318161 24.860922 1.320800
v 133.367020 24.777182 1.320800
v 133.424774 24.698042 1.320800
v 133.490738 24.624880 1.320800
v 133.563889 24.558922 1.320800
v 133.643036 24.501162 1.320800
v 133.726776 24.452309 1.320800
v 133.813644 24.412775 1.320800
v 133.902161 24.382668 1.320800
v 133.990936 24.361803 1.320800
v 134.078659 24.349754 1.320800
v 134.164246 24.345900 1.320800
v 134.249832 24.349754 1.320800
v 134.337570 24.361803 1.320800
v 134.426331 24.382668 1.320800
v 134.514862 24.412775 1.320800
v 134.601730 24.452309 1.320800
v 134.685471 24.501162 1.320800
v 134.764618 24.558922 1.320800
v 134.837769 24.624880 1.320800
v 134.903732 24.698042 1.320800
v 134.961487 24.777182 1.320800
v 135.010345 24.860922 1.320800
v 135.049881 24.947788 1.320800
v 135.079987 25.036310 1.320800
v 135.100845 25.125080 1.320800
v 135.112900 25.212814 1.320800
v 135.112900 25.212814 1.371600
v 135.100845 25.125080 1.371600
v 135.079987 25.036310 1.371600
v 135.049881 24.947788 1.371600
v 135.010345 24.860922 1.371600
v 134.961487 24.777182 1.371600
v 134.903732 24.698042 1.371600
v 134.837769 24.624880 1.371600
v 134.764618 24.558922 1.371600
v 134.685471 24.501162 1.371600
v 134.601730 24.452309 1.371600
v 134.514862 24.412775 1.371600
v 134.426331 24.382668 1.371600
v 134.337570 24.361803 1.371600
v 134.249832 24.349754 1.371600
v 134.164246 24.345900 1.371600
v 134.078659 24.349754 1.371600
v 133.990936 24.361803 1.371600
v 133.902161 24.382668 1.371600
v 133.813644 24.412775 1.371600
v 133.726776 24.452309 1.371600
v 133.643036 24.501162 1.371600
v 133.563889 24.558922 1.371600
v 133.490738 24.624880 1.371600
v 133.424774 24.698042 1.371600
v 133.367020 24.777182 1.371600
v 133.318161 24.860922 1.371600
v 133.278625 24.947788 1.371600
v 133.248520 25.036310 1.371600
v 133.227646 25.125080 1.371600
v 133.215607 25.212814 1.371600
v 133.223343 25.150303 1.346200
v 133.214569 25.225195 1.346200
v 133.238464 25.074404 1.346200
v 133.260269 24.998262 1.346200
v 133.288971 24.922737 1.346200
v 133.324570 24.848732 1.346200
v 133.367020 24.777182 1.346200
v 133.416000 24.709013 1.346200
v 133.471100 24.645100 1.346200
v 133.531738 24.586239 1.346200
v 133.597153 24.533117 1.346200
v 133.666565 24.486271 1.346200
v 133.739029 24.446085 1.346200
v 133.813644 24.412775 1.346200
v 133.889465 24.386396 1.346200
v 133.965622 24.366840 1.346200
v 134.066238 24.350956 1.346200
v 134.164246 24.345900 1.346200
v 134.262268 24.350956 1.346200
v 134.362885 24.366840 1.346200
v 134.464386 24.394421 1.346200
v 134.564804 24.434214 1.346200
v 134.661957 24.486271 1.346200
v 134.753647 24.550150 1.346200
v 134.837769 24.624880 1.346200
v 134.912506 24.709013 1.346200
v 134.976379 24.800703 1.346200
v 135.028442 24.897856 1.346200
v 135.068222 24.998262 1.346200
v 135.095810 25.099771 1.346200
v 135.111694 25.200388 1.346200
v 134.164246 25.298399 1.371600
v 134.164246 25.298399 1.320800
f 5427 5428 5492
f 5492 5428 5493
f 5492 5493 5491
f 5491 5493 5494
f 5491 5494 5490
f 5490 5494 5495
f 5490 5495 5489
f 5489 5495 5496
f 5489 5496 5488
f 5488 5496 5497
f 5488 5497 5487
f 5487 5497 5498
f 5487 5498 5486
f 5486 5498 5499
f 5486 5499 5485
f 5485 5499 5484
f 5484 5499 5500
f 5484 5500 5483
f 5483 5500 5501
f 5483 5501 5482
f 5482 5501 5502
f 5482 5502 5481
f 5481 5502 5503
f 5481 5503 5480
f 5480 5503 5504
f 5480 5504 5479
f 5479 5504 5505
f 5479 5505 5478
f 5478 5505 5506
f 5478 5506 5477
f 5477 5506 5476
f 5476 5506 5507
f 5476 5507 5475
f 5475 5507 5508
f 5475 5508 5474
f 5474 5508 5509
f 5474 5509 5473
f 5473 5509 5510
f 5473 5510 5511
f 5511 5510 5448
f 5511 5448 5449
f 5428 5429 5493
f 5493 5429 5430
f 5493 5430 5494
f 5494 5430 5431
f 5494 5431 5495
f 5495 5431 5432
f 5495 5432 5496
f 5496 5432 5433
f 5496 5433 5497
f 5497 5433 5434
f 5497 5434 5498
f 5498 5434 5435
f 5498 5435 5499
f 5499 5435 5436
f 5499 5436 5437
f 5499 5437 5500
f 5500 5437 5438
f 5500 5438 5501
f 5501 5438 5439
f 5501 5439 5502
f 5502 5439 5440
f 5502 5440 5503
f 5503 5440 5441
f 5503 5441 5504
f 5504 5441 5442
f 5504 5442 5505
f 5505 5442 5443
f 5505 5443 5506
f 5506 5443 5444
f 5506 5444 5445
f 5506 5445 5507
f 5507 5445 5446
f 5507 5446 5508
f 5508 5446 5447
f 5508 5447 5509
f 5509 5447 5448
f 5509 5448 5510
f 5511 5449 5512
f 5512 5449 5450
f 5512 5450 5513
f 5513 5450 5451
f 5513 5451 5514
f 5514 5451 5452
f 5514 5452 5515
f 5515 5452 5453
f 5515 5453 5516
f 5516 5453 5454
f 5516 5454 5517
f 5517 5454 5518
f 5517 5518 5467
f 5467 5518 5466
f 5466 5518 5519
f 5466 5519 5465
f 5465 5519 5520
f 5465 5520 5464
f 5464 5520 5521
f 5464 5521 5463
f 5463 5521 5522
f 5463 5522 5462
f 5462 5522 5523
f 5462 5523 5461
f 5461 5523 5460
f 5460 5523 5459
f 5459 5523 5522
f 5459 5522 5458
f 5458 5522 5521
f 5458 5521 5457
f 5457 5521 5520
f 5457 5520 5456
f 5456 5520 5519
f 5456 5519 5455
f 5455 5519 5518
f 5455 5518 5454
f 5517 5467 5516
f 5516 5467 5468
f 5516 5468 5515
f 5515 5468 5469
f 5515 5469 5514
f 5514 5469 5470
f 5514 5470 5513
f 5513 5470 5471
f 5513 5471 5512
f 5512 5471 5472
f 5512 5472 5511
f 5511 5472 5473
f 5585 5428 5587
f 5587 5428 5427
f 5587 5427 5524
f 5587 5524 5586
f 5586 5524 5525
f 5586 5525 5588
f 5588 5525 5526
f 5588 5526 5589
f 5589 5526 5527
f 5589 5527 5590
f 5590 5527 5528
f 5590 5528 5591
f 5591 5528 5529
f 5591 5529 5592
f 5592 5529 5593
f 5592 5593 5580
f 5580 5593 5579
f 5579 5593 5594
f 5579 5594 5578
f 5578 5594 5595
f 5578 5595 5577
f 5577 5595 5596
f 5577 5596 5576
f 5576 5596 5597
f 5576 5597 5575
f 5575 5597 5598
f 5575 5598 5574
f 5574 5598 5599
f 5574 5599 5600
f 5600 5599 5535
f 5600 5535 5536
f 5529 5530 5593
f 5593 5530 5594
f 5530 5531 5594
f 5594 5531 5595
f 5531 5532 5595
f 5595 5532 5596
f 5532 5533 5596
f 5596 5533 5597
f 5533 5534 5597
f 5597 5534 5598
f 5534 5535 5598
f 5598 5535 5599
f 5600 5536 5601
f 5601 5536 5537
f 5601 5537 5602
f 5602 5537 5538
f 5602 5538 5603
f 5603 5538 5539
f 5603 5539 5540
f 5603 5540 5604
f 5604 5540 5541
f 5604 5541 5605
f 5605 5541 5542
f 5605 5542 5606
f 5606 5542 5543
f 5606 5543 5607
f 5607 5543 5544
f 5607 5544 5608
f 5608 5544 5545
f 5608 5545 5609
f 5609 5545 5546
f 5609 5546 5610
f 5610 5546 5547
f 5610 5547 5548
f 5610 5548 5611
f 5611 5548 5549
f 5611 5549 5612
f 5612 5549 5550
f 5612 5550 5613
f 5613 5550 5551
f 5613 5551 5614
f 5614 5551 5552
f 5614 5552 5615
f 5615 5552 5553
f 5615 5553 5616
f 5616 5553 5554
f 5616 5554 5460
f 5460 5554 5461
f 5460 5555 5616
f 5616 5555 5556
f 5616 5556 5615
f 5615 5556 5557
f 5615 5557 5614
f 5614 5557 5558
f 5614 5558 5613
f 5613 5558 5559
f 5613 5559 5612
f 5612 5559 5560
f 5612 5560 5611
f 5611 5560 5561
f 5611 5561 5610
f 5610 5561 5562
f 5610 5562 5563
f 5610 5563 5609
f 5609 5563 5564
f 5609 5564 5608
f 5608 5564 5565
f 5608 5565 5607
f 5607 5565 5566
f 5607 5566 5606
f 5606 5566 5567
f 5606 5567 5605
f 5605 5567 5568
f 5605 5568 5604
f 5604 5568 5569
f 5604 5569 5603
f 5603 5569 5570
f 5603 5570 5571
f 5603 5571 5602
f 5602 5571 5572
f 5602 5572 5601
f 5601 5572 5573
f 5601 5573 5600
f 5600 5573 5574
f 5592 5580 5591
f 5591 5580 5581
f 5591 5581 5590
f 5590 5581 5582
f 5590 5582 5589
f 5589 5582 5583
f 5589 5583 5588
f 5588 5583 5584
f 5588 5584 5586
f 5586 5584 5585
f 5586 5585 5587
f 5555 5460 5617
f 5617 5460 5459
f 5617 5459 5458
f 5458 5457 5617
f 5617 5457 5456
f 5617 5456 5455
f 5455 5454 5617
f 5617 5454 5453
f 5617 5453 5452
f 5452 5451 5617
f 5617 5451 5450
f 5617 5450 5449
f 5449 5448 5617
f 5617 5448 5447
f 5617 5447 5446
f 5446 5445 5617
f 5617 5445 5444
f 5617 5444 5443
f 5443 5442 5617
f 5617 5442 5441
f 5617 5441 5440
f 5440 5439 5617
f 5617 5439 5438
f 5617 5438 5437
f 5437 5436 5617
f 5617 5436 5435
f 5617 5435 5434
f 5434 5433 5617
f 5617 5433 5432
f 5617 5432 5431
f 5431 5430 5617
f 5617 5430 5429
f 5617 5429 5428
f 5428 5585 5617
f 5617 5585 5584
f 5617 5584 5583
f 5583 5582 5617
f 5617 5582 5581
f 5617 5581 5580
f 5580 5579 5617
f 5617 5579 5578
f 5617 5578 5577
f 5577 5576 5617
f 5617 5576 5575
f 5617 5575 5574
f 5574 5573 5617
f 5617 5573 5572
f 5617 5572 5571
f 5571 5570 5617
f 5617 5570 5569
f 5617 5569 5568
f 5568 5567 5617
f 5617 5567 5566
f 5617 5566 5565
f 5565 5564 5617
f 5617 5564 5563
f 5617 5563 5562
f 5562 5561 5617
f 5617 5561 5560
f 5617 5560 5559
f 5559 5558 5617
f 5617 5558 5557
f 5617 5557 5556
f 5556 5555 5617
f 5524 5427 5618
f 5618 5427 5492
f 5618 5492 5491
f 5491 5490 5618
f 5618 5490 5489
f 5618 5489 5488
f 5488 5487 5618
f 5618 5487 5486
f 5618 5486 5485
f 5485 5484 5618
f 5618 5484 5483
f 5618 5483 5482
f 5482 5481 5618
f 5618 5481 5480
f 5618 5480 5479
f 5479 5478 5618
f 5618 5478 5477
f 5618 5477 5476
f 5476 5475 5618
f 5618 5475 5474
f 5618 5474 5473
f 5473 5472 5618
f 5618 5472 5471
f 5618 5471 5470
f 5470 5469 5618
f 5618 5469 5468
f 5618 5468 5467
f 5467 5466 5618
f 5618 5466 5465
f 5618 5465 5464
f 5464 5463 5618
f 5618 5463 5462
f 5618 5462 5461
f 5461 5554 5618
f 5618 5554 5553
f 5618 5553 5552
f 5552 5551 5618
f 5618 5551 5550
f 5618 5550 5549
f 5549 5548 5618
f 5618 5548 5547
f 5618 5547 5546
f 5546 5545 5618
f 5618 5545 5544
f 5618 5544 5543
f 5543 5542 5618
f 5618 5542 5541
f 5618 5541 5540
f 5540 5539 5618
f 5618 5539 5538
f 5618 5538 5537
f 5537 5536 5618
f 5618 5536 5535
f 5618 5535 5534
f 5534 5533 5618
f 5618 5533 5532
f 5618 5532 5531
f 5531 5530 5618
f 5618 5530 5529
f 5618 5529 5528
f 5528 5527 5618
f 5618 5527 5526
f 5618 5526 5525
f 5525 5524 5618
g MeshBody29

v 183.402161 100.583992 1.320800
v 183.402161 100.583992 1.371600
v 183.406006 100.669579 1.371600
v 183.418045 100.757317 1.371600
v 183.438919 100.846092 1.371600
v 183.469025 100.934616 1.371600
v 183.508560 101.021477 1.371600
v 183.557419 101.105209 1.371600
v 183.615189 101.184357 1.371600
v 183.681137 101.257523 1.371600
v 183.754288 101.323471 1.371600
v 183.833420 101.381233 1.371600
v 183.917175 101.430084 1.371600
v 184.004044 101.469620 1.371600
v 184.092560 101.499733 1.371600
v 184.181335 101.520592 1.371600
v 184.269058 101.532646 1.371600
v 184.354660 101.536491 1.371600
v 184.440231 101.532646 1.371600
v 184.527985 101.520592 1.371600
v 184.616730 101.499733 1.371600
v 184.705261 101.469620 1.371600
v 184.792130 101.430084 1.371600
v 184.875870 101.381233 1.371600
v 184.955002 101.323471 1.371600
v 185.028183 101.257523 1.371600
v 185.094131 101.184357 1.371600
v 185.151886 101.105209 1.371600
v 185.200745 101.021477 1.371600
v 185.240280 100.934616 1.371600
v 185.270401 100.846092 1.371600
v 185.291245 100.757317 1.371600
v 185.303299 100.669579 1.371600
v 185.307159 100.583992 1.371600
v 185.307159 100.583992 1.320800
v 185.303299 100.669579 1.320800
v 185.291245 100.757317 1.320800
v 185.270401 100.846092 1.320800
v 185.240280 100.934616 1.320800
v 185.200745 101.021477 1.320800
v 185.151886 101.105209 1.320800
v 185.094131 101.184357 1.320800
v 185.028183 101.257523 1.320800
v 184.955002 101.323471 1.320800
v 184.875870 101.381233 1.320800
v 184.792130 101.430084 1.320800
v 184.705261 101.469620 1.320800
v 184.616730 101.499733 1.320800
v 184.527985 101.520592 1.320800
v 184.440231 101.532646 1.320800
v 184.354660 101.536491 1.320800
v 184.269058 101.532646 1.320800
v 184.181335 101.520592 1.320800
v 184.092560 101.499733 1.320800
v 184.004044 101.469620 1.320800
v 183.917175 101.430084 1.320800
v 183.833420 101.381233 1.320800
v 183.754288 101.323471 1.320800
v 183.681137 101.257523 1.320800
v 183.615189 101.184357 1.320800
v 183.557419 101.105209 1.320800
v 183.508560 101.021477 1.320800
v 183.469025 100.934616 1.320800
v 183.438919 100.846092 1.320800
v 183.418045 100.757317 1.320800
v 183.406006 100.669579 1.320800
v 183.407211 100.682014 1.346200
v 183.423080 100.782623 1.346200
v 183.450684 100.884132 1.346200
v 183.490463 100.984543 1.346200
v 183.542511 101.081696 1.346200
v 183.606400 101.173386 1.346200
v 183.681137 101.257523 1.346200
v 183.765274 101.332245 1.346200
v 183.856949 101.396126 1.346200
v 183.954102 101.448189 1.346200
v 184.054520 101.487984 1.346200
v 184.156021 101.515556 1.346200
v 184.256638 101.531448 1.346200
v 184.354660 101.536491 1.346200
v 184.452667 101.531448 1.346200
v 184.553284 101.515556 1.346200
v 184.629425 101.496002 1.346200
v 184.705261 101.469620 1.346200
v 184.779877 101.436317 1.346200
v 184.852356 101.396126 1.346200
v 184.921753 101.349274 1.346200
v 184.987167 101.296158 1.346200
v 185.047791 101.237297 1.346200
v 185.102905 101.173386 1.346200
v 185.151886 101.105209 1.346200
v 185.194336 101.033669 1.346200
v 185.229950 100.959663 1.346200
v 185.258636 100.884132 1.346200
v 185.280426 100.807991 1.346200
v 185.295563 100.732094 1.346200
v 185.304321 100.657204 1.346200
v 183.406006 100.498405 1.320800
v 183.418045 100.410683 1.320800
v 183.438919 100.321907 1.320800
v 183.469025 100.233383 1.320800
v 183.508560 100.146523 1.320800
v 183.557419 100.062775 1.320800
v 183.615189 99.983643 1.320800
v 183.681137 99.910477 1.320800
v 183.754288 99.844521 1.320800
v 183.833420 99.786758 1.320800
v 183.917175 99.737915 1.320800
v 184.004044 99.698372 1.320800
v 184.092560 99.668266 1.320800
v 184.181335 99.647408 1.320800
v 184.269058 99.635353 1.320800
v 184.354660 99.631493 1.320800
v 184.440231 99.635353 1.320800
v 184.527985 99.647408 1.320800
v 184.616730 99.668266 1.320800
v 184.705261 99.698372 1.320800
v 184.792130 99.737915 1.320800
v 184.875870 99.786758 1.320800
v 184.955002 99.844521 1.320800
v 185.028183 99.910477 1.320800
v 185.094131 99.983643 1.320800
v 185.151886 100.062775 1.320800
v 185.200745 100.146523 1.320800
v 185.240280 100.233383 1.320800
v 185.270401 100.321907 1.320800
v 185.291245 100.410683 1.320800
v 185.303299 100.498405 1.320800
v 185.303299 100.498405 1.371600
v 185.291245 100.410683 1.371600
v 185.270401 100.321907 1.371600
v 185.240280 100.233383 1.371600
v 185.200745 100.146523 1.371600
v 185.151886 100.062775 1.371600
v 185.094131 99.983643 1.371600
v 185.028183 99.910477 1.371600
v 184.955002 99.844521 1.371600
v 184.875870 99.786758 1.371600
v 184.792130 99.737915 1.371600
v 184.705261 99.698372 1.371600
v 184.616730 99.668266 1.371600
v 184.527985 99.647408 1.371600
v 184.440231 99.635353 1.371600
v 184.354660 99.631493 1.371600
v 184.269058 99.635353 1.371600
v 184.181335 99.647408 1.371600
v 184.092560 99.668266 1.371600
v 184.004044 99.698372 1.371600
v 183.917175 99.737915 1.371600
v 183.833420 99.786758 1.371600
v 183.754288 99.844521 1.371600
v 183.681137 99.910477 1.371600
v 183.615189 99.983643 1.371600
v 183.557419 100.062775 1.371600
v 183.508560 100.146523 1.371600
v 183.469025 100.233383 1.371600
v 183.438919 100.321907 1.371600
v 183.418045 100.410683 1.371600
v 183.406006 100.498405 1.371600
v 183.413742 100.435905 1.346200
v 183.404968 100.510788 1.346200
v 183.428864 100.360008 1.346200
v 183.450684 100.283859 1.346200
v 183.479355 100.208336 1.346200
v 183.514984 100.134331 1.346200
v 183.557419 100.062775 1.346200
v 183.606400 99.994614 1.346200
v 183.661499 99.930702 1.346200
v 183.722137 99.871841 1.346200
v 183.787552 99.818710 1.346200
v 183.856949 99.771873 1.346200
v 183.929428 99.731682 1.346200
v 184.004044 99.698372 1.346200
v 184.079865 99.671997 1.346200
v 184.156021 99.652443 1.346200
v 184.256638 99.636551 1.346200
v 184.354660 99.631493 1.346200
v 184.452667 99.636551 1.346200
v 184.553284 99.652443 1.346200
v 184.654785 99.680016 1.346200
v 184.755188 99.719810 1.346200
v 184.852356 99.771873 1.346200
v 184.944031 99.835747 1.346200
v 185.028183 99.910477 1.346200
v 185.102905 99.994614 1.346200
v 185.166779 100.086304 1.346200
v 185.218842 100.183456 1.346200
v 185.258636 100.283859 1.346200
v 185.286209 100.385376 1.346200
v 185.302094 100.485985 1.346200
v 184.354660 100.583992 1.371600
v 184.354660 100.583992 1.320800
f 5619 5620 5684
f 5684 5620 5685
f 5684 5685 5683
f 5683 5685 5686
f 5683 5686 5682
f 5682 5686 5687
f 5682 5687 5681
f 5681 5687 5688
f 5681 5688 5680
f 5680 5688 5689
f 5680 5689 5679
f 5679 5689 5690
f 5679 5690 5678
f 5678 5690 5691
f 5678 5691 5677
f 5677 5691 5676
f 5676 5691 5692
f 5676 5692 5675
f 5675 5692 5693
f 5675 5693 5674
f 5674 5693 5694
f 5674 5694 5673
f 5673 5694 5695
f 5673 5695 5672
f 5672 5695 5696
f 5672 5696 5671
f 5671 5696 5697
f 5671 5697 5670
f 5670 5697 5698
f 5670 5698 5669
f 5669 5698 5668
f 5668 5698 5699
f 5668 5699 5667
f 5667 5699 5700
f 5667 5700 5666
f 5666 5700 5701
f 5666 5701 5665
f 5665 5701 5702
f 5665 5702 5703
f 5703 5702 5640
f 5703 5640 5641
f 5620 5621 5685
f 5685 5621 5622
f 5685 5622 5686
f 5686 5622 5623
f 5686 5623 5687
f 5687 5623 5624
f 5687 5624 5688
f 5688 5624 5625
f 5688 5625 5689
f 5689 5625 5626
f 5689 5626 5690
f 5690 5626 5627
f 5690 5627 5691
f 5691 5627 5628
f 5691 5628 5629
f 5691 5629 5692
f 5692 5629 5630
f 5692 5630 5693
f 5693 5630 5631
f 5693 5631 5694
f 5694 5631 5632
f 5694 5632 5695
f 5695 5632 5633
f 5695 5633 5696
f 5696 5633 5634
f 5696 5634 5697
f 5697 5634 5635
f 5697 5635 5698
f 5698 5635 5636
f 5698 5636 5637
f 5698 5637 5699
f 5699 5637 5638
f 5699 5638 5700
f 5700 5638 5639
f 5700 5639 5701
f 5701 5639 5640
f 5701 5640 5702
f 5703 5641 5704
f 5704 5641 5642
f 5704 5642 5705
f 5705 5642 5643
f 5705 5643 5706
f 5706 5643 5644
f 5706 5644 5707
f 5707 5644 5645
f 5707 5645 5708
f 5708 5645 5646
f 5708 5646 5709
f 5709 5646 5710
f 5709 5710 5659
f 5659 5710 5658
f 5658 5710 5711
f 5658 5711 5657
f 5657 5711 5712
f 5657 5712 5656
f 5656 5712 5713
f 5656 5713 5655
f 5655 5713 5714
f 5655 5714 5654
f 5654 5714 5715
f 5654 5715 5653
f 5653 5715 5652
f 5652 5715 5651
f 5651 5715 5714
f 5651 5714 5650
f 5650 5714 5713
f 5650 5713 5649
f 5649 5713 5712
f 5649 5712 5648
f 5648 5712 5711
f 5648 5711 5647
f 5647 5711 5710
f 5647 5710 5646
f 5709 5659 5708
f 5708 5659 5660
f 5708 5660 5707
f 5707 5660 5661
f 5707 5661 5706
f 5706 5661 5662
f 5706 5662 5705
f 5705 5662 5663
f 5705 5663 5704
f 5704 5663 5664
f 5704 5664 5703
f 5703 5664 5665
f 5777 5620 5779
f 5779 5620 5619
f 5779 5619 5716
f 5779 5716 5778
f 5778 5716 5717
f 5778 5717 5780
f 5780 5717 5718
f 5780 5718 5781
f 5781 5718 5719
f 5781 5719 5782
f 5782 5719 5720
f 5782 5720 5783
f 5783 5720 5721
f 5783 5721 5784
f 5784 5721 5785
f 5784 5785 5772
f 5772 5785 5771
f 5771 5785 5786
f 5771 5786 5770
f 5770 5786 5787
f 5770 5787 5769
f 5769 5787 5788
f 5769 5788 5768
f 5768 5788 5789
f 5768 5789 5767
f 5767 5789 5790
f 5767 5790 5766
f 5766 5790 5791
f 5766 5791 5792
f 5792 5791 5727
f 5792 5727 5728
f 5721 5722 5785
f 5785 5722 5786
f 5722 5723 5786
f 5786 5723 5787
f 5723 5724 5787
f 5787 5724 5788
f 5724 5725 5788
f 5788 5725 5789
f 5725 5726 5789
f 5789 5726 5790
f 5726 5727 5790
f 5790 5727 5791
f 5792 5728 5793
f 5793 5728 5729
f 5793 5729 5794
f 5794 5729 5730
f 5794 5730 5795
f 5795 5730 5731
f 5795 5731 5732
f 5795 5732 5796
f 5796 5732 5733
f 5796 5733 5797
f 5797 5733 5734
f 5797 5734 5798
f 5798 5734 5735
f 5798 5735 5799
f 5799 5735 5736
f 5799 5736 5800
f 5800 5736 5737
f 5800 5737 5801
f 5801 5737 5738
f 5801 5738 5802
f 5802 5738 5739
f 5802 5739 5740
f 5802 5740 5803
f 5803 5740 5741
f 5803 5741 5804
f 5804 5741 5742
f 5804 5742 5805
f 5805 5742 5743
f 5805 5743 5806
f 5806 5743 5744
f 5806 5744 5807
f 5807 5744 5745
f 5807 5745 5808
f 5808 5745 5746
f 5808 5746 5652
f 5652 5746 5653
f 5652 5747 5808
f 5808 5747 5748
f 5808 5748 5807
f 5807 5748 5749
f 5807 5749 5806
f 5806 5749 5750
f 5806 5750 5805
f 5805 5750 5751
f 5805 5751 5804
f 5804 5751 5752
f 5804 5752 5803
f 5803 5752 5753
f 5803 5753 5802
f 5802 5753 5754
f 5802 5754 5755
f 5802 5755 5801
f 5801 5755 5756
f 5801 5756 5800
f 5800 5756 5757
f 5800 5757 5799
f 5799 5757 5758
f 5799 5758 5798
f 5798 5758 5759
f 5798 5759 5797
f 5797 5759 5760
f 5797 5760 5796
f 5796 5760 5761
f 5796 5761 5795
f 5795 5761 5762
f 5795 5762 5763
f 5795 5763 5794
f 5794 5763 5764
f 5794 5764 5793
f 5793 5764 5765
f 5793 5765 5792
f 5792 5765 5766
f 5784 5772 5783
f 5783 5772 5773
f 5783 5773 5782
f 5782 5773 5774
f 5782 5774 5781
f 5781 5774 5775
f 5781 5775 5780
f 5780 5775 5776
f 5780 5776 5778
f 5778 5776 5777
f 5778 5777 5779
f 5747 5652 5809
f 5809 5652 5651
f 5809 5651 5650
f 5650 5649 5809
f 5809 5649 5648
f 5809 5648 5647
f 5647 5646 5809
f 5809 5646 5645
f 5809 5645 5644
f 5644 5643 5809
f 5809 5643 5642
f 5809 5642 5641
f 5641 5640 5809
f 5809 5640 5639
f 5809 5639 5638
f 5638 5637 5809
f 5809 5637 5636
f 5809 5636 5635
f 5635 5634 5809
f 5809 5634 5633
f 5809 5633 5632
f 5632 5631 5809
f 5809 5631 5630
f 5809 5630 5629
f 5629 5628 5809
f 5809 5628 5627
f 5809 5627 5626
f 5626 5625 5809
f 5809 5625 5624
f 5809 5624 5623
f 5623 5622 5809
f 5809 5622 5621
f 5809 5621 5620
f 5620 5777 5809
f 5809 5777 5776
f 5809 5776 5775
f 5775 5774 5809
f 5809 5774 5773
f 5809 5773 5772
f 5772 5771 5809
f 5809 5771 5770
f 5809 5770 5769
f 5769 5768 5809
f 5809 5768 5767
f 5809 5767 5766
f 5766 5765 5809
f 5809 5765 5764
f 5809 5764 5763
f 5763 5762 5809
f 5809 5762 5761
f 5809 5761 5760
f 5760 5759 5809
f 5809 5759 5758
f 5809 5758 5757
f 5757 5756 5809
f 5809 5756 5755
f 5809 5755 5754
f 5754 5753 5809
f 5809 5753 5752
f 5809 5752 5751
f 5751 5750 5809
f 5809 5750 5749
f 5809 5749 5748
f 5748 5747 5809
f 5716 5619 5810
f 5810 5619 5684
f 5810 5684 5683
f 5683 5682 5810
f 5810 5682 5681
f 5810 5681 5680
f 5680 5679 5810
f 5810 5679 5678
f 5810 5678 5677
f 5677 5676 5810
f 5810 5676 5675
f 5810 5675 5674
f 5674 5673 5810
f 5810 5673 5672
f 5810 5672 5671
f 5671 5670 5810
f 5810 5670 5669
f 5810 5669 5668
f 5668 5667 5810
f 5810 5667 5666
f 5810 5666 5665
f 5665 5664 5810
f 5810 5664 5663
f 5810 5663 5662
f 5662 5661 5810
f 5810 5661 5660
f 5810 5660 5659
f 5659 5658 5810
f 5810 5658 5657
f 5810 5657 5656
f 5656 5655 5810
f 5810 5655 5654
f 5810 5654 5653
f 5653 5746 5810
f 5810 5746 5745
f 5810 5745 5744
f 5744 5743 5810
f 5810 5743 5742
f 5810 5742 5741
f 5741 5740 5810
f 5810 5740 5739
f 5810 5739 5738
f 5738 5737 5810
f 5810 5737 5736
f 5810 5736 5735
f 5735 5734 5810
f 5810 5734 5733
f 5810 5733 5732
f 5732 5731 5810
f 5810 5731 5730
f 5810 5730 5729
f 5729 5728 5810
f 5810 5728 5727
f 5810 5727 5726
f 5726 5725 5810
f 5810 5725 5724
f 5810 5724 5723
f 5723 5722 5810
f 5810 5722 5721
f 5810 5721 5720
f 5720 5719 5810
f 5810 5719 5718
f 5810 5718 5717
f 5717 5716 5810
g MeshBody30

v 83.021355 50.393600 1.320800
v 83.021355 50.393600 1.371600
v 83.025200 50.479187 1.371600
v 83.037254 50.566917 1.371600
v 83.058121 50.655685 1.371600
v 83.088234 50.744209 1.371600
v 83.127762 50.831078 1.371600
v 83.176620 50.914818 1.371600
v 83.234375 50.993961 1.371600
v 83.300331 51.067120 1.371600
v 83.373497 51.133076 1.371600
v 83.452637 51.190838 1.371600
v 83.536369 51.239693 1.371600
v 83.623245 51.279224 1.371600
v 83.711769 51.309334 1.371600
v 83.800529 51.330200 1.371600
v 83.888268 51.342247 1.371600
v 83.973854 51.346100 1.371600
v 84.059441 51.342247 1.371600
v 84.147179 51.330200 1.371600
v 84.235939 51.309334 1.371600
v 84.324463 51.279224 1.371600
v 84.411331 51.239693 1.371600
v 84.495071 51.190838 1.371600
v 84.574219 51.133076 1.371600
v 84.647369 51.067120 1.371600
v 84.713326 50.993961 1.371600
v 84.771095 50.914818 1.371600
v 84.819946 50.831078 1.371600
v 84.859482 50.744209 1.371600
v 84.889587 50.655685 1.371600
v 84.910454 50.566917 1.371600
v 84.922501 50.479187 1.371600
v 84.926353 50.393600 1.371600
v 84.926353 50.393600 1.320800
v 84.922501 50.479187 1.320800
v 84.910454 50.566917 1.320800
v 84.889587 50.655685 1.320800
v 84.859482 50.744209 1.320800
v 84.819946 50.831078 1.320800
v 84.771095 50.914818 1.320800
v 84.713326 50.993961 1.320800
v 84.647369 51.067120 1.320800
v 84.574219 51.133076 1.320800
v 84.495071 51.190838 1.320800
v 84.411331 51.239693 1.320800
v 84.324463 51.279224 1.320800
v 84.235939 51.309334 1.320800
v 84.147179 51.330200 1.320800
v 84.059441 51.342247 1.320800
v 83.973854 51.346100 1.320800
v 83.888268 51.342247 1.320800
v 83.800529 51.330200 1.320800
v 83.711769 51.309334 1.320800
v 83.623245 51.279224 1.320800
v 83.536369 51.239693 1.320800
v 83.452637 51.190838 1.320800
v 83.373497 51.133076 1.320800
v 83.300331 51.067120 1.320800
v 83.234375 50.993961 1.320800
v 83.176620 50.914818 1.320800
v 83.127762 50.831078 1.320800
v 83.088234 50.744209 1.320800
v 83.058121 50.655685 1.320800
v 83.037254 50.566917 1.320800
v 83.025200 50.479187 1.320800
v 83.026413 50.491611 1.346200
v 83.042297 50.592232 1.346200
v 83.069878 50.693737 1.346200
v 83.109665 50.794147 1.346200
v 83.161728 50.891296 1.346200
v 83.225609 50.982986 1.346200
v 83.300331 51.067120 1.346200
v 83.384460 51.141850 1.346200
v 83.476151 51.205730 1.346200
v 83.573311 51.257786 1.346200
v 83.673721 51.297577 1.346200
v 83.775223 51.325157 1.346200
v 83.875839 51.341042 1.346200
v 83.973854 51.346100 1.346200
v 84.071861 51.341042 1.346200
v 84.172485 51.325157 1.346200
v 84.248634 51.305603 1.346200
v 84.324463 51.279224 1.346200
v 84.399078 51.245911 1.346200
v 84.471550 51.205730 1.346200
v 84.540955 51.158882 1.346200
v 84.606377 51.105762 1.346200
v 84.667000 51.046902 1.346200
v 84.722107 50.982986 1.346200
v 84.771095 50.914818 1.346200
v 84.813530 50.843266 1.346200
v 84.849144 50.769260 1.346200
v 84.877831 50.693737 1.346200
v 84.899643 50.617599 1.346200
v 84.914764 50.541695 1.346200
v 84.923538 50.466801 1.346200
v 83.025200 50.308014 1.320800
v 83.037254 50.220284 1.320800
v 83.058121 50.131512 1.320800
v 83.088234 50.042992 1.320800
v 83.127762 49.956123 1.320800
v 83.176620 49.872383 1.320800
v 83.234375 49.793240 1.320800
v 83.300331 49.720081 1.320800
v 83.373497 49.654125 1.320800
v 83.452637 49.596363 1.320800
v 83.536369 49.547508 1.320800
v 83.623245 49.507977 1.320800
v 83.711769 49.477867 1.320800
v 83.800529 49.457001 1.320800
v 83.888268 49.444950 1.320800
v 83.973854 49.441101 1.320800
v 84.059441 49.444950 1.320800
v 84.147179 49.457001 1.320800
v 84.235939 49.477867 1.320800
v 84.324463 49.507977 1.320800
v 84.411331 49.547508 1.320800
v 84.495071 49.596363 1.320800
v 84.574219 49.654125 1.320800
v 84.647369 49.720081 1.320800
v 84.713326 49.793240 1.320800
v 84.771095 49.872383 1.320800
v 84.819946 49.956123 1.320800
v 84.859482 50.042992 1.320800
v 84.889587 50.131512 1.320800
v 84.910454 50.220284 1.320800
v 84.922501 50.308014 1.320800
v 84.922501 50.308014 1.371600
v 84.910454 50.220284 1.371600
v 84.889587 50.131512 1.371600
v 84.859482 50.042992 1.371600
v 84.819946 49.956123 1.371600
v 84.771095 49.872383 1.371600
v 84.713326 49.793240 1.371600
v 84.647369 49.720081 1.371600
v 84.574219 49.654125 1.371600
v 84.495071 49.596363 1.371600
v 84.411331 49.547508 1.371600
v 84.324463 49.507977 1.371600
v 84.235939 49.477867 1.371600
v 84.147179 49.457001 1.371600
v 84.059441 49.444950 1.371600
v 83.973854 49.441101 1.371600
v 83.888268 49.444950 1.371600
v 83.800529 49.457001 1.371600
v 83.711769 49.477867 1.371600
v 83.623245 49.507977 1.371600
v 83.536369 49.547508 1.371600
v 83.452637 49.596363 1.371600
v 83.373497 49.654125 1.371600
v 83.300331 49.720081 1.371600
v 83.234375 49.793240 1.371600
v 83.176620 49.872383 1.371600
v 83.127762 49.956123 1.371600
v 83.088234 50.042992 1.371600
v 83.058121 50.131512 1.371600
v 83.037254 50.220284 1.371600
v 83.025200 50.308014 1.371600
v 83.032936 50.245502 1.346200
v 83.024178 50.320396 1.346200
v 83.048073 50.169601 1.346200
v 83.069878 50.093464 1.346200
v 83.098557 50.017941 1.346200
v 83.134178 49.943932 1.346200
v 83.176620 49.872383 1.346200
v 83.225609 49.804211 1.346200
v 83.280708 49.740295 1.346200
v 83.341339 49.681438 1.346200
v 83.406761 49.628319 1.346200
v 83.476151 49.581470 1.346200
v 83.548630 49.541286 1.346200
v 83.623245 49.507977 1.346200
v 83.699074 49.481598 1.346200
v 83.775223 49.462040 1.346200
v 83.875839 49.446159 1.346200
v 83.973854 49.441101 1.346200
v 84.071861 49.446159 1.346200
v 84.172485 49.462040 1.346200
v 84.273994 49.489624 1.346200
v 84.374405 49.529411 1.346200
v 84.471550 49.581470 1.346200
v 84.563240 49.645351 1.346200
v 84.647369 49.720081 1.346200
v 84.722107 49.804211 1.346200
v 84.785988 49.895901 1.346200
v 84.838036 49.993053 1.346200
v 84.877831 50.093464 1.346200
v 84.905418 50.194969 1.346200
v 84.921295 50.295586 1.346200
v 83.973854 50.393600 1.371600
v 83.973854 50.393600 1.320800
f 5811 5812 5876
f 5876 5812 5877
f 5876 5877 5875
f 5875 5877 5878
f 5875 5878 5874
f 5874 5878 5879
f 5874 5879 5873
f 5873 5879 5880
f 5873 5880 5872
f 5872 5880 5881
f 5872 5881 5871
f 5871 5881 5882
f 5871 5882 5870
f 5870 5882 5883
f 5870 5883 5869
f 5869 5883 5868
f 5868 5883 5884
f 5868 5884 5867
f 5867 5884 5885
f 5867 5885 5866
f 5866 5885 5886
f 5866 5886 5865
f 5865 5886 5887
f 5865 5887 5864
f 5864 5887 5888
f 5864 5888 5863
f 5863 5888 5889
f 5863 5889 5862
f 5862 5889 5890
f 5862 5890 5861
f 5861 5890 5860
f 5860 5890 5891
f 5860 5891 5859
f 5859 5891 5892
f 5859 5892 5858
f 5858 5892 5893
f 5858 5893 5857
f 5857 5893 5894
f 5857 5894 5895
f 5895 5894 5832
f 5895 5832 5833
f 5812 5813 5877
f 5877 5813 5814
f 5877 5814 5878
f 5878 5814 5815
f 5878 5815 5879
f 5879 5815 5816
f 5879 5816 5880
f 5880 5816 5817
f 5880 5817 5881
f 5881 5817 5818
f 5881 5818 5882
f 5882 5818 5819
f 5882 5819 5883
f 5883 5819 5820
f 5883 5820 5821
f 5883 5821 5884
f 5884 5821 5822
f 5884 5822 5885
f 5885 5822 5823
f 5885 5823 5886
f 5886 5823 5824
f 5886 5824 5887
f 5887 5824 5825
f 5887 5825 5888
f 5888 5825 5826
f 5888 5826 5889
f 5889 5826 5827
f 5889 5827 5890
f 5890 5827 5828
f 5890 5828 5829
f 5890 5829 5891
f 5891 5829 5830
f 5891 5830 5892
f 5892 5830 5831
f 5892 5831 5893
f 5893 5831 5832
f 5893 5832 5894
f 5895 5833 5896
f 5896 5833 5834
f 5896 5834 5897
f 5897 5834 5835
f 5897 5835 5898
f 5898 5835 5836
f 5898 5836 5899
f 5899 5836 5837
f 5899 5837 5900
f 5900 5837 5838
f 5900 5838 5901
f 5901 5838 5902
f 5901 5902 5851
f 5851 5902 5850
f 5850 5902 5903
f 5850 5903 5849
f 5849 5903 5904
f 5849 5904 5848
f 5848 5904 5905
f 5848 5905 5847
f 5847 5905 5906
f 5847 5906 5846
f 5846 5906 5907
f 5846 5907 5845
f 5845 5907 5844
f 5844 5907 5843
f 5843 5907 5906
f 5843 5906 5842
f 5842 5906 5905
f 5842 5905 5841
f 5841 5905 5904
f 5841 5904 5840
f 5840 5904 5903
f 5840 5903 5839
f 5839 5903 5902
f 5839 5902 5838
f 5901 5851 5900
f 5900 5851 5852
f 5900 5852 5899
f 5899 5852 5853
f 5899 5853 5898
f 5898 5853 5854
f 5898 5854 5897
f 5897 5854 5855
f 5897 5855 5896
f 5896 5855 5856
f 5896 5856 5895
f 5895 5856 5857
f 5969 5812 5971
f 5971 5812 5811
f 5971 5811 5908
f 5971 5908 5970
f 5970 5908 5909
f 5970 5909 5972
f 5972 5909 5910
f 5972 5910 5973
f 5973 5910 5911
f 5973 5911 5974
f 5974 5911 5912
f 5974 5912 5975
f 5975 5912 5913
f 5975 5913 5976
f 5976 5913 5977
f 5976 5977 5964
f 5964 5977 5963
f 5963 5977 5978
f 5963 5978 5962
f 5962 5978 5979
f 5962 5979 5961
f 5961 5979 5980
f 5961 5980 5960
f 5960 5980 5981
f 5960 5981 5959
f 5959 5981 5982
f 5959 5982 5958
f 5958 5982 5983
f 5958 5983 5984
f 5984 5983 5919
f 5984 5919 5920
f 5913 5914 5977
f 5977 5914 5978
f 5914 5915 5978
f 5978 5915 5979
f 5915 5916 5979
f 5979 5916 5980
f 5916 5917 5980
f 5980 5917 5981
f 5917 5918 5981
f 5981 5918 5982
f 5918 5919 5982
f 5982 5919 5983
f 5984 5920 5985
f 5985 5920 5921
f 5985 5921 5986
f 5986 5921 5922
f 5986 5922 5987
f 5987 5922 5923
f 5987 5923 5924
f 5987 5924 5988
f 5988 5924 5925
f 5988 5925 5989
f 5989 5925 5926
f 5989 5926 5990
f 5990 5926 5927
f 5990 5927 5991
f 5991 5927 5928
f 5991 5928 5992
f 5992 5928 5929
f 5992 5929 5993
f 5993 5929 5930
f 5993 5930 5994
f 5994 5930 5931
f 5994 5931 5932
f 5994 5932 5995
f 5995 5932 5933
f 5995 5933 5996
f 5996 5933 5934
f 5996 5934 5997
f 5997 5934 5935
f 5997 5935 5998
f 5998 5935 5936
f 5998 5936 5999
f 5999 5936 5937
f 5999 5937 6000
f 6000 5937 5938
f 6000 5938 5844
f 5844 5938 5845
f 5844 5939 6000
f 6000 5939 5940
f 6000 5940 5999
f 5999 5940 5941
f 5999 5941 5998
f 5998 5941 5942
f 5998 5942 5997
f 5997 5942 5943
f 5997 5943 5996
f 5996 5943 5944
f 5996 5944 5995
f 5995 5944 5945
f 5995 5945 5994
f 5994 5945 5946
f 5994 5946 5947
f 5994 5947 5993
f 5993 5947 5948
f 5993 5948 5992
f 5992 5948 5949
f 5992 5949 5991
f 5991 5949 5950
f 5991 5950 5990
f 5990 5950 5951
f 5990 5951 5989
f 5989 5951 5952
f 5989 5952 5988
f 5988 5952 5953
f 5988 5953 5987
f 5987 5953 5954
f 5987 5954 5955
f 5987 5955 5986
f 5986 5955 5956
f 5986 5956 5985
f 5985 5956 5957
f 5985 5957 5984
f 5984 5957 5958
f 5976 5964 5975
f 5975 5964 5965
f 5975 5965 5974
f 5974 5965 5966
f 5974 5966 5973
f 5973 5966 5967
f 5973 5967 5972
f 5972 5967 5968
f 5972 5968 5970
f 5970 5968 5969
f 5970 5969 5971
f 5939 5844 6001
f 6001 5844 5843
f 6001 5843 5842
f 5842 5841 6001
f 6001 5841 5840
f 6001 5840 5839
f 5839 5838 6001
f 6001 5838 5837
f 6001 5837 5836
f 5836 5835 6001
f 6001 5835 5834
f 6001 5834 5833
f 5833 5832 6001
f 6001 5832 5831
f 6001 5831 5830
f 5830 5829 6001
f 6001 5829 5828
f 6001 5828 5827
f 5827 5826 6001
f 6001 5826 5825
f 6001 5825 5824
f 5824 5823 6001
f 6001 5823 5822
f 6001 5822 5821
f 5821 5820 6001
f 6001 5820 5819
f 6001 5819 5818
f 5818 5817 6001
f 6001 5817 5816
f 6001 5816 5815
f 5815 5814 6001
f 6001 5814 5813
f 6001 5813 5812
f 5812 5969 6001
f 6001 5969 5968
f 6001 5968 5967
f 5967 5966 6001
f 6001 5966 5965
f 6001 5965 5964
f 5964 5963 6001
f 6001 5963 5962
f 6001 5962 5961
f 5961 5960 6001
f 6001 5960 5959
f 6001 5959 5958
f 5958 5957 6001
f 6001 5957 5956
f 6001 5956 5955
f 5955 5954 6001
f 6001 5954 5953
f 6001 5953 5952
f 5952 5951 6001
f 6001 5951 5950
f 6001 5950 5949
f 5949 5948 6001
f 6001 5948 5947
f 6001 5947 5946
f 5946 5945 6001
f 6001 5945 5944
f 6001 5944 5943
f 5943 5942 6001
f 6001 5942 5941
f 6001 5941 5940
f 5940 5939 6001
f 5908 5811 6002
f 6002 5811 5876
f 6002 5876 5875
f 5875 5874 6002
f 6002 5874 5873
f 6002 5873 5872
f 5872 5871 6002
f 6002 5871 5870
f 6002 5870 5869
f 5869 5868 6002
f 6002 5868 5867
f 6002 5867 5866
f 5866 5865 6002
f 6002 5865 5864
f 6002 5864 5863
f 5863 5862 6002
f 6002 5862 5861
f 6002 5861 5860
f 5860 5859 6002
f 6002 5859 5858
f 6002 5858 5857
f 5857 5856 6002
f 6002 5856 5855
f 6002 5855 5854
f 5854 5853 6002
f 6002 5853 5852
f 6002 5852 5851
f 5851 5850 6002
f 6002 5850 5849
f 6002 5849 5848
f 5848 5847 6002
f 6002 5847 5846
f 6002 5846 5845
f 5845 5938 6002
f 6002 5938 5937
f 6002 5937 5936
f 5936 5935 6002
f 6002 5935 5934
f 6002 5934 5933
f 5933 5932 6002
f 6002 5932 5931
f 6002 5931 5930
f 5930 5929 6002
f 6002 5929 5928
f 6002 5928 5927
f 5927 5926 6002
f 6002 5926 5925
f 6002 5925 5924
f 5924 5923 6002
f 6002 5923 5922
f 6002 5922 5921
f 5921 5920 6002
f 6002 5920 5919
f 6002 5919 5918
f 5918 5917 6002
f 6002 5917 5916
f 6002 5916 5915
f 5915 5914 6002
f 6002 5914 5913
f 6002 5913 5912
f 5912 5911 6002
f 6002 5911 5910
f 6002 5910 5909
f 5909 5908 6002
g MeshBody31

v 183.402161 50.393600 1.320800
v 183.402161 50.393600 1.371600
v 183.406006 50.479187 1.371600
v 183.418045 50.566917 1.371600
v 183.438919 50.655685 1.371600
v 183.469025 50.744209 1.371600
v 183.508560 50.831078 1.371600
v 183.557419 50.914818 1.371600
v 183.615189 50.993961 1.371600
v 183.681137 51.067120 1.371600
v 183.754288 51.133076 1.371600
v 183.833420 51.190838 1.371600
v 183.917175 51.239693 1.371600
v 184.004044 51.279224 1.371600
v 184.092560 51.309334 1.371600
v 184.181335 51.330200 1.371600
v 184.269058 51.342247 1.371600
v 184.354660 51.346100 1.371600
v 184.440231 51.342247 1.371600
v 184.527985 51.330200 1.371600
v 184.616730 51.309334 1.371600
v 184.705261 51.279224 1.371600
v 184.792130 51.239693 1.371600
v 184.875870 51.190838 1.371600
v 184.955002 51.133076 1.371600
v 185.028183 51.067120 1.371600
v 185.094131 50.993961 1.371600
v 185.151886 50.914818 1.371600
v 185.200745 50.831078 1.371600
v 185.240280 50.744209 1.371600
v 185.270401 50.655685 1.371600
v 185.291245 50.566917 1.371600
v 185.303299 50.479187 1.371600
v 185.307159 50.393600 1.371600
v 185.307159 50.393600 1.320800
v 185.303299 50.479187 1.320800
v 185.291245 50.566917 1.320800
v 185.270401 50.655685 1.320800
v 185.240280 50.744209 1.320800
v 185.200745 50.831078 1.320800
v 185.151886 50.914818 1.320800
v 185.094131 50.993961 1.320800
v 185.028183 51.067120 1.320800
v 184.955002 51.133076 1.320800
v 184.875870 51.190838 1.320800
v 184.792130 51.239693 1.320800
v 184.705261 51.279224 1.320800
v 184.616730 51.309334 1.320800
v 184.527985 51.330200 1.320800
v 184.440231 51.342247 1.320800
v 184.354660 51.346100 1.320800
v 184.269058 51.342247 1.320800
v 184.181335 51.330200 1.320800
v 184.092560 51.309334 1.320800
v 184.004044 51.279224 1.320800
v 183.917175 51.239693 1.320800
v 183.833420 51.190838 1.320800
v 183.754288 51.133076 1.320800
v 183.681137 51.067120 1.320800
v 183.615189 50.993961 1.320800
v 183.557419 50.914818 1.320800
v 183.508560 50.831078 1.320800
v 183.469025 50.744209 1.320800
v 183.438919 50.655685 1.320800
v 183.418045 50.566917 1.320800
v 183.406006 50.479187 1.320800
v 183.407211 50.491611 1.346200
v 183.423080 50.592232 1.346200
v 183.450684 50.693737 1.346200
v 183.490463 50.794147 1.346200
v 183.542511 50.891296 1.346200
v 183.606400 50.982986 1.346200
v 183.681137 51.067120 1.346200
v 183.765274 51.141850 1.346200
v 183.856949 51.205730 1.346200
v 183.954102 51.257786 1.346200
v 184.054520 51.297577 1.346200
v 184.156021 51.325157 1.346200
v 184.256638 51.341042 1.346200
v 184.354660 51.346100 1.346200
v 184.452667 51.341042 1.346200
v 184.553284 51.325157 1.346200
v 184.629425 51.305603 1.346200
v 184.705261 51.279224 1.346200
v 184.779877 51.245911 1.346200
v 184.852356 51.205730 1.346200
v 184.921753 51.158882 1.346200
v 184.987167 51.105762 1.346200
v 185.047791 51.046902 1.346200
v 185.102905 50.982986 1.346200
v 185.151886 50.914818 1.346200
v 185.194336 50.843266 1.346200
v 185.229950 50.769260 1.346200
v 185.258636 50.693737 1.346200
v 185.280426 50.617599 1.346200
v 185.295563 50.541695 1.346200
v 185.304321 50.466801 1.346200
v 183.406006 50.308014 1.320800
v 183.418045 50.220284 1.320800
v 183.438919 50.131512 1.320800
v 183.469025 50.042992 1.320800
v 183.508560 49.956123 1.320800
v 183.557419 49.872383 1.320800
v 183.615189 49.793240 1.320800
v 183.681137 49.720081 1.320800
v 183.754288 49.654125 1.320800
v 183.833420 49.596363 1.320800
v 183.917175 49.547508 1.320800
v 184.004044 49.507977 1.320800
v 184.092560 49.477867 1.320800
v 184.181335 49.457001 1.320800
v 184.269058 49.444950 1.320800
v 184.354660 49.441101 1.320800
v 184.440231 49.444950 1.320800
v 184.527985 49.457001 1.320800
v 184.616730 49.477867 1.320800
v 184.705261 49.507977 1.320800
v 184.792130 49.547508 1.320800
v 184.875870 49.596363 1.320800
v 184.955002 49.654125 1.320800
v 185.028183 49.720081 1.320800
v 185.094131 49.793240 1.320800
v 185.151886 49.872383 1.320800
v 185.200745 49.956123 1.320800
v 185.240280 50.042992 1.320800
v 185.270401 50.131512 1.320800
v 185.291245 50.220284 1.320800
v 185.303299 50.308014 1.320800
v 185.303299 50.308014 1.371600
v 185.291245 50.220284 1.371600
v 185.270401 50.131512 1.371600
v 185.240280 50.042992 1.371600
v 185.200745 49.956123 1.371600
v 185.151886 49.872383 1.371600
v 185.094131 49.793240 1.371600
v 185.028183 49.720081 1.371600
v 184.955002 49.654125 1.371600
v 184.875870 49.596363 1.371600
v 184.792130 49.547508 1.371600
v 184.705261 49.507977 1.371600
v 184.616730 49.477867 1.371600
v 184.527985 49.457001 1.371600
v 184.440231 49.444950 1.371600
v 184.354660 49.441101 1.371600
v 184.269058 49.444950 1.371600
v 184.181335 49.457001 1.371600
v 184.092560 49.477867 1.371600
v 184.004044 49.507977 1.371600
v 183.917175 49.547508 1.371600
v 183.833420 49.596363 1.371600
v 183.754288 49.654125 1.371600
v 183.681137 49.720081 1.371600
v 183.615189 49.793240 1.371600
v 183.557419 49.872383 1.371600
v 183.508560 49.956123 1.371600
v 183.469025 50.042992 1.371600
v 183.438919 50.131512 1.371600
v 183.418045 50.220284 1.371600
v 183.406006 50.308014 1.371600
v 183.413742 50.245502 1.346200
v 183.404968 50.320396 1.346200
v 183.428864 50.169601 1.346200
v 183.450684 50.093464 1.346200
v 183.479355 50.017941 1.346200
v 183.514984 49.943932 1.346200
v 183.557419 49.872383 1.346200
v 183.606400 49.804211 1.346200
v 183.661499 49.740295 1.346200
v 183.722137 49.681438 1.346200
v 183.787552 49.628319 1.346200
v 183.856949 49.581470 1.346200
v 183.929428 49.541286 1.346200
v 184.004044 49.507977 1.346200
v 184.079865 49.481598 1.346200
v 184.156021 49.462040 1.346200
v 184.256638 49.446159 1.346200
v 184.354660 49.441101 1.346200
v 184.452667 49.446159 1.346200
v 184.553284 49.462040 1.346200
v 184.654785 49.489624 1.346200
v 184.755188 49.529411 1.346200
v 184.852356 49.581470 1.346200
v 184.944031 49.645351 1.346200
v 185.028183 49.720081 1.346200
v 185.102905 49.804211 1.346200
v 185.166779 49.895901 1.346200
v 185.218842 49.993053 1.346200
v 185.258636 50.093464 1.346200
v 185.286209 50.194969 1.346200
v 185.302094 50.295586 1.346200
v 184.354660 50.393600 1.371600
v 184.354660 50.393600 1.320800
f 6003 6004 6068
f 6068 6004 6069
f 6068 6069 6067
f 6067 6069 6070
f 6067 6070 6066
f 6066 6070 6071
f 6066 6071 6065
f 6065 6071 6072
f 6065 6072 6064
f 6064 6072 6073
f 6064 6073 6063
f 6063 6073 6074
f 6063 6074 6062
f 6062 6074 6075
f 6062 6075 6061
f 6061 6075 6060
f 6060 6075 6076
f 6060 6076 6059
f 6059 6076 6077
f 6059 6077 6058
f 6058 6077 6078
f 6058 6078 6057
f 6057 6078 6079
f 6057 6079 6056
f 6056 6079 6080
f 6056 6080 6055
f 6055 6080 6081
f 6055 6081 6054
f 6054 6081 6082
f 6054 6082 6053
f 6053 6082 6052
f 6052 6082 6083
f 6052 6083 6051
f 6051 6083 6084
f 6051 6084 6050
f 6050 6084 6085
f 6050 6085 6049
f 6049 6085 6086
f 6049 6086 6087
f 6087 6086 6024
f 6087 6024 6025
f 6004 6005 6069
f 6069 6005 6006
f 6069 6006 6070
f 6070 6006 6007
f 6070 6007 6071
f 6071 6007 6008
f 6071 6008 6072
f 6072 6008 6009
f 6072 6009 6073
f 6073 6009 6010
f 6073 6010 6074
f 6074 6010 6011
f 6074 6011 6075
f 6075 6011 6012
f 6075 6012 6013
f 6075 6013 6076
f 6076 6013 6014
f 6076 6014 6077
f 6077 6014 6015
f 6077 6015 6078
f 6078 6015 6016
f 6078 6016 6079
f 6079 6016 6017
f 6079 6017 6080
f 6080 6017 6018
f 6080 6018 6081
f 6081 6018 6019
f 6081 6019 6082
f 6082 6019 6020
f 6082 6020 6021
f 6082 6021 6083
f 6083 6021 6022
f 6083 6022 6084
f 6084 6022 6023
f 6084 6023 6085
f 6085 6023 6024
f 6085 6024 6086
f 6087 6025 6088
f 6088 6025 6026
f 6088 6026 6089
f 6089 6026 6027
f 6089 6027 6090
f 6090 6027 6028
f 6090 6028 6091
f 6091 6028 6029
f 6091 6029 6092
f 6092 6029 6030
f 6092 6030 6093
f 6093 6030 6094
f 6093 6094 6043
f 6043 6094 6042
f 6042 6094 6095
f 6042 6095 6041
f 6041 6095 6096
f 6041 6096 6040
f 6040 6096 6097
f 6040 6097 6039
f 6039 6097 6098
f 6039 6098 6038
f 6038 6098 6099
f 6038 6099 6037
f 6037 6099 6036
f 6036 6099 6035
f 6035 6099 6098
f 6035 6098 6034
f 6034 6098 6097
f 6034 6097 6033
f 6033 6097 6096
f 6033 6096 6032
f 6032 6096 6095
f 6032 6095 6031
f 6031 6095 6094
f 6031 6094 6030
f 6093 6043 6092
f 6092 6043 6044
f 6092 6044 6091
f 6091 6044 6045
f 6091 6045 6090
f 6090 6045 6046
f 6090 6046 6089
f 6089 6046 6047
f 6089 6047 6088
f 6088 6047 6048
f 6088 6048 6087
f 6087 6048 6049
f 6161 6004 6163
f 6163 6004 6003
f 6163 6003 6100
f 6163 6100 6162
f 6162 6100 6101
f 6162 6101 6164
f 6164 6101 6102
f 6164 6102 6165
f 6165 6102 6103
f 6165 6103 6166
f 6166 6103 6104
f 6166 6104 6167
f 6167 6104 6105
f 6167 6105 6168
f 6168 6105 6169
f 6168 6169 6156
f 6156 6169 6155
f 6155 6169 6170
f 6155 6170 6154
f 6154 6170 6171
f 6154 6171 6153
f 6153 6171 6172
f 6153 6172 6152
f 6152 6172 6173
f 6152 6173 6151
f 6151 6173 6174
f 6151 6174 6150
f 6150 6174 6175
f 6150 6175 6176
f 6176 6175 6111
f 6176 6111 6112
f 6105 6106 6169
f 6169 6106 6170
f 6106 6107 6170
f 6170 6107 6171
f 6107 6108 6171
f 6171 6108 6172
f 6108 6109 6172
f 6172 6109 6173
f 6109 6110 6173
f 6173 6110 6174
f 6110 6111 6174
f 6174 6111 6175
f 6176 6112 6177
f 6177 6112 6113
f 6177 6113 6178
f 6178 6113 6114
f 6178 6114 6179
f 6179 6114 6115
f 6179 6115 6116
f 6179 6116 6180
f 6180 6116 6117
f 6180 6117 6181
f 6181 6117 6118
f 6181 6118 6182
f 6182 6118 6119
f 6182 6119 6183
f 6183 6119 6120
f 6183 6120 6184
f 6184 6120 6121
f 6184 6121 6185
f 6185 6121 6122
f 6185 6122 6186
f 6186 6122 6123
f 6186 6123 6124
f 6186 6124 6187
f 6187 6124 6125
f 6187 6125 6188
f 6188 6125 6126
f 6188 6126 6189
f 6189 6126 6127
f 6189 6127 6190
f 6190 6127 6128
f 6190 6128 6191
f 6191 6128 6129
f 6191 6129 6192
f 6192 6129 6130
f 6192 6130 6036
f 6036 6130 6037
f 6036 6131 6192
f 6192 6131 6132
f 6192 6132 6191
f 6191 6132 6133
f 6191 6133 6190
f 6190 6133 6134
f 6190 6134 6189
f 6189 6134 6135
f 6189 6135 6188
f 6188 6135 6136
f 6188 6136 6187
f 6187 6136 6137
f 6187 6137 6186
f 6186 6137 6138
f 6186 6138 6139
f 6186 6139 6185
f 6185 6139 6140
f 6185 6140 6184
f 6184 6140 6141
f 6184 6141 6183
f 6183 6141 6142
f 6183 6142 6182
f 6182 6142 6143
f 6182 6143 6181
f 6181 6143 6144
f 6181 6144 6180
f 6180 6144 6145
f 6180 6145 6179
f 6179 6145 6146
f 6179 6146 6147
f 6179 6147 6178
f 6178 6147 6148
f 6178 6148 6177
f 6177 6148 6149
f 6177 6149 6176
f 6176 6149 6150
f 6168 6156 6167
f 6167 6156 6157
f 6167 6157 6166
f 6166 6157 6158
f 6166 6158 6165
f 6165 6158 6159
f 6165 6159 6164
f 6164 6159 6160
f 6164 6160 6162
f 6162 6160 6161
f 6162 6161 6163
f 6131 6036 6193
f 6193 6036 6035
f 6193 6035 6034
f 6034 6033 6193
f 6193 6033 6032
f 6193 6032 6031
f 6031 6030 6193
f 6193 6030 6029
f 6193 6029 6028
f 6028 6027 6193
f 6193 6027 6026
f 6193 6026 6025
f 6025 6024 6193
f 6193 6024 6023
f 6193 6023 6022
f 6022 6021 6193
f 6193 6021 6020
f 6193 6020 6019
f 6019 6018 6193
f 6193 6018 6017
f 6193 6017 6016
f 6016 6015 6193
f 6193 6015 6014
f 6193 6014 6013
f 6013 6012 6193
f 6193 6012 6011
f 6193 6011 6010
f 6010 6009 6193
f 6193 6009 6008
f 6193 6008 6007
f 6007 6006 6193
f 6193 6006 6005
f 6193 6005 6004
f 6004 6161 6193
f 6193 6161 6160
f 6193 6160 6159
f 6159 6158 6193
f 6193 6158 6157
f 6193 6157 6156
f 6156 6155 6193
f 6193 6155 6154
f 6193 6154 6153
f 6153 6152 6193
f 6193 6152 6151
f 6193 6151 6150
f 6150 6149 6193
f 6193 6149 6148
f 6193 6148 6147
f 6147 6146 6193
f 6193 6146 6145
f 6193 6145 6144
f 6144 6143 6193
f 6193 6143 6142
f 6193 6142 6141
f 6141 6140 6193
f 6193 6140 6139
f 6193 6139 6138
f 6138 6137 6193
f 6193 6137 6136
f 6193 6136 6135
f 6135 6134 6193
f 6193 6134 6133
f 6193 6133 6132
f 6132 6131 6193
f 6100 6003 6194
f 6194 6003 6068
f 6194 6068 6067
f 6067 6066 6194
f 6194 6066 6065
f 6194 6065 6064
f 6064 6063 6194
f 6194 6063 6062
f 6194 6062 6061
f 6061 6060 6194
f 6194 6060 6059
f 6194 6059 6058
f 6058 6057 6194
f 6194 6057 6056
f 6194 6056 6055
f 6055 6054 6194
f 6194 6054 6053
f 6194 6053 6052
f 6052 6051 6194
f 6194 6051 6050
f 6194 6050 6049
f 6049 6048 6194
f 6194 6048 6047
f 6194 6047 6046
f 6046 6045 6194
f 6194 6045 6044
f 6194 6044 6043
f 6043 6042 6194
f 6194 6042 6041
f 6194 6041 6040
f 6040 6039 6194
f 6194 6039 6038
f 6194 6038 6037
f 6037 6130 6194
f 6194 6130 6129
f 6194 6129 6128
f 6128 6127 6194
f 6194 6127 6126
f 6194 6126 6125
f 6125 6124 6194
f 6194 6124 6123
f 6194 6123 6122
f 6122 6121 6194
f 6194 6121 6120
f 6194 6120 6119
f 6119 6118 6194
f 6194 6118 6117
f 6194 6117 6116
f 6116 6115 6194
f 6194 6115 6114
f 6194 6114 6113
f 6113 6112 6194
f 6194 6112 6111
f 6194 6111 6110
f 6110 6109 6194
f 6194 6109 6108
f 6194 6108 6107
f 6107 6106 6194
f 6194 6106 6105
f 6194 6105 6104
f 6104 6103 6194
f 6194 6103 6102
f 6194 6102 6101
f 6101 6100 6194
g MeshBody32

v 158.306946 50.393600 1.320800
v 158.306946 50.393600 1.371600
v 158.310806 50.479187 1.371600
v 158.322861 50.566917 1.371600
v 158.343719 50.655685 1.371600
v 158.373825 50.744209 1.371600
v 158.413361 50.831078 1.371600
v 158.462219 50.914818 1.371600
v 158.519974 50.993961 1.371600
v 158.585938 51.067120 1.371600
v 158.659088 51.133076 1.371600
v 158.738235 51.190838 1.371600
v 158.821976 51.239693 1.371600
v 158.908844 51.279224 1.371600
v 158.997360 51.309334 1.371600
v 159.086136 51.330200 1.371600
v 159.173874 51.342247 1.371600
v 159.259460 51.346100 1.371600
v 159.345032 51.342247 1.371600
v 159.432770 51.330200 1.371600
v 159.521545 51.309334 1.371600
v 159.610062 51.279224 1.371600
v 159.696930 51.239693 1.371600
v 159.780670 51.190838 1.371600
v 159.859818 51.133076 1.371600
v 159.932968 51.067120 1.371600
v 159.998932 50.993961 1.371600
v 160.056686 50.914818 1.371600
v 160.105545 50.831078 1.371600
v 160.145081 50.744209 1.371600
v 160.175186 50.655685 1.371600
v 160.196060 50.566917 1.371600
v 160.208099 50.479187 1.371600
v 160.211960 50.393600 1.371600
v 160.211960 50.393600 1.320800
v 160.208099 50.479187 1.320800
v 160.196060 50.566917 1.320800
v 160.175186 50.655685 1.320800
v 160.145081 50.744209 1.320800
v 160.105545 50.831078 1.320800
v 160.056686 50.914818 1.320800
v 159.998932 50.993961 1.320800
v 159.932968 51.067120 1.320800
v 159.859818 51.133076 1.320800
v 159.780670 51.190838 1.320800
v 159.696930 51.239693 1.320800
v 159.610062 51.279224 1.320800
v 159.521545 51.309334 1.320800
v 159.432770 51.330200 1.320800
v 159.345032 51.342247 1.320800
v 159.259460 51.346100 1.320800
v 159.173874 51.342247 1.320800
v 159.086136 51.330200 1.320800
v 158.997360 51.309334 1.320800
v 158.908844 51.279224 1.320800
v 158.821976 51.239693 1.320800
v 158.738235 51.190838 1.320800
v 158.659088 51.133076 1.320800
v 158.585938 51.067120 1.320800
v 158.519974 50.993961 1.320800
v 158.462219 50.914818 1.320800
v 158.413361 50.831078 1.320800
v 158.373825 50.744209 1.320800
v 158.343719 50.655685 1.320800
v 158.322861 50.566917 1.320800
v 158.310806 50.479187 1.320800
v 158.312012 50.491611 1.346200
v 158.327896 50.592232 1.346200
v 158.355484 50.693737 1.346200
v 158.395264 50.794147 1.346200
v 158.447327 50.891296 1.346200
v 158.511200 50.982986 1.346200
v 158.585938 51.067120 1.346200
v 158.670059 51.141850 1.346200
v 158.761749 51.205730 1.346200
v 158.858902 51.257786 1.346200
v 158.959320 51.297577 1.346200
v 159.060822 51.325157 1.346200
v 159.161438 51.341042 1.346200
v 159.259460 51.346100 1.346200
v 159.357468 51.341042 1.346200
v 159.458084 51.325157 1.346200
v 159.534225 51.305603 1.346200
v 159.610062 51.279224 1.346200
v 159.684677 51.245911 1.346200
v 159.757156 51.205730 1.346200
v 159.826553 51.158882 1.346200
v 159.891968 51.105762 1.346200
v 159.952606 51.046902 1.346200
v 160.007706 50.982986 1.346200
v 160.056686 50.914818 1.346200
v 160.099136 50.843266 1.346200
v 160.134750 50.769260 1.346200
v 160.163422 50.693737 1.346200
v 160.185242 50.617599 1.346200
v 160.200363 50.541695 1.346200
v 160.209137 50.466801 1.346200
v 158.310806 50.308014 1.320800
v 158.322861 50.220284 1.320800
v 158.343719 50.131512 1.320800
v 158.373825 50.042992 1.320800
v 158.413361 49.956123 1.320800
v 158.462219 49.872383 1.320800
v 158.519974 49.793240 1.320800
v 158.585938 49.720081 1.320800
v 158.659088 49.654125 1.320800
v 158.738235 49.596363 1.320800
v 158.821976 49.547508 1.320800
v 158.908844 49.507977 1.320800
v 158.997360 49.477867 1.320800
v 159.086136 49.457001 1.320800
v 159.173874 49.444950 1.320800
v 159.259460 49.441101 1.320800
v 159.345032 49.444950 1.320800
v 159.432770 49.457001 1.320800
v 159.521545 49.477867 1.320800
v 159.610062 49.507977 1.320800
v 159.696930 49.547508 1.320800
v 159.780670 49.596363 1.320800
v 159.859818 49.654125 1.320800
v 159.932968 49.720081 1.320800
v 159.998932 49.793240 1.320800
v 160.056686 49.872383 1.320800
v 160.105545 49.956123 1.320800
v 160.145081 50.042992 1.320800
v 160.175186 50.131512 1.320800
v 160.196060 50.220284 1.320800
v 160.208099 50.308014 1.320800
v 160.208099 50.308014 1.371600
v 160.196060 50.220284 1.371600
v 160.175186 50.131512 1.371600
v 160.145081 50.042992 1.371600
v 160.105545 49.956123 1.371600
v 160.056686 49.872383 1.371600
v 159.998932 49.793240 1.371600
v 159.932968 49.720081 1.371600
v 159.859818 49.654125 1.371600
v 159.780670 49.596363 1.371600
v 159.696930 49.547508 1.371600
v 159.610062 49.507977 1.371600
v 159.521545 49.477867 1.371600
v 159.432770 49.457001 1.371600
v 159.345032 49.444950 1.371600
v 159.259460 49.441101 1.371600
v 159.173874 49.444950 1.371600
v 159.086136 49.457001 1.371600
v 158.997360 49.477867 1.371600
v 158.908844 49.507977 1.371600
v 158.821976 49.547508 1.371600
v 158.738235 49.596363 1.371600
v 158.659088 49.654125 1.371600
v 158.585938 49.720081 1.371600
v 158.519974 49.793240 1.371600
v 158.462219 49.872383 1.371600
v 158.413361 49.956123 1.371600
v 158.373825 50.042992 1.371600
v 158.343719 50.131512 1.371600
v 158.322861 50.220284 1.371600
v 158.310806 50.308014 1.371600
v 158.318527 50.245502 1.346200
v 158.309769 50.320396 1.346200
v 158.333664 50.169601 1.346200
v 158.355484 50.093464 1.346200
v 158.384155 50.017941 1.346200
v 158.419769 49.943932 1.346200
v 158.462219 49.872383 1.346200
v 158.511200 49.804211 1.346200
v 158.566315 49.740295 1.346200
v 158.626938 49.681438 1.346200
v 158.692352 49.628319 1.346200
v 158.761749 49.581470 1.346200
v 158.834229 49.541286 1.346200
v 158.908844 49.507977 1.346200
v 158.984680 49.481598 1.346200
v 159.060822 49.462040 1.346200
v 159.161438 49.446159 1.346200
v 159.259460 49.441101 1.346200
v 159.357468 49.446159 1.346200
v 159.458084 49.462040 1.346200
v 159.559586 49.489624 1.346200
v 159.660004 49.529411 1.346200
v 159.757156 49.581470 1.346200
v 159.848846 49.645351 1.346200
v 159.932968 49.720081 1.346200
v 160.007706 49.804211 1.346200
v 160.071579 49.895901 1.346200
v 160.123642 49.993053 1.346200
v 160.163422 50.093464 1.346200
v 160.191010 50.194969 1.346200
v 160.206894 50.295586 1.346200
v 159.259460 50.393600 1.371600
v 159.259460 50.393600 1.320800
f 6195 6196 6260
f 6260 6196 6261
f 6260 6261 6259
f 6259 6261 6262
f 6259 6262 6258
f 6258 6262 6263
f 6258 6263 6257
f 6257 6263 6264
f 6257 6264 6256
f 6256 6264 6265
f 6256 6265 6255
f 6255 6265 6266
f 6255 6266 6254
f 6254 6266 6267
f 6254 6267 6253
f 6253 6267 6252
f 6252 6267 6268
f 6252 6268 6251
f 6251 6268 6269
f 6251 6269 6250
f 6250 6269 6270
f 6250 6270 6249
f 6249 6270 6271
f 6249 6271 6248
f 6248 6271 6272
f 6248 6272 6247
f 6247 6272 6273
f 6247 6273 6246
f 6246 6273 6274
f 6246 6274 6245
f 6245 6274 6244
f 6244 6274 6275
f 6244 6275 6243
f 6243 6275 6276
f 6243 6276 6242
f 6242 6276 6277
f 6242 6277 6241
f 6241 6277 6278
f 6241 6278 6279
f 6279 6278 6216
f 6279 6216 6217
f 6196 6197 6261
f 6261 6197 6198
f 6261 6198 6262
f 6262 6198 6199
f 6262 6199 6263
f 6263 6199 6200
f 6263 6200 6264
f 6264 6200 6201
f 6264 6201 6265
f 6265 6201 6202
f 6265 6202 6266
f 6266 6202 6203
f 6266 6203 6267
f 6267 6203 6204
f 6267 6204 6205
f 6267 6205 6268
f 6268 6205 6206
f 6268 6206 6269
f 6269 6206 6207
f 6269 6207 6270
f 6270 6207 6208
f 6270 6208 6271
f 6271 6208 6209
f 6271 6209 6272
f 6272 6209 6210
f 6272 6210 6273
f 6273 6210 6211
f 6273 6211 6274
f 6274 6211 6212
f 6274 6212 6213
f 6274 6213 6275
f 6275 6213 6214
f 6275 6214 6276
f 6276 6214 6215
f 6276 6215 6277
f 6277 6215 6216
f 6277 6216 6278
f 6279 6217 6280
f 6280 6217 6218
f 6280 6218 6281
f 6281 6218 6219
f 6281 6219 6282
f 6282 6219 6220
f 6282 6220 6283
f 6283 6220 6221
f 6283 6221 6284
f 6284 6221 6222
f 6284 6222 6285
f 6285 6222 6286
f 6285 6286 6235
f 6235 6286 6234
f 6234 6286 6287
f 6234 6287 6233
f 6233 6287 6288
f 6233 6288 6232
f 6232 6288 6289
f 6232 6289 6231
f 6231 6289 6290
f 6231 6290 6230
f 6230 6290 6291
f 6230 6291 6229
f 6229 6291 6228
f 6228 6291 6227
f 6227 6291 6290
f 6227 6290 6226
f 6226 6290 6289
f 6226 6289 6225
f 6225 6289 6288
f 6225 6288 6224
f 6224 6288 6287
f 6224 6287 6223
f 6223 6287 6286
f 6223 6286 6222
f 6285 6235 6284
f 6284 6235 6236
f 6284 6236 6283
f 6283 6236 6237
f 6283 6237 6282
f 6282 6237 6238
f 6282 6238 6281
f 6281 6238 6239
f 6281 6239 6280
f 6280 6239 6240
f 6280 6240 6279
f 6279 6240 6241
f 6353 6196 6355
f 6355 6196 6195
f 6355 6195 6292
f 6355 6292 6354
f 6354 6292 6293
f 6354 6293 6356
f 6356 6293 6294
f 6356 6294 6357
f 6357 6294 6295
f 6357 6295 6358
f 6358 6295 6296
f 6358 6296 6359
f 6359 6296 6297
f 6359 6297 6360
f 6360 6297 6361
f 6360 6361 6348
f 6348 6361 6347
f 6347 6361 6362
f 6347 6362 6346
f 6346 6362 6363
f 6346 6363 6345
f 6345 6363 6364
f 6345 6364 6344
f 6344 6364 6365
f 6344 6365 6343
f 6343 6365 6366
f 6343 6366 6342
f 6342 6366 6367
f 6342 6367 6368
f 6368 6367 6303
f 6368 6303 6304
f 6297 6298 6361
f 6361 6298 6362
f 6298 6299 6362
f 6362 6299 6363
f 6299 6300 6363
f 6363 6300 6364
f 6300 6301 6364
f 6364 6301 6365
f 6301 6302 6365
f 6365 6302 6366
f 6302 6303 6366
f 6366 6303 6367
f 6368 6304 6369
f 6369 6304 6305
f 6369 6305 6370
f 6370 6305 6306
f 6370 6306 6371
f 6371 6306 6307
f 6371 6307 6308
f 6371 6308 6372
f 6372 6308 6309
f 6372 6309 6373
f 6373 6309 6310
f 6373 6310 6374
f 6374 6310 6311
f 6374 6311 6375
f 6375 6311 6312
f 6375 6312 6376
f 6376 6312 6313
f 6376 6313 6377
f 6377 6313 6314
f 6377 6314 6378
f 6378 6314 6315
f 6378 6315 6316
f 6378 6316 6379
f 6379 6316 6317
f 6379 6317 6380
f 6380 6317 6318
f 6380 6318 6381
f 6381 6318 6319
f 6381 6319 6382
f 6382 6319 6320
f 6382 6320 6383
f 6383 6320 6321
f 6383 6321 6384
f 6384 6321 6322
f 6384 6322 6228
f 6228 6322 6229
f 6228 6323 6384
f 6384 6323 6324
f 6384 6324 6383
f 6383 6324 6325
f 6383 6325 6382
f 6382 6325 6326
f 6382 6326 6381
f 6381 6326 6327
f 6381 6327 6380
f 6380 6327 6328
f 6380 6328 6379
f 6379 6328 6329
f 6379 6329 6378
f 6378 6329 6330
f 6378 6330 6331
f 6378 6331 6377
f 6377 6331 6332
f 6377 6332 6376
f 6376 6332 6333
f 6376 6333 6375
f 6375 6333 6334
f 6375 6334 6374
f 6374 6334 6335
f 6374 6335 6373
f 6373 6335 6336
f 6373 6336 6372
f 6372 6336 6337
f 6372 6337 6371
f 6371 6337 6338
f 6371 6338 6339
f 6371 6339 6370
f 6370 6339 6340
f 6370 6340 6369
f 6369 6340 6341
f 6369 6341 6368
f 6368 6341 6342
f 6360 6348 6359
f 6359 6348 6349
f 6359 6349 6358
f 6358 6349 6350
f 6358 6350 6357
f 6357 6350 6351
f 6357 6351 6356
f 6356 6351 6352
f 6356 6352 6354
f 6354 6352 6353
f 6354 6353 6355
f 6323 6228 6385
f 6385 6228 6227
f 6385 6227 6226
f 6226 6225 6385
f 6385 6225 6224
f 6385 6224 6223
f 6223 6222 6385
f 6385 6222 6221
f 6385 6221 6220
f 6220 6219 6385
f 6385 6219 6218
f 6385 6218 6217
f 6217 6216 6385
f 6385 6216 6215
f 6385 6215 6214
f 6214 6213 6385
f 6385 6213 6212
f 6385 6212 6211
f 6211 6210 6385
f 6385 6210 6209
f 6385 6209 6208
f 6208 6207 6385
f 6385 6207 6206
f 6385 6206 6205
f 6205 6204 6385
f 6385 6204 6203
f 6385 6203 6202
f 6202 6201 6385
f 6385 6201 6200
f 6385 6200 6199
f 6199 6198 6385
f 6385 6198 6197
f 6385 6197 6196
f 6196 6353 6385
f 6385 6353 6352
f 6385 6352 6351
f 6351 6350 6385
f 6385 6350 6349
f 6385 6349 6348
f 6348 6347 6385
f 6385 6347 6346
f 6385 6346 6345
f 6345 6344 6385
f 6385 6344 6343
f 6385 6343 6342
f 6342 6341 6385
f 6385 6341 6340
f 6385 6340 6339
f 6339 6338 6385
f 6385 6338 6337
f 6385 6337 6336
f 6336 6335 6385
f 6385 6335 6334
f 6385 6334 6333
f 6333 6332 6385
f 6385 6332 6331
f 6385 6331 6330
f 6330 6329 6385
f 6385 6329 6328
f 6385 6328 6327
f 6327 6326 6385
f 6385 6326 6325
f 6385 6325 6324
f 6324 6323 6385
f 6292 6195 6386
f 6386 6195 6260
f 6386 6260 6259
f 6259 6258 6386
f 6386 6258 6257
f 6386 6257 6256
f 6256 6255 6386
f 6386 6255 6254
f 6386 6254 6253
f 6253 6252 6386
f 6386 6252 6251
f 6386 6251 6250
f 6250 6249 6386
f 6386 6249 6248
f 6386 6248 6247
f 6247 6246 6386
f 6386 6246 6245
f 6386 6245 6244
f 6244 6243 6386
f 6386 6243 6242
f 6386 6242 6241
f 6241 6240 6386
f 6386 6240 6239
f 6386 6239 6238
f 6238 6237 6386
f 6386 6237 6236
f 6386 6236 6235
f 6235 6234 6386
f 6386 6234 6233
f 6386 6233 6232
f 6232 6231 6386
f 6386 6231 6230
f 6386 6230 6229
f 6229 6322 6386
f 6386 6322 6321
f 6386 6321 6320
f 6320 6319 6386
f 6386 6319 6318
f 6386 6318 6317
f 6317 6316 6386
f 6386 6316 6315
f 6386 6315 6314
f 6314 6313 6386
f 6386 6313 6312
f 6386 6312 6311
f 6311 6310 6386
f 6386 6310 6309
f 6386 6309 6308
f 6308 6307 6386
f 6386 6307 6306
f 6386 6306 6305
f 6305 6304 6386
f 6386 6304 6303
f 6386 6303 6302
f 6302 6301 6386
f 6386 6301 6300
f 6386 6300 6299
f 6299 6298 6386
f 6386 6298 6297
f 6386 6297 6296
f 6296 6295 6386
f 6386 6295 6294
f 6386 6294 6293
f 6293 6292 6386
g MeshBody33

v 108.116554 125.679199 1.320800
v 108.116554 125.679199 1.371600
v 108.120407 125.764786 1.371600
v 108.132462 125.852516 1.371600
v 108.153320 125.941284 1.371600
v 108.183434 126.029808 1.371600
v 108.222969 126.116676 1.371600
v 108.271820 126.200417 1.371600
v 108.329575 126.279556 1.371600
v 108.395531 126.352722 1.371600
v 108.468697 126.418678 1.371600
v 108.547836 126.476433 1.371600
v 108.631577 126.525291 1.371600
v 108.718437 126.564819 1.371600
v 108.806961 126.594925 1.371600
v 108.895737 126.615799 1.371600
v 108.983459 126.627838 1.371600
v 109.069061 126.631699 1.371600
v 109.154640 126.627838 1.371600
v 109.242371 126.615799 1.371600
v 109.331146 126.594925 1.371600
v 109.419670 126.564819 1.371600
v 109.506531 126.525291 1.371600
v 109.590263 126.476433 1.371600
v 109.669411 126.418678 1.371600
v 109.742577 126.352722 1.371600
v 109.808525 126.279556 1.371600
v 109.866295 126.200417 1.371600
v 109.915138 126.116676 1.371600
v 109.954674 126.029808 1.371600
v 109.984787 125.941284 1.371600
v 110.005646 125.852516 1.371600
v 110.017700 125.764786 1.371600
v 110.021561 125.679199 1.371600
v 110.021561 125.679199 1.320800
v 110.017700 125.764786 1.320800
v 110.005646 125.852516 1.320800
v 109.984787 125.941284 1.320800
v 109.954674 126.029808 1.320800
v 109.915138 126.116676 1.320800
v 109.866295 126.200417 1.320800
v 109.808525 126.279556 1.320800
v 109.742577 126.352722 1.320800
v 109.669411 126.418678 1.320800
v 109.590263 126.476433 1.320800
v 109.506531 126.525291 1.320800
v 109.419670 126.564819 1.320800
v 109.331146 126.594925 1.320800
v 109.242371 126.615799 1.320800
v 109.154640 126.627838 1.320800
v 109.069061 126.631699 1.320800
v 108.983459 126.627838 1.320800
v 108.895737 126.615799 1.320800
v 108.806961 126.594925 1.320800
v 108.718437 126.564819 1.320800
v 108.631577 126.525291 1.320800
v 108.547836 126.476433 1.320800
v 108.468697 126.418678 1.320800
v 108.395531 126.352722 1.320800
v 108.329575 126.279556 1.320800
v 108.271820 126.200417 1.320800
v 108.222969 126.116676 1.320800
v 108.183434 126.029808 1.320800
v 108.153320 125.941284 1.320800
v 108.132462 125.852516 1.320800
v 108.120407 125.764786 1.320800
v 108.121605 125.777214 1.346200
v 108.137497 125.877831 1.346200
v 108.165070 125.979332 1.346200
v 108.204865 126.079742 1.346200
v 108.256927 126.176903 1.346200
v 108.320801 126.268593 1.346200
v 108.395531 126.352722 1.346200
v 108.479668 126.427444 1.346200
v 108.571358 126.491325 1.346200
v 108.668510 126.543388 1.346200
v 108.768921 126.583176 1.346200
v 108.870430 126.610756 1.346200
v 108.971039 126.626640 1.346200
v 109.069061 126.631699 1.346200
v 109.167068 126.626640 1.346200
v 109.267677 126.610756 1.346200
v 109.343834 126.591202 1.346200
v 109.419670 126.564819 1.346200
v 109.494278 126.531509 1.346200
v 109.566750 126.491325 1.346200
v 109.636147 126.444481 1.346200
v 109.701576 126.391365 1.346200
v 109.762207 126.332497 1.346200
v 109.817307 126.268593 1.346200
v 109.866295 126.200417 1.346200
v 109.908722 126.128868 1.346200
v 109.944344 126.054863 1.346200
v 109.973030 125.979332 1.346200
v 109.994843 125.903198 1.346200
v 110.009972 125.827286 1.346200
v 110.018738 125.752403 1.346200
v 108.120407 125.593613 1.320800
v 108.132462 125.505875 1.320800
v 108.153320 125.417107 1.320800
v 108.183434 125.328590 1.320800
v 108.222969 125.241722 1.320800
v 108.271820 125.157982 1.320800
v 108.329575 125.078835 1.320800
v 108.395531 125.005684 1.320800
v 108.468697 124.939720 1.320800
v 108.547836 124.881958 1.320800
v 108.631577 124.833107 1.320800
v 108.718437 124.793571 1.320800
v 108.806961 124.763466 1.320800
v 108.895737 124.742599 1.320800
v 108.983459 124.730553 1.320800
v 109.069061 124.726700 1.320800
v 109.154640 124.730553 1.320800
v 109.242371 124.742599 1.320800
v 109.331146 124.763466 1.320800
v 109.419670 124.793571 1.320800
v 109.506531 124.833107 1.320800
v 109.590263 124.881958 1.320800
v 109.669411 124.939720 1.320800
v 109.742577 125.005684 1.320800
v 109.808525 125.078835 1.320800
v 109.866295 125.157982 1.320800
v 109.915138 125.241722 1.320800
v 109.954674 125.328590 1.320800
v 109.984787 125.417107 1.320800
v 110.005646 125.505875 1.320800
v 110.017700 125.593613 1.320800
v 110.017700 125.593613 1.371600
v 110.005646 125.505875 1.371600
v 109.984787 125.417107 1.371600
v 109.954674 125.328590 1.371600
v 109.915138 125.241722 1.371600
v 109.866295 125.157982 1.371600
v 109.808525 125.078835 1.371600
v 109.742577 125.005684 1.371600
v 109.669411 124.939720 1.371600
v 109.590263 124.881958 1.371600
v 109.506531 124.833107 1.371600
v 109.419670 124.793571 1.371600
v 109.331146 124.763466 1.371600
v 109.242371 124.742599 1.371600
v 109.154640 124.730553 1.371600
v 109.069061 124.726700 1.371600
v 108.983459 124.730553 1.371600
v 108.895737 124.742599 1.371600
v 108.806961 124.763466 1.371600
v 108.718437 124.793571 1.371600
v 108.631577 124.833107 1.371600
v 108.547836 124.881958 1.371600
v 108.468697 124.939720 1.371600
v 108.395531 125.005684 1.371600
v 108.329575 125.078835 1.371600
v 108.271820 125.157982 1.371600
v 108.222969 125.241722 1.371600
v 108.183434 125.328590 1.371600
v 108.153320 125.417107 1.371600
v 108.132462 125.505875 1.371600
v 108.120407 125.593613 1.371600
v 108.128136 125.531105 1.346200
v 108.119370 125.605995 1.346200
v 108.143265 125.455200 1.346200
v 108.165070 125.379059 1.346200
v 108.193764 125.303535 1.346200
v 108.229378 125.229538 1.346200
v 108.271820 125.157982 1.346200
v 108.320801 125.089813 1.346200
v 108.375900 125.025894 1.346200
v 108.436531 124.967041 1.346200
v 108.501961 124.913918 1.346200
v 108.571358 124.867065 1.346200
v 108.643829 124.826881 1.346200
v 108.718437 124.793571 1.346200
v 108.794266 124.767197 1.346200
v 108.870430 124.747635 1.346200
v 108.971039 124.731758 1.346200
v 109.069061 124.726700 1.346200
v 109.167068 124.731758 1.346200
v 109.267677 124.747635 1.346200
v 109.369186 124.775223 1.346200
v 109.469597 124.815018 1.346200
v 109.566750 124.867065 1.346200
v 109.658440 124.930946 1.346200
v 109.742577 125.005684 1.346200
v 109.817307 125.089813 1.346200
v 109.881180 125.181503 1.346200
v 109.933243 125.278648 1.346200
v 109.973030 125.379059 1.346200
v 110.000610 125.480568 1.346200
v 110.016502 125.581192 1.346200
v 109.069061 125.679199 1.371600
v 109.069061 125.679199 1.320800
f 6387 6388 6452
f 6452 6388 6453
f 6452 6453 6451
f 6451 6453 6454
f 6451 6454 6450
f 6450 6454 6455
f 6450 6455 6449
f 6449 6455 6456
f 6449 6456 6448
f 6448 6456 6457
f 6448 6457 6447
f 6447 6457 6458
f 6447 6458 6446
f 6446 6458 6459
f 6446 6459 6445
f 6445 6459 6444
f 6444 6459 6460
f 6444 6460 6443
f 6443 6460 6461
f 6443 6461 6442
f 6442 6461 6462
f 6442 6462 6441
f 6441 6462 6463
f 6441 6463 6440
f 6440 6463 6464
f 6440 6464 6439
f 6439 6464 6465
f 6439 6465 6438
f 6438 6465 6466
f 6438 6466 6437
f 6437 6466 6436
f 6436 6466 6467
f 6436 6467 6435
f 6435 6467 6468
f 6435 6468 6434
f 6434 6468 6469
f 6434 6469 6433
f 6433 6469 6470
f 6433 6470 6471
f 6471 6470 6408
f 6471 6408 6409
f 6388 6389 6453
f 6453 6389 6390
f 6453 6390 6454
f 6454 6390 6391
f 6454 6391 6455
f 6455 6391 6392
f 6455 6392 6456
f 6456 6392 6393
f 6456 6393 6457
f 6457 6393 6394
f 6457 6394 6458
f 6458 6394 6395
f 6458 6395 6459
f 6459 6395 6396
f 6459 6396 6397
f 6459 6397 6460
f 6460 6397 6398
f 6460 6398 6461
f 6461 6398 6399
f 6461 6399 6462
f 6462 6399 6400
f 6462 6400 6463
f 6463 6400 6401
f 6463 6401 6464
f 6464 6401 6402
f 6464 6402 6465
f 6465 6402 6403
f 6465 6403 6466
f 6466 6403 6404
f 6466 6404 6405
f 6466 6405 6467
f 6467 6405 6406
f 6467 6406 6468
f 6468 6406 6407
f 6468 6407 6469
f 6469 6407 6408
f 6469 6408 6470
f 6471 6409 6472
f 6472 6409 6410
f 6472 6410 6473
f 6473 6410 6411
f 6473 6411 6474
f 6474 6411 6412
f 6474 6412 6475
f 6475 6412 6413
f 6475 6413 6476
f 6476 6413 6414
f 6476 6414 6477
f 6477 6414 6478
f 6477 6478 6427
f 6427 6478 6426
f 6426 6478 6479
f 6426 6479 6425
f 6425 6479 6480
f 6425 6480 6424
f 6424 6480 6481
f 6424 6481 6423
f 6423 6481 6482
f 6423 6482 6422
f 6422 6482 6483
f 6422 6483 6421
f 6421 6483 6420
f 6420 6483 6419
f 6419 6483 6482
f 6419 6482 6418
f 6418 6482 6481
f 6418 6481 6417
f 6417 6481 6480
f 6417 6480 6416
f 6416 6480 6479
f 6416 6479 6415
f 6415 6479 6478
f 6415 6478 6414
f 6477 6427 6476
f 6476 6427 6428
f 6476 6428 6475
f 6475 6428 6429
f 6475 6429 6474
f 6474 6429 6430
f 6474 6430 6473
f 6473 6430 6431
f 6473 6431 6472
f 6472 6431 6432
f 6472 6432 6471
f 6471 6432 6433
f 6545 6388 6547
f 6547 6388 6387
f 6547 6387 6484
f 6547 6484 6546
f 6546 6484 6485
f 6546 6485 6548
f 6548 6485 6486
f 6548 6486 6549
f 6549 6486 6487
f 6549 6487 6550
f 6550 6487 6488
f 6550 6488 6551
f 6551 6488 6489
f 6551 6489 6552
f 6552 6489 6553
f 6552 6553 6540
f 6540 6553 6539
f 6539 6553 6554
f 6539 6554 6538
f 6538 6554 6555
f 6538 6555 6537
f 6537 6555 6556
f 6537 6556 6536
f 6536 6556 6557
f 6536 6557 6535
f 6535 6557 6558
f 6535 6558 6534
f 6534 6558 6559
f 6534 6559 6560
f 6560 6559 6495
f 6560 6495 6496
f 6489 6490 6553
f 6553 6490 6554
f 6490 6491 6554
f 6554 6491 6555
f 6491 6492 6555
f 6555 6492 6556
f 6492 6493 6556
f 6556 6493 6557
f 6493 6494 6557
f 6557 6494 6558
f 6494 6495 6558
f 6558 6495 6559
f 6560 6496 6561
f 6561 6496 6497
f 6561 6497 6562
f 6562 6497 6498
f 6562 6498 6563
f 6563 6498 6499
f 6563 6499 6500
f 6563 6500 6564
f 6564 6500 6501
f 6564 6501 6565
f 6565 6501 6502
f 6565 6502 6566
f 6566 6502 6503
f 6566 6503 6567
f 6567 6503 6504
f 6567 6504 6568
f 6568 6504 6505
f 6568 6505 6569
f 6569 6505 6506
f 6569 6506 6570
f 6570 6506 6507
f 6570 6507 6508
f 6570 6508 6571
f 6571 6508 6509
f 6571 6509 6572
f 6572 6509 6510
f 6572 6510 6573
f 6573 6510 6511
f 6573 6511 6574
f 6574 6511 6512
f 6574 6512 6575
f 6575 6512 6513
f 6575 6513 6576
f 6576 6513 6514
f 6576 6514 6420
f 6420 6514 6421
f 6420 6515 6576
f 6576 6515 6516
f 6576 6516 6575
f 6575 6516 6517
f 6575 6517 6574
f 6574 6517 6518
f 6574 6518 6573
f 6573 6518 6519
f 6573 6519 6572
f 6572 6519 6520
f 6572 6520 6571
f 6571 6520 6521
f 6571 6521 6570
f 6570 6521 6522
f 6570 6522 6523
f 6570 6523 6569
f 6569 6523 6524
f 6569 6524 6568
f 6568 6524 6525
f 6568 6525 6567
f 6567 6525 6526
f 6567 6526 6566
f 6566 6526 6527
f 6566 6527 6565
f 6565 6527 6528
f 6565 6528 6564
f 6564 6528 6529
f 6564 6529 6563
f 6563 6529 6530
f 6563 6530 6531
f 6563 6531 6562
f 6562 6531 6532
f 6562 6532 6561
f 6561 6532 6533
f 6561 6533 6560
f 6560 6533 6534
f 6552 6540 6551
f 6551 6540 6541
f 6551 6541 6550
f 6550 6541 6542
f 6550 6542 6549
f 6549 6542 6543
f 6549 6543 6548
f 6548 6543 6544
f 6548 6544 6546
f 6546 6544 6545
f 6546 6545 6547
f 6515 6420 6577
f 6577 6420 6419
f 6577 6419 6418
f 6418 6417 6577
f 6577 6417 6416
f 6577 6416 6415
f 6415 6414 6577
f 6577 6414 6413
f 6577 6413 6412
f 6412 6411 6577
f 6577 6411 6410
f 6577 6410 6409
f 6409 6408 6577
f 6577 6408 6407
f 6577 6407 6406
f 6406 6405 6577
f 6577 6405 6404
f 6577 6404 6403
f 6403 6402 6577
f 6577 6402 6401
f 6577 6401 6400
f 6400 6399 6577
f 6577 6399 6398
f 6577 6398 6397
f 6397 6396 6577
f 6577 6396 6395
f 6577 6395 6394
f 6394 6393 6577
f 6577 6393 6392
f 6577 6392 6391
f 6391 6390 6577
f 6577 6390 6389
f 6577 6389 6388
f 6388 6545 6577
f 6577 6545 6544
f 6577 6544 6543
f 6543 6542 6577
f 6577 6542 6541
f 6577 6541 6540
f 6540 6539 6577
f 6577 6539 6538
f 6577 6538 6537
f 6537 6536 6577
f 6577 6536 6535
f 6577 6535 6534
f 6534 6533 6577
f 6577 6533 6532
f 6577 6532 6531
f 6531 6530 6577
f 6577 6530 6529
f 6577 6529 6528
f 6528 6527 6577
f 6577 6527 6526
f 6577 6526 6525
f 6525 6524 6577
f 6577 6524 6523
f 6577 6523 6522
f 6522 6521 6577
f 6577 6521 6520
f 6577 6520 6519
f 6519 6518 6577
f 6577 6518 6517
f 6577 6517 6516
f 6516 6515 6577
f 6484 6387 6578
f 6578 6387 6452
f 6578 6452 6451
f 6451 6450 6578
f 6578 6450 6449
f 6578 6449 6448
f 6448 6447 6578
f 6578 6447 6446
f 6578 6446 6445
f 6445 6444 6578
f 6578 6444 6443
f 6578 6443 6442
f 6442 6441 6578
f 6578 6441 6440
f 6578 6440 6439
f 6439 6438 6578
f 6578 6438 6437
f 6578 6437 6436
f 6436 6435 6578
f 6578 6435 6434
f 6578 6434 6433
f 6433 6432 6578
f 6578 6432 6431
f 6578 6431 6430
f 6430 6429 6578
f 6578 6429 6428
f 6578 6428 6427
f 6427 6426 6578
f 6578 6426 6425
f 6578 6425 6424
f 6424 6423 6578
f 6578 6423 6422
f 6578 6422 6421
f 6421 6514 6578
f 6578 6514 6513
f 6578 6513 6512
f 6512 6511 6578
f 6578 6511 6510
f 6578 6510 6509
f 6509 6508 6578
f 6578 6508 6507
f 6578 6507 6506
f 6506 6505 6578
f 6578 6505 6504
f 6578 6504 6503
f 6503 6502 6578
f 6578 6502 6501
f 6578 6501 6500
f 6500 6499 6578
f 6578 6499 6498
f 6578 6498 6497
f 6497 6496 6578
f 6578 6496 6495
f 6578 6495 6494
f 6494 6493 6578
f 6578 6493 6492
f 6578 6492 6491
f 6491 6490 6578
f 6578 6490 6489
f 6578 6489 6488
f 6488 6487 6578
f 6578 6487 6486
f 6578 6486 6485
f 6485 6484 6578
g MeshBody34

v 183.402161 125.679199 1.320800
v 183.402161 125.679199 1.371600
v 183.406006 125.764786 1.371600
v 183.418045 125.852516 1.371600
v 183.438919 125.941284 1.371600
v 183.469025 126.029808 1.371600
v 183.508560 126.116676 1.371600
v 183.557419 126.200417 1.371600
v 183.615189 126.279556 1.371600
v 183.681137 126.352722 1.371600
v 183.754288 126.418678 1.371600
v 183.833420 126.476433 1.371600
v 183.917175 126.525291 1.371600
v 184.004044 126.564819 1.371600
v 184.092560 126.594925 1.371600
v 184.181335 126.615799 1.371600
v 184.269058 126.627838 1.371600
v 184.354660 126.631699 1.371600
v 184.440231 126.627838 1.371600
v 184.527985 126.615799 1.371600
v 184.616730 126.594925 1.371600
v 184.705261 126.564819 1.371600
v 184.792130 126.525291 1.371600
v 184.875870 126.476433 1.371600
v 184.955002 126.418678 1.371600
v 185.028183 126.352722 1.371600
v 185.094131 126.279556 1.371600
v 185.151886 126.200417 1.371600
v 185.200745 126.116676 1.371600
v 185.240280 126.029808 1.371600
v 185.270401 125.941284 1.371600
v 185.291245 125.852516 1.371600
v 185.303299 125.764786 1.371600
v 185.307159 125.679199 1.371600
v 185.307159 125.679199 1.320800
v 185.303299 125.764786 1.320800
v 185.291245 125.852516 1.320800
v 185.270401 125.941284 1.320800
v 185.240280 126.029808 1.320800
v 185.200745 126.116676 1.320800
v 185.151886 126.200417 1.320800
v 185.094131 126.279556 1.320800
v 185.028183 126.352722 1.320800
v 184.955002 126.418678 1.320800
v 184.875870 126.476433 1.320800
v 184.792130 126.525291 1.320800
v 184.705261 126.564819 1.320800
v 184.616730 126.594925 1.320800
v 184.527985 126.615799 1.320800
v 184.440231 126.627838 1.320800
v 184.354660 126.631699 1.320800
v 184.269058 126.627838 1.320800
v 184.181335 126.615799 1.320800
v 184.092560 126.594925 1.320800
v 184.004044 126.564819 1.320800
v 183.917175 126.525291 1.320800
v 183.833420 126.476433 1.320800
v 183.754288 126.418678 1.320800
v 183.681137 126.352722 1.320800
v 183.615189 126.279556 1.320800
v 183.557419 126.200417 1.320800
v 183.508560 126.116676 1.320800
v 183.469025 126.029808 1.320800
v 183.438919 125.941284 1.320800
v 183.418045 125.852516 1.320800
v 183.406006 125.764786 1.320800
v 183.407211 125.777214 1.346200
v 183.423080 125.877831 1.346200
v 183.450684 125.979332 1.346200
v 183.490463 126.079742 1.346200
v 183.542511 126.176903 1.346200
v 183.606400 126.268593 1.346200
v 183.681137 126.352722 1.346200
v 183.765274 126.427444 1.346200
v 183.856949 126.491325 1.346200
v 183.954102 126.543388 1.346200
v 184.054520 126.583176 1.346200
v 184.156021 126.610756 1.346200
v 184.256638 126.626640 1.346200
v 184.354660 126.631699 1.346200
v 184.452667 126.626640 1.346200
v 184.553284 126.610756 1.346200
v 184.629425 126.591202 1.346200
v 184.705261 126.564819 1.346200
v 184.779877 126.531509 1.346200
v 184.852356 126.491325 1.346200
v 184.921753 126.444481 1.346200
v 184.987167 126.391365 1.346200
v 185.047791 126.332497 1.346200
v 185.102905 126.268593 1.346200
v 185.151886 126.200417 1.346200
v 185.194336 126.128868 1.346200
v 185.229950 126.054863 1.346200
v 185.258636 125.979332 1.346200
v 185.280426 125.903198 1.346200
v 185.295563 125.827286 1.346200
v 185.304321 125.752403 1.346200
v 183.406006 125.593613 1.320800
v 183.418045 125.505875 1.320800
v 183.438919 125.417107 1.320800
v 183.469025 125.328590 1.320800
v 183.508560 125.241722 1.320800
v 183.557419 125.157982 1.320800
v 183.615189 125.078835 1.320800
v 183.681137 125.005684 1.320800
v 183.754288 124.939720 1.320800
v 183.833420 124.881958 1.320800
v 183.917175 124.833107 1.320800
v 184.004044 124.793571 1.320800
v 184.092560 124.763466 1.320800
v 184.181335 124.742599 1.320800
v 184.269058 124.730553 1.320800
v 184.354660 124.726700 1.320800
v 184.440231 124.730553 1.320800
v 184.527985 124.742599 1.320800
v 184.616730 124.763466 1.320800
v 184.705261 124.793571 1.320800
v 184.792130 124.833107 1.320800
v 184.875870 124.881958 1.320800
v 184.955002 124.939720 1.320800
v 185.028183 125.005684 1.320800
v 185.094131 125.078835 1.320800
v 185.151886 125.157982 1.320800
v 185.200745 125.241722 1.320800
v 185.240280 125.328590 1.320800
v 185.270401 125.417107 1.320800
v 185.291245 125.505875 1.320800
v 185.303299 125.593613 1.320800
v 185.303299 125.593613 1.371600
v 185.291245 125.505875 1.371600
v 185.270401 125.417107 1.371600
v 185.240280 125.328590 1.371600
v 185.200745 125.241722 1.371600
v 185.151886 125.157982 1.371600
v 185.094131 125.078835 1.371600
v 185.028183 125.005684 1.371600
v 184.955002 124.939720 1.371600
v 184.875870 124.881958 1.371600
v 184.792130 124.833107 1.371600
v 184.705261 124.793571 1.371600
v 184.616730 124.763466 1.371600
v 184.527985 124.742599 1.371600
v 184.440231 124.730553 1.371600
v 184.354660 124.726700 1.371600
v 184.269058 124.730553 1.371600
v 184.181335 124.742599 1.371600
v 184.092560 124.763466 1.371600
v 184.004044 124.793571 1.371600
v 183.917175 124.833107 1.371600
v 183.833420 124.881958 1.371600
v 183.754288 124.939720 1.371600
v 183.681137 125.005684 1.371600
v 183.615189 125.078835 1.371600
v 183.557419 125.157982 1.371600
v 183.508560 125.241722 1.371600
v 183.469025 125.328590 1.371600
v 183.438919 125.417107 1.371600
v 183.418045 125.505875 1.371600
v 183.406006 125.593613 1.371600
v 183.413742 125.531105 1.346200
v 183.404968 125.605995 1.346200
v 183.428864 125.455200 1.346200
v 183.450684 125.379059 1.346200
v 183.479355 125.303535 1.346200
v 183.514984 125.229538 1.346200
v 183.557419 125.157982 1.346200
v 183.606400 125.089813 1.346200
v 183.661499 125.025894 1.346200
v 183.722137 124.967041 1.346200
v 183.787552 124.913918 1.346200
v 183.856949 124.867065 1.346200
v 183.929428 124.826881 1.346200
v 184.004044 124.793571 1.346200
v 184.079865 124.767197 1.346200
v 184.156021 124.747635 1.346200
v 184.256638 124.731758 1.346200
v 184.354660 124.726700 1.346200
v 184.452667 124.731758 1.346200
v 184.553284 124.747635 1.346200
v 184.654785 124.775223 1.346200
v 184.755188 124.815018 1.346200
v 184.852356 124.867065 1.346200
v 184.944031 124.930946 1.346200
v 185.028183 125.005684 1.346200
v 185.102905 125.089813 1.346200
v 185.166779 125.181503 1.346200
v 185.218842 125.278648 1.346200
v 185.258636 125.379059 1.346200
v 185.286209 125.480568 1.346200
v 185.302094 125.581192 1.346200
v 184.354660 125.679199 1.371600
v 184.354660 125.679199 1.320800
f 6579 6580 6644
f 6644 6580 6645
f 6644 6645 6643
f 6643 6645 6646
f 6643 6646 6642
f 6642 6646 6647
f 6642 6647 6641
f 6641 6647 6648
f 6641 6648 6640
f 6640 6648 6649
f 6640 6649 6639
f 6639 6649 6650
f 6639 6650 6638
f 6638 6650 6651
f 6638 6651 6637
f 6637 6651 6636
f 6636 6651 6652
f 6636 6652 6635
f 6635 6652 6653
f 6635 6653 6634
f 6634 6653 6654
f 6634 6654 6633
f 6633 6654 6655
f 6633 6655 6632
f 6632 6655 6656
f 6632 6656 6631
f 6631 6656 6657
f 6631 6657 6630
f 6630 6657 6658
f 6630 6658 6629
f 6629 6658 6628
f 6628 6658 6659
f 6628 6659 6627
f 6627 6659 6660
f 6627 6660 6626
f 6626 6660 6661
f 6626 6661 6625
f 6625 6661 6662
f 6625 6662 6663
f 6663 6662 6600
f 6663 6600 6601
f 6580 6581 6645
f 6645 6581 6582
f 6645 6582 6646
f 6646 6582 6583
f 6646 6583 6647
f 6647 6583 6584
f 6647 6584 6648
f 6648 6584 6585
f 6648 6585 6649
f 6649 6585 6586
f 6649 6586 6650
f 6650 6586 6587
f 6650 6587 6651
f 6651 6587 6588
f 6651 6588 6589
f 6651 6589 6652
f 6652 6589 6590
f 6652 6590 6653
f 6653 6590 6591
f 6653 6591 6654
f 6654 6591 6592
f 6654 6592 6655
f 6655 6592 6593
f 6655 6593 6656
f 6656 6593 6594
f 6656 6594 6657
f 6657 6594 6595
f 6657 6595 6658
f 6658 6595 6596
f 6658 6596 6597
f 6658 6597 6659
f 6659 6597 6598
f 6659 6598 6660
f 6660 6598 6599
f 6660 6599 6661
f 6661 6599 6600
f 6661 6600 6662
f 6663 6601 6664
f 6664 6601 6602
f 6664 6602 6665
f 6665 6602 6603
f 6665 6603 6666
f 6666 6603 6604
f 6666 6604 6667
f 6667 6604 6605
f 6667 6605 6668
f 6668 6605 6606
f 6668 6606 6669
f 6669 6606 6670
f 6669 6670 6619
f 6619 6670 6618
f 6618 6670 6671
f 6618 6671 6617
f 6617 6671 6672
f 6617 6672 6616
f 6616 6672 6673
f 6616 6673 6615
f 6615 6673 6674
f 6615 6674 6614
f 6614 6674 6675
f 6614 6675 6613
f 6613 6675 6612
f 6612 6675 6611
f 6611 6675 6674
f 6611 6674 6610
f 6610 6674 6673
f 6610 6673 6609
f 6609 6673 6672
f 6609 6672 6608
f 6608 6672 6671
f 6608 6671 6607
f 6607 6671 6670
f 6607 6670 6606
f 6669 6619 6668
f 6668 6619 6620
f 6668 6620 6667
f 6667 6620 6621
f 6667 6621 6666
f 6666 6621 6622
f 6666 6622 6665
f 6665 6622 6623
f 6665 6623 6664
f 6664 6623 6624
f 6664 6624 6663
f 6663 6624 6625
f 6737 6580 6739
f 6739 6580 6579
f 6739 6579 6676
f 6739 6676 6738
f 6738 6676 6677
f 6738 6677 6740
f 6740 6677 6678
f 6740 6678 6741
f 6741 6678 6679
f 6741 6679 6742
f 6742 6679 6680
f 6742 6680 6743
f 6743 6680 6681
f 6743 6681 6744
f 6744 6681 6745
f 6744 6745 6732
f 6732 6745 6731
f 6731 6745 6746
f 6731 6746 6730
f 6730 6746 6747
f 6730 6747 6729
f 6729 6747 6748
f 6729 6748 6728
f 6728 6748 6749
f 6728 6749 6727
f 6727 6749 6750
f 6727 6750 6726
f 6726 6750 6751
f 6726 6751 6752
f 6752 6751 6687
f 6752 6687 6688
f 6681 6682 6745
f 6745 6682 6746
f 6682 6683 6746
f 6746 6683 6747
f 6683 6684 6747
f 6747 6684 6748
f 6684 6685 6748
f 6748 6685 6749
f 6685 6686 6749
f 6749 6686 6750
f 6686 6687 6750
f 6750 6687 6751
f 6752 6688 6753
f 6753 6688 6689
f 6753 6689 6754
f 6754 6689 6690
f 6754 6690 6755
f 6755 6690 6691
f 6755 6691 6692
f 6755 6692 6756
f 6756 6692 6693
f 6756 6693 6757
f 6757 6693 6694
f 6757 6694 6758
f 6758 6694 6695
f 6758 6695 6759
f 6759 6695 6696
f 6759 6696 6760
f 6760 6696 6697
f 6760 6697 6761
f 6761 6697 6698
f 6761 6698 6762
f 6762 6698 6699
f 6762 6699 6700
f 6762 6700 6763
f 6763 6700 6701
f 6763 6701 6764
f 6764 6701 6702
f 6764 6702 6765
f 6765 6702 6703
f 6765 6703 6766
f 6766 6703 6704
f 6766 6704 6767
f 6767 6704 6705
f 6767 6705 6768
f 6768 6705 6706
f 6768 6706 6612
f 6612 6706 6613
f 6612 6707 6768
f 6768 6707 6708
f 6768 6708 6767
f 6767 6708 6709
f 6767 6709 6766
f 6766 6709 6710
f 6766 6710 6765
f 6765 6710 6711
f 6765 6711 6764
f 6764 6711 6712
f 6764 6712 6763
f 6763 6712 6713
f 6763 6713 6762
f 6762 6713 6714
f 6762 6714 6715
f 6762 6715 6761
f 6761 6715 6716
f 6761 6716 6760
f 6760 6716 6717
f 6760 6717 6759
f 6759 6717 6718
f 6759 6718 6758
f 6758 6718 6719
f 6758 6719 6757
f 6757 6719 6720
f 6757 6720 6756
f 6756 6720 6721
f 6756 6721 6755
f 6755 6721 6722
f 6755 6722 6723
f 6755 6723 6754
f 6754 6723 6724
f 6754 6724 6753
f 6753 6724 6725
f 6753 6725 6752
f 6752 6725 6726
f 6744 6732 6743
f 6743 6732 6733
f 6743 6733 6742
f 6742 6733 6734
f 6742 6734 6741
f 6741 6734 6735
f 6741 6735 6740
f 6740 6735 6736
f 6740 6736 6738
f 6738 6736 6737
f 6738 6737 6739
f 6707 6612 6769
f 6769 6612 6611
f 6769 6611 6610
f 6610 6609 6769
f 6769 6609 6608
f 6769 6608 6607
f 6607 6606 6769
f 6769 6606 6605
f 6769 6605 6604
f 6604 6603 6769
f 6769 6603 6602
f 6769 6602 6601
f 6601 6600 6769
f 6769 6600 6599
f 6769 6599 6598
f 6598 6597 6769
f 6769 6597 6596
f 6769 6596 6595
f 6595 6594 6769
f 6769 6594 6593
f 6769 6593 6592
f 6592 6591 6769
f 6769 6591 6590
f 6769 6590 6589
f 6589 6588 6769
f 6769 6588 6587
f 6769 6587 6586
f 6586 6585 6769
f 6769 6585 6584
f 6769 6584 6583
f 6583 6582 6769
f 6769 6582 6581
f 6769 6581 6580
f 6580 6737 6769
f 6769 6737 6736
f 6769 6736 6735
f 6735 6734 6769
f 6769 6734 6733
f 6769 6733 6732
f 6732 6731 6769
f 6769 6731 6730
f 6769 6730 6729
f 6729 6728 6769
f 6769 6728 6727
f 6769 6727 6726
f 6726 6725 6769
f 6769 6725 6724
f 6769 6724 6723
f 6723 6722 6769
f 6769 6722 6721
f 6769 6721 6720
f 6720 6719 6769
f 6769 6719 6718
f 6769 6718 6717
f 6717 6716 6769
f 6769 6716 6715
f 6769 6715 6714
f 6714 6713 6769
f 6769 6713 6712
f 6769 6712 6711
f 6711 6710 6769
f 6769 6710 6709
f 6769 6709 6708
f 6708 6707 6769
f 6676 6579 6770
f 6770 6579 6644
f 6770 6644 6643
f 6643 6642 6770
f 6770 6642 6641
f 6770 6641 6640
f 6640 6639 6770
f 6770 6639 6638
f 6770 6638 6637
f 6637 6636 6770
f 6770 6636 6635
f 6770 6635 6634
f 6634 6633 6770
f 6770 6633 6632
f 6770 6632 6631
f 6631 6630 6770
f 6770 6630 6629
f 6770 6629 6628
f 6628 6627 6770
f 6770 6627 6626
f 6770 6626 6625
f 6625 6624 6770
f 6770 6624 6623
f 6770 6623 6622
f 6622 6621 6770
f 6770 6621 6620
f 6770 6620 6619
f 6619 6618 6770
f 6770 6618 6617
f 6770 6617 6616
f 6616 6615 6770
f 6770 6615 6614
f 6770 6614 6613
f 6613 6706 6770
f 6770 6706 6705
f 6770 6705 6704
f 6704 6703 6770
f 6770 6703 6702
f 6770 6702 6701
f 6701 6700 6770
f 6770 6700 6699
f 6770 6699 6698
f 6698 6697 6770
f 6770 6697 6696
f 6770 6696 6695
f 6695 6694 6770
f 6770 6694 6693
f 6770 6693 6692
f 6692 6691 6770
f 6770 6691 6690
f 6770 6690 6689
f 6689 6688 6770
f 6770 6688 6687
f 6770 6687 6686
f 6686 6685 6770
f 6770 6685 6684
f 6770 6684 6683
f 6683 6682 6770
f 6770 6682 6681
f 6770 6681 6680
f 6680 6679 6770
f 6770 6679 6678
f 6770 6678 6677
f 6677 6676 6770
g MeshBody35

v 32.830952 75.488800 1.320800
v 32.830952 75.488800 1.371600
v 32.834808 75.574387 1.371600
v 32.846855 75.662117 1.371600
v 32.867722 75.750885 1.371600
v 32.897831 75.839409 1.371600
v 32.937363 75.926277 1.371600
v 32.986214 76.010017 1.371600
v 33.043980 76.089157 1.371600
v 33.109936 76.162315 1.371600
v 33.183094 76.228279 1.371600
v 33.262238 76.286034 1.371600
v 33.345978 76.334892 1.371600
v 33.432846 76.374420 1.371600
v 33.521366 76.404533 1.371600
v 33.610134 76.425400 1.371600
v 33.697868 76.437447 1.371600
v 33.783455 76.441299 1.371600
v 33.869041 76.437447 1.371600
v 33.956772 76.425400 1.371600
v 34.045544 76.404533 1.371600
v 34.134064 76.374420 1.371600
v 34.220932 76.334892 1.371600
v 34.304672 76.286034 1.371600
v 34.383816 76.228279 1.371600
v 34.456974 76.162315 1.371600
v 34.522930 76.089157 1.371600
v 34.580692 76.010017 1.371600
v 34.629543 75.926277 1.371600
v 34.669079 75.839409 1.371600
v 34.699188 75.750885 1.371600
v 34.720055 75.662117 1.371600
v 34.732101 75.574387 1.371600
v 34.735954 75.488800 1.371600
v 34.735954 75.488800 1.320800
v 34.732101 75.574387 1.320800
v 34.720055 75.662117 1.320800
v 34.699188 75.750885 1.320800
v 34.669079 75.839409 1.320800
v 34.629543 75.926277 1.320800
v 34.580692 76.010017 1.320800
v 34.522930 76.089157 1.320800
v 34.456974 76.162315 1.320800
v 34.383816 76.228279 1.320800
v 34.304672 76.286034 1.320800
v 34.220932 76.334892 1.320800
v 34.134064 76.374420 1.320800
v 34.045544 76.404533 1.320800
v 33.956772 76.425400 1.320800
v 33.869041 76.437447 1.320800
v 33.783455 76.441299 1.320800
v 33.697868 76.437447 1.320800
v 33.610134 76.425400 1.320800
v 33.521366 76.404533 1.320800
v 33.432846 76.374420 1.320800
v 33.345978 76.334892 1.320800
v 33.262238 76.286034 1.320800
v 33.183094 76.228279 1.320800
v 33.109936 76.162315 1.320800
v 33.043980 76.089157 1.320800
v 32.986214 76.010017 1.320800
v 32.937363 75.926277 1.320800
v 32.897831 75.839409 1.320800
v 32.867722 75.750885 1.320800
v 32.846855 75.662117 1.320800
v 32.834808 75.574387 1.320800
v 32.836010 75.586807 1.346200
v 32.851894 75.687431 1.346200
v 32.879478 75.788933 1.346200
v 32.919266 75.889343 1.346200
v 32.971325 75.986496 1.346200
v 33.035206 76.078186 1.346200
v 33.109936 76.162315 1.346200
v 33.194065 76.237053 1.346200
v 33.285755 76.300926 1.346200
v 33.382908 76.352982 1.346200
v 33.483318 76.392776 1.346200
v 33.584824 76.420357 1.346200
v 33.685444 76.436241 1.346200
v 33.783455 76.441299 1.346200
v 33.881466 76.436241 1.346200
v 33.982086 76.420357 1.346200
v 34.058235 76.400803 1.346200
v 34.134064 76.374420 1.346200
v 34.208679 76.341118 1.346200
v 34.281155 76.300926 1.346200
v 34.350552 76.254082 1.346200
v 34.415974 76.200958 1.346200
v 34.476601 76.142097 1.346200
v 34.531704 76.078186 1.346200
v 34.580692 76.010017 1.346200
v 34.623131 75.938461 1.346200
v 34.658745 75.864464 1.346200
v 34.687431 75.788933 1.346200
v 34.709244 75.712791 1.346200
v 34.724373 75.636894 1.346200
v 34.733135 75.562004 1.346200
v 32.834808 75.403214 1.320800
v 32.846855 75.315475 1.320800
v 32.867722 75.226707 1.320800
v 32.897831 75.138191 1.320800
v 32.937363 75.051315 1.320800
v 32.986214 74.967583 1.320800
v 33.043980 74.888443 1.320800
v 33.109936 74.815285 1.320800
v 33.183094 74.749321 1.320800
v 33.262238 74.691559 1.320800
v 33.345978 74.642708 1.320800
v 33.432846 74.603180 1.320800
v 33.521366 74.573067 1.320800
v 33.610134 74.552200 1.320800
v 33.697868 74.540154 1.320800
v 33.783455 74.536301 1.320800
v 33.869041 74.540154 1.320800
v 33.956772 74.552200 1.320800
v 34.045544 74.573067 1.320800
v 34.134064 74.603180 1.320800
v 34.220932 74.642708 1.320800
v 34.304672 74.691559 1.320800
v 34.383816 74.749321 1.320800
v 34.456974 74.815285 1.320800
v 34.522930 74.888443 1.320800
v 34.580692 74.967583 1.320800
v 34.629543 75.051315 1.320800
v 34.669079 75.138191 1.320800
v 34.699188 75.226707 1.320800
v 34.720055 75.315475 1.320800
v 34.732101 75.403214 1.320800
v 34.732101 75.403214 1.371600
v 34.720055 75.315475 1.371600
v 34.699188 75.226707 1.371600
v 34.669079 75.138191 1.371600
v 34.629543 75.051315 1.371600
v 34.580692 74.967583 1.371600
v 34.522930 74.888443 1.371600
v 34.456974 74.815285 1.371600
v 34.383816 74.749321 1.371600
v 34.304672 74.691559 1.371600
v 34.220932 74.642708 1.371600
v 34.134064 74.603180 1.371600
v 34.045544 74.573067 1.371600
v 33.956772 74.552200 1.371600
v 33.869041 74.540154 1.371600
v 33.783455 74.536301 1.371600
v 33.697868 74.540154 1.371600
v 33.610134 74.552200 1.371600
v 33.521366 74.573067 1.371600
v 33.432846 74.603180 1.371600
v 33.345978 74.642708 1.371600
v 33.262238 74.691559 1.371600
v 33.183094 74.749321 1.371600
v 33.109936 74.815285 1.371600
v 33.043980 74.888443 1.371600
v 32.986214 74.967583 1.371600
v 32.937363 75.051315 1.371600
v 32.897831 75.138191 1.371600
v 32.867722 75.226707 1.371600
v 32.846855 75.315475 1.371600
v 32.834808 75.403214 1.371600
v 32.842537 75.340706 1.346200
v 32.833775 75.415596 1.346200
v 32.857666 75.264801 1.346200
v 32.879478 75.188660 1.346200
v 32.908161 75.113136 1.346200
v 32.943779 75.039131 1.346200
v 32.986214 74.967583 1.346200
v 33.035206 74.899406 1.346200
v 33.090309 74.835503 1.346200
v 33.150932 74.776634 1.346200
v 33.216358 74.723511 1.346200
v 33.285755 74.676674 1.346200
v 33.358231 74.636482 1.346200
v 33.432846 74.603180 1.346200
v 33.508675 74.576797 1.346200
v 33.584824 74.557243 1.346200
v 33.685444 74.541351 1.346200
v 33.783455 74.536301 1.346200
v 33.881466 74.541351 1.346200
v 33.982086 74.557243 1.346200
v 34.083591 74.584824 1.346200
v 34.184002 74.624611 1.346200
v 34.281155 74.676674 1.346200
v 34.372845 74.740547 1.346200
v 34.456974 74.815285 1.346200
v 34.531704 74.899406 1.346200
v 34.595585 74.991096 1.346200
v 34.647644 75.088257 1.346200
v 34.687431 75.188660 1.346200
v 34.715015 75.290169 1.346200
v 34.730900 75.390785 1.346200
v 33.783455 75.488800 1.371600
v 33.783455 75.488800 1.320800
f 6771 6772 6836
f 6836 6772 6837
f 6836 6837 6835
f 6835 6837 6838
f 6835 6838 6834
f 6834 6838 6839
f 6834 6839 6833
f 6833 6839 6840
f 6833 6840 6832
f 6832 6840 6841
f 6832 6841 6831
f 6831 6841 6842
f 6831 6842 6830
f 6830 6842 6843
f 6830 6843 6829
f 6829 6843 6828
f 6828 6843 6844
f 6828 6844 6827
f 6827 6844 6845
f 6827 6845 6826
f 6826 6845 6846
f 6826 6846 6825
f 6825 6846 6847
f 6825 6847 6824
f 6824 6847 6848
f 6824 6848 6823
f 6823 6848 6849
f 6823 6849 6822
f 6822 6849 6850
f 6822 6850 6821
f 6821 6850 6820
f 6820 6850 6851
f 6820 6851 6819
f 6819 6851 6852
f 6819 6852 6818
f 6818 6852 6853
f 6818 6853 6817
f 6817 6853 6854
f 6817 6854 6855
f 6855 6854 6792
f 6855 6792 6793
f 6772 6773 6837
f 6837 6773 6774
f 6837 6774 6838
f 6838 6774 6775
f 6838 6775 6839
f 6839 6775 6776
f 6839 6776 6840
f 6840 6776 6777
f 6840 6777 6841
f 6841 6777 6778
f 6841 6778 6842
f 6842 6778 6779
f 6842 6779 6843
f 6843 6779 6780
f 6843 6780 6781
f 6843 6781 6844
f 6844 6781 6782
f 6844 6782 6845
f 6845 6782 6783
f 6845 6783 6846
f 6846 6783 6784
f 6846 6784 6847
f 6847 6784 6785
f 6847 6785 6848
f 6848 6785 6786
f 6848 6786 6849
f 6849 6786 6787
f 6849 6787 6850
f 6850 6787 6788
f 6850 6788 6789
f 6850 6789 6851
f 6851 6789 6790
f 6851 6790 6852
f 6852 6790 6791
f 6852 6791 6853
f 6853 6791 6792
f 6853 6792 6854
f 6855 6793 6856
f 6856 6793 6794
f 6856 6794 6857
f 6857 6794 6795
f 6857 6795 6858
f 6858 6795 6796
f 6858 6796 6859
f 6859 6796 6797
f 6859 6797 6860
f 6860 6797 6798
f 6860 6798 6861
f 6861 6798 6862
f 6861 6862 6811
f 6811 6862 6810
f 6810 6862 6863
f 6810 6863 6809
f 6809 6863 6864
f 6809 6864 6808
f 6808 6864 6865
f 6808 6865 6807
f 6807 6865 6866
f 6807 6866 6806
f 6806 6866 6867
f 6806 6867 6805
f 6805 6867 6804
f 6804 6867 6803
f 6803 6867 6866
f 6803 6866 6802
f 6802 6866 6865
f 6802 6865 6801
f 6801 6865 6864
f 6801 6864 6800
f 6800 6864 6863
f 6800 6863 6799
f 6799 6863 6862
f 6799 6862 6798
f 6861 6811 6860
f 6860 6811 6812
f 6860 6812 6859
f 6859 6812 6813
f 6859 6813 6858
f 6858 6813 6814
f 6858 6814 6857
f 6857 6814 6815
f 6857 6815 6856
f 6856 6815 6816
f 6856 6816 6855
f 6855 6816 6817
f 6929 6772 6931
f 6931 6772 6771
f 6931 6771 6868
f 6931 6868 6930
f 6930 6868 6869
f 6930 6869 6932
f 6932 6869 6870
f 6932 6870 6933
f 6933 6870 6871
f 6933 6871 6934
f 6934 6871 6872
f 6934 6872 6935
f 6935 6872 6873
f 6935 6873 6936
f 6936 6873 6937
f 6936 6937 6924
f 6924 6937 6923
f 6923 6937 6938
f 6923 6938 6922
f 6922 6938 6939
f 6922 6939 6921
f 6921 6939 6940
f 6921 6940 6920
f 6920 6940 6941
f 6920 6941 6919
f 6919 6941 6942
f 6919 6942 6918
f 6918 6942 6943
f 6918 6943 6944
f 6944 6943 6879
f 6944 6879 6880
f 6873 6874 6937
f 6937 6874 6938
f 6874 6875 6938
f 6938 6875 6939
f 6875 6876 6939
f 6939 6876 6940
f 6876 6877 6940
f 6940 6877 6941
f 6877 6878 6941
f 6941 6878 6942
f 6878 6879 6942
f 6942 6879 6943
f 6944 6880 6945
f 6945 6880 6881
f 6945 6881 6946
f 6946 6881 6882
f 6946 6882 6947
f 6947 6882 6883
f 6947 6883 6884
f 6947 6884 6948
f 6948 6884 6885
f 6948 6885 6949
f 6949 6885 6886
f 6949 6886 6950
f 6950 6886 6887
f 6950 6887 6951
f 6951 6887 6888
f 6951 6888 6952
f 6952 6888 6889
f 6952 6889 6953
f 6953 6889 6890
f 6953 6890 6954
f 6954 6890 6891
f 6954 6891 6892
f 6954 6892 6955
f 6955 6892 6893
f 6955 6893 6956
f 6956 6893 6894
f 6956 6894 6957
f 6957 6894 6895
f 6957 6895 6958
f 6958 6895 6896
f 6958 6896 6959
f 6959 6896 6897
f 6959 6897 6960
f 6960 6897 6898
f 6960 6898 6804
f 6804 6898 6805
f 6804 6899 6960
f 6960 6899 6900
f 6960 6900 6959
f 6959 6900 6901
f 6959 6901 6958
f 6958 6901 6902
f 6958 6902 6957
f 6957 6902 6903
f 6957 6903 6956
f 6956 6903 6904
f 6956 6904 6955
f 6955 6904 6905
f 6955 6905 6954
f 6954 6905 6906
f 6954 6906 6907
f 6954 6907 6953
f 6953 6907 6908
f 6953 6908 6952
f 6952 6908 6909
f 6952 6909 6951
f 6951 6909 6910
f 6951 6910 6950
f 6950 6910 6911
f 6950 6911 6949
f 6949 6911 6912
f 6949 6912 6948
f 6948 6912 6913
f 6948 6913 6947
f 6947 6913 6914
f 6947 6914 6915
f 6947 6915 6946
f 6946 6915 6916
f 6946 6916 6945
f 6945 6916 6917
f 6945 6917 6944
f 6944 6917 6918
f 6936 6924 6935
f 6935 6924 6925
f 6935 6925 6934
f 6934 6925 6926
f 6934 6926 6933
f 6933 6926 6927
f 6933 6927 6932
f 6932 6927 6928
f 6932 6928 6930
f 6930 6928 6929
f 6930 6929 6931
f 6899 6804 6961
f 6961 6804 6803
f 6961 6803 6802
f 6802 6801 6961
f 6961 6801 6800
f 6961 6800 6799
f 6799 6798 6961
f 6961 6798 6797
f 6961 6797 6796
f 6796 6795 6961
f 6961 6795 6794
f 6961 6794 6793
f 6793 6792 6961
f 6961 6792 6791
f 6961 6791 6790
f 6790 6789 6961
f 6961 6789 6788
f 6961 6788 6787
f 6787 6786 6961
f 6961 6786 6785
f 6961 6785 6784
f 6784 6783 6961
f 6961 6783 6782
f 6961 6782 6781
f 6781 6780 6961
f 6961 6780 6779
f 6961 6779 6778
f 6778 6777 6961
f 6961 6777 6776
f 6961 6776 6775
f 6775 6774 6961
f 6961 6774 6773
f 6961 6773 6772
f 6772 6929 6961
f 6961 6929 6928
f 6961 6928 6927
f 6927 6926 6961
f 6961 6926 6925
f 6961 6925 6924
f 6924 6923 6961
f 6961 6923 6922
f 6961 6922 6921
f 6921 6920 6961
f 6961 6920 6919
f 6961 6919 6918
f 6918 6917 6961
f 6961 6917 6916
f 6961 6916 6915
f 6915 6914 6961
f 6961 6914 6913
f 6961 6913 6912
f 6912 6911 6961
f 6961 6911 6910
f 6961 6910 6909
f 6909 6908 6961
f 6961 6908 6907
f 6961 6907 6906
f 6906 6905 6961
f 6961 6905 6904
f 6961 6904 6903
f 6903 6902 6961
f 6961 6902 6901
f 6961 6901 6900
f 6900 6899 6961
f 6868 6771 6962
f 6962 6771 6836
f 6962 6836 6835
f 6835 6834 6962
f 6962 6834 6833
f 6962 6833 6832
f 6832 6831 6962
f 6962 6831 6830
f 6962 6830 6829
f 6829 6828 6962
f 6962 6828 6827
f 6962 6827 6826
f 6826 6825 6962
f 6962 6825 6824
f 6962 6824 6823
f 6823 6822 6962
f 6962 6822 6821
f 6962 6821 6820
f 6820 6819 6962
f 6962 6819 6818
f 6962 6818 6817
f 6817 6816 6962
f 6962 6816 6815
f 6962 6815 6814
f 6814 6813 6962
f 6962 6813 6812
f 6962 6812 6811
f 6811 6810 6962
f 6962 6810 6809
f 6962 6809 6808
f 6808 6807 6962
f 6962 6807 6806
f 6962 6806 6805
f 6805 6898 6962
f 6962 6898 6897
f 6962 6897 6896
f 6896 6895 6962
f 6962 6895 6894
f 6962 6894 6893
f 6893 6892 6962
f 6962 6892 6891
f 6962 6891 6890
f 6890 6889 6962
f 6962 6889 6888
f 6962 6888 6887
f 6887 6886 6962
f 6962 6886 6885
f 6962 6885 6884
f 6884 6883 6962
f 6962 6883 6882
f 6962 6882 6881
f 6881 6880 6962
f 6962 6880 6879
f 6962 6879 6878
f 6878 6877 6962
f 6962 6877 6876
f 6962 6876 6875
f 6875 6874 6962
f 6962 6874 6873
f 6962 6873 6872
f 6872 6871 6962
f 6962 6871 6870
f 6962 6870 6869
f 6869 6868 6962
g MeshBody36

v 57.926155 75.488800 1.320800
v 57.926155 75.488800 1.371600
v 57.930004 75.574387 1.371600
v 57.942055 75.662117 1.371600
v 57.962921 75.750885 1.371600
v 57.993031 75.839409 1.371600
v 58.032562 75.926277 1.371600
v 58.081413 76.010017 1.371600
v 58.139179 76.089157 1.371600
v 58.205132 76.162315 1.371600
v 58.278297 76.228279 1.371600
v 58.357433 76.286034 1.371600
v 58.441174 76.334892 1.371600
v 58.528046 76.374420 1.371600
v 58.616566 76.404533 1.371600
v 58.705334 76.425400 1.371600
v 58.793068 76.437447 1.371600
v 58.878654 76.441299 1.371600
v 58.964241 76.437447 1.371600
v 59.051975 76.425400 1.371600
v 59.140739 76.404533 1.371600
v 59.229267 76.374420 1.371600
v 59.316132 76.334892 1.371600
v 59.399872 76.286034 1.371600
v 59.479015 76.228279 1.371600
v 59.552174 76.162315 1.371600
v 59.618130 76.089157 1.371600
v 59.675892 76.010017 1.371600
v 59.724747 75.926277 1.371600
v 59.764278 75.839409 1.371600
v 59.794388 75.750885 1.371600
v 59.815254 75.662117 1.371600
v 59.827301 75.574387 1.371600
v 59.831154 75.488800 1.371600
v 59.831154 75.488800 1.320800
v 59.827301 75.574387 1.320800
v 59.815254 75.662117 1.320800
v 59.794388 75.750885 1.320800
v 59.764278 75.839409 1.320800
v 59.724747 75.926277 1.320800
v 59.675892 76.010017 1.320800
v 59.618130 76.089157 1.320800
v 59.552174 76.162315 1.320800
v 59.479015 76.228279 1.320800
v 59.399872 76.286034 1.320800
v 59.316132 76.334892 1.320800
v 59.229267 76.374420 1.320800
v 59.140739 76.404533 1.320800
v 59.051975 76.425400 1.320800
v 58.964241 76.437447 1.320800
v 58.878654 76.441299 1.320800
v 58.793068 76.437447 1.320800
v 58.705334 76.425400 1.320800
v 58.616566 76.404533 1.320800
v 58.528046 76.374420 1.320800
v 58.441174 76.334892 1.320800
v 58.357433 76.286034 1.320800
v 58.278297 76.228279 1.320800
v 58.205132 76.162315 1.320800
v 58.139179 76.089157 1.320800
v 58.081413 76.010017 1.320800
v 58.032562 75.926277 1.320800
v 57.993031 75.839409 1.320800
v 57.962921 75.750885 1.320800
v 57.942055 75.662117 1.320800
v 57.930004 75.574387 1.320800
v 57.931210 75.586807 1.346200
v 57.947098 75.687431 1.346200
v 57.974678 75.788933 1.346200
v 58.014465 75.889343 1.346200
v 58.066528 75.986496 1.346200
v 58.130405 76.078186 1.346200
v 58.205132 76.162315 1.346200
v 58.289265 76.237053 1.346200
v 58.380955 76.300926 1.346200
v 58.478111 76.352982 1.346200
v 58.578518 76.392776 1.346200
v 58.680023 76.420357 1.346200
v 58.780640 76.436241 1.346200
v 58.878654 76.441299 1.346200
v 58.976665 76.436241 1.346200
v 59.077286 76.420357 1.346200
v 59.153435 76.400803 1.346200
v 59.229267 76.374420 1.346200
v 59.303879 76.341118 1.346200
v 59.376350 76.300926 1.346200
v 59.445751 76.254082 1.346200
v 59.511177 76.200958 1.346200
v 59.571804 76.142097 1.346200
v 59.626904 76.078186 1.346200
v 59.675892 76.010017 1.346200
v 59.718330 75.938461 1.346200
v 59.753944 75.864464 1.346200
v 59.782631 75.788933 1.346200
v 59.804440 75.712791 1.346200
v 59.819569 75.636894 1.346200
v 59.828339 75.562004 1.346200
v 57.930004 75.403214 1.320800
v 57.942055 75.315475 1.320800
v 57.962921 75.226707 1.320800
v 57.993031 75.138191 1.320800
v 58.032562 75.051315 1.320800
v 58.081413 74.967583 1.320800
v 58.139179 74.888443 1.320800
v 58.205132 74.815285 1.320800
v 58.278297 74.749321 1.320800
v 58.357433 74.691559 1.320800
v 58.441174 74.642708 1.320800
v 58.528046 74.603180 1.320800
v 58.616566 74.573067 1.320800
v 58.705334 74.552200 1.320800
v 58.793068 74.540154 1.320800
v 58.878654 74.536301 1.320800
v 58.964241 74.540154 1.320800
v 59.051975 74.552200 1.320800
v 59.140739 74.573067 1.320800
v 59.229267 74.603180 1.320800
v 59.316132 74.642708 1.320800
v 59.399872 74.691559 1.320800
v 59.479015 74.749321 1.320800
v 59.552174 74.815285 1.320800
v 59.618130 74.888443 1.320800
v 59.675892 74.967583 1.320800
v 59.724747 75.051315 1.320800
v 59.764278 75.138191 1.320800
v 59.794388 75.226707 1.320800
v 59.815254 75.315475 1.320800
v 59.827301 75.403214 1.320800
v 59.827301 75.403214 1.371600
v 59.815254 75.315475 1.371600
v 59.794388 75.226707 1.371600
v 59.764278 75.138191 1.371600
v 59.724747 75.051315 1.371600
v 59.675892 74.967583 1.371600
v 59.618130 74.888443 1.371600
v 59.552174 74.815285 1.371600
v 59.479015 74.749321 1.371600
v 59.399872 74.691559 1.371600
v 59.316132 74.642708 1.371600
v 59.229267 74.603180 1.371600
v 59.140739 74.573067 1.371600
v 59.051975 74.552200 1.371600
v 58.964241 74.540154 1.371600
v 58.878654 74.536301 1.371600
v 58.793068 74.540154 1.371600
v 58.705334 74.552200 1.371600
v 58.616566 74.573067 1.371600
v 58.528046 74.603180 1.371600
v 58.441174 74.642708 1.371600
v 58.357433 74.691559 1.371600
v 58.278297 74.749321 1.371600
v 58.205132 74.815285 1.371600
v 58.139179 74.888443 1.371600
v 58.081413 74.967583 1.371600
v 58.032562 75.051315 1.371600
v 57.993031 75.138191 1.371600
v 57.962921 75.226707 1.371600
v 57.942055 75.315475 1.371600
v 57.930004 75.403214 1.371600
v 57.937737 75.340706 1.346200
v 57.928974 75.415596 1.346200
v 57.952866 75.264801 1.346200
v 57.974678 75.188660 1.346200
v 58.003365 75.113136 1.346200
v 58.038975 75.039131 1.346200
v 58.081413 74.967583 1.346200
v 58.130405 74.899406 1.346200
v 58.185509 74.835503 1.346200
v 58.246132 74.776634 1.346200
v 58.311558 74.723511 1.346200
v 58.380955 74.676674 1.346200
v 58.453426 74.636482 1.346200
v 58.528046 74.603180 1.346200
v 58.603874 74.576797 1.346200
v 58.680023 74.557243 1.346200
v 58.780640 74.541351 1.346200
v 58.878654 74.536301 1.346200
v 58.976665 74.541351 1.346200
v 59.077286 74.557243 1.346200
v 59.178791 74.584824 1.346200
v 59.279202 74.624611 1.346200
v 59.376350 74.676674 1.346200
v 59.468040 74.740547 1.346200
v 59.552174 74.815285 1.346200
v 59.626904 74.899406 1.346200
v 59.690784 74.991096 1.346200
v 59.742840 75.088257 1.346200
v 59.782631 75.188660 1.346200
v 59.810215 75.290169 1.346200
v 59.826099 75.390785 1.346200
v 58.878654 75.488800 1.371600
v 58.878654 75.488800 1.320800
f 6963 6964 7028
f 7028 6964 7029
f 7028 7029 7027
f 7027 7029 7030
f 7027 7030 7026
f 7026 7030 7031
f 7026 7031 7025
f 7025 7031 7032
f 7025 7032 7024
f 7024 7032 7033
f 7024 7033 7023
f 7023 7033 7034
f 7023 7034 7022
f 7022 7034 7035
f 7022 7035 7021
f 7021 7035 7020
f 7020 7035 7036
f 7020 7036 7019
f 7019 7036 7037
f 7019 7037 7018
f 7018 7037 7038
f 7018 7038 7017
f 7017 7038 7039
f 7017 7039 7016
f 7016 7039 7040
f 7016 7040 7015
f 7015 7040 7041
f 7015 7041 7014
f 7014 7041 7042
f 7014 7042 7013
f 7013 7042 7012
f 7012 7042 7043
f 7012 7043 7011
f 7011 7043 7044
f 7011 7044 7010
f 7010 7044 7045
f 7010 7045 7009
f 7009 7045 7046
f 7009 7046 7047
f 7047 7046 6984
f 7047 6984 6985
f 6964 6965 7029
f 7029 6965 6966
f 7029 6966 7030
f 7030 6966 6967
f 7030 6967 7031
f 7031 6967 6968
f 7031 6968 7032
f 7032 6968 6969
f 7032 6969 7033
f 7033 6969 6970
f 7033 6970 7034
f 7034 6970 6971
f 7034 6971 7035
f 7035 6971 6972
f 7035 6972 6973
f 7035 6973 7036
f 7036 6973 6974
f 7036 6974 7037
f 7037 6974 6975
f 7037 6975 7038
f 7038 6975 6976
f 7038 6976 7039
f 7039 6976 6977
f 7039 6977 7040
f 7040 6977 6978
f 7040 6978 7041
f 7041 6978 6979
f 7041 6979 7042
f 7042 6979 6980
f 7042 6980 6981
f 7042 6981 7043
f 7043 6981 6982
f 7043 6982 7044
f 7044 6982 6983
f 7044 6983 7045
f 7045 6983 6984
f 7045 6984 7046
f 7047 6985 7048
f 7048 6985 6986
f 7048 6986 7049
f 7049 6986 6987
f 7049 6987 7050
f 7050 6987 6988
f 7050 6988 7051
f 7051 6988 6989
f 7051 6989 7052
f 7052 6989 6990
f 7052 6990 7053
f 7053 6990 7054
f 7053 7054 7003
f 7003 7054 7002
f 7002 7054 7055
f 7002 7055 7001
f 7001 7055 7056
f 7001 7056 7000
f 7000 7056 7057
f 7000 7057 6999
f 6999 7057 7058
f 6999 7058 6998
f 6998 7058 7059
f 6998 7059 6997
f 6997 7059 6996
f 6996 7059 6995
f 6995 7059 7058
f 6995 7058 6994
f 6994 7058 7057
f 6994 7057 6993
f 6993 7057 7056
f 6993 7056 6992
f 6992 7056 7055
f 6992 7055 6991
f 6991 7055 7054
f 6991 7054 6990
f 7053 7003 7052
f 7052 7003 7004
f 7052 7004 7051
f 7051 7004 7005
f 7051 7005 7050
f 7050 7005 7006
f 7050 7006 7049
f 7049 7006 7007
f 7049 7007 7048
f 7048 7007 7008
f 7048 7008 7047
f 7047 7008 7009
f 7121 6964 7123
f 7123 6964 6963
f 7123 6963 7060
f 7123 7060 7122
f 7122 7060 7061
f 7122 7061 7124
f 7124 7061 7062
f 7124 7062 7125
f 7125 7062 7063
f 7125 7063 7126
f 7126 7063 7064
f 7126 7064 7127
f 7127 7064 7065
f 7127 7065 7128
f 7128 7065 7129
f 7128 7129 7116
f 7116 7129 7115
f 7115 7129 7130
f 7115 7130 7114
f 7114 7130 7131
f 7114 7131 7113
f 7113 7131 7132
f 7113 7132 7112
f 7112 7132 7133
f 7112 7133 7111
f 7111 7133 7134
f 7111 7134 7110
f 7110 7134 7135
f 7110 7135 7136
f 7136 7135 7071
f 7136 7071 7072
f 7065 7066 7129
f 7129 7066 7130
f 7066 7067 7130
f 7130 7067 7131
f 7067 7068 7131
f 7131 7068 7132
f 7068 7069 7132
f 7132 7069 7133
f 7069 7070 7133
f 7133 7070 7134
f 7070 7071 7134
f 7134 7071 7135
f 7136 7072 7137
f 7137 7072 7073
f 7137 7073 7138
f 7138 7073 7074
f 7138 7074 7139
f 7139 7074 7075
f 7139 7075 7076
f 7139 7076 7140
f 7140 7076 7077
f 7140 7077 7141
f 7141 7077 7078
f 7141 7078 7142
f 7142 7078 7079
f 7142 7079 7143
f 7143 7079 7080
f 7143 7080 7144
f 7144 7080 7081
f 7144 7081 7145
f 7145 7081 7082
f 7145 7082 7146
f 7146 7082 7083
f 7146 7083 7084
f 7146 7084 7147
f 7147 7084 7085
f 7147 7085 7148
f 7148 7085 7086
f 7148 7086 7149
f 7149 7086 7087
f 7149 7087 7150
f 7150 7087 7088
f 7150 7088 7151
f 7151 7088 7089
f 7151 7089 7152
f 7152 7089 7090
f 7152 7090 6996
f 6996 7090 6997
f 6996 7091 7152
f 7152 7091 7092
f 7152 7092 7151
f 7151 7092 7093
f 7151 7093 7150
f 7150 7093 7094
f 7150 7094 7149
f 7149 7094 7095
f 7149 7095 7148
f 7148 7095 7096
f 7148 7096 7147
f 7147 7096 7097
f 7147 7097 7146
f 7146 7097 7098
f 7146 7098 7099
f 7146 7099 7145
f 7145 7099 7100
f 7145 7100 7144
f 7144 7100 7101
f 7144 7101 7143
f 7143 7101 7102
f 7143 7102 7142
f 7142 7102 7103
f 7142 7103 7141
f 7141 7103 7104
f 7141 7104 7140
f 7140 7104 7105
f 7140 7105 7139
f 7139 7105 7106
f 7139 7106 7107
f 7139 7107 7138
f 7138 7107 7108
f 7138 7108 7137
f 7137 7108 7109
f 7137 7109 7136
f 7136 7109 7110
f 7128 7116 7127
f 7127 7116 7117
f 7127 7117 7126
f 7126 7117 7118
f 7126 7118 7125
f 7125 7118 7119
f 7125 7119 7124
f 7124 7119 7120
f 7124 7120 7122
f 7122 7120 7121
f 7122 7121 7123
f 7091 6996 7153
f 7153 6996 6995
f 7153 6995 6994
f 6994 6993 7153
f 7153 6993 6992
f 7153 6992 6991
f 6991 6990 7153
f 7153 6990 6989
f 7153 6989 6988
f 6988 6987 7153
f 7153 6987 6986
f 7153 6986 6985
f 6985 6984 7153
f 7153 6984 6983
f 7153 6983 6982
f 6982 6981 7153
f 7153 6981 6980
f 7153 6980 6979
f 6979 6978 7153
f 7153 6978 6977
f 7153 6977 6976
f 6976 6975 7153
f 7153 6975 6974
f 7153 6974 6973
f 6973 6972 7153
f 7153 6972 6971
f 7153 6971 6970
f 6970 6969 7153
f 7153 6969 6968
f 7153 6968 6967
f 6967 6966 7153
f 7153 6966 6965
f 7153 6965 6964
f 6964 7121 7153
f 7153 7121 7120
f 7153 7120 7119
f 7119 7118 7153
f 7153 7118 7117
f 7153 7117 7116
f 7116 7115 7153
f 7153 7115 7114
f 7153 7114 7113
f 7113 7112 7153
f 7153 7112 7111
f 7153 7111 7110
f 7110 7109 7153
f 7153 7109 7108
f 7153 7108 7107
f 7107 7106 7153
f 7153 7106 7105
f 7153 7105 7104
f 7104 7103 7153
f 7153 7103 7102
f 7153 7102 7101
f 7101 7100 7153
f 7153 7100 7099
f 7153 7099 7098
f 7098 7097 7153
f 7153 7097 7096
f 7153 7096 7095
f 7095 7094 7153
f 7153 7094 7093
f 7153 7093 7092
f 7092 7091 7153
f 7060 6963 7154
f 7154 6963 7028
f 7154 7028 7027
f 7027 7026 7154
f 7154 7026 7025
f 7154 7025 7024
f 7024 7023 7154
f 7154 7023 7022
f 7154 7022 7021
f 7021 7020 7154
f 7154 7020 7019
f 7154 7019 7018
f 7018 7017 7154
f 7154 7017 7016
f 7154 7016 7015
f 7015 7014 7154
f 7154 7014 7013
f 7154 7013 7012
f 7012 7011 7154
f 7154 7011 7010
f 7154 7010 7009
f 7009 7008 7154
f 7154 7008 7007
f 7154 7007 7006
f 7006 7005 7154
f 7154 7005 7004
f 7154 7004 7003
f 7003 7002 7154
f 7154 7002 7001
f 7154 7001 7000
f 7000 6999 7154
f 7154 6999 6998
f 7154 6998 6997
f 6997 7090 7154
f 7154 7090 7089
f 7154 7089 7088
f 7088 7087 7154
f 7154 7087 7086
f 7154 7086 7085
f 7085 7084 7154
f 7154 7084 7083
f 7154 7083 7082
f 7082 7081 7154
f 7154 7081 7080
f 7154 7080 7079
f 7079 7078 7154
f 7154 7078 7077
f 7154 7077 7076
f 7076 7075 7154
f 7154 7075 7074
f 7154 7074 7073
f 7073 7072 7154
f 7154 7072 7071
f 7154 7071 7070
f 7070 7069 7154
f 7154 7069 7068
f 7154 7068 7067
f 7067 7066 7154
f 7154 7066 7065
f 7154 7065 7064
f 7064 7063 7154
f 7154 7063 7062
f 7154 7062 7061
f 7061 7060 7154
g MeshBody37

v 208.497345 221.284805 1.320800
v 208.497345 221.284805 1.371600
v 208.501205 221.370377 1.371600
v 208.513260 221.458115 1.371600
v 208.534134 221.546875 1.371600
v 208.564224 221.635406 1.371600
v 208.603760 221.722275 1.371600
v 208.652603 221.806015 1.371600
v 208.710373 221.885147 1.371600
v 208.776321 221.958313 1.371600
v 208.849503 222.024277 1.371600
v 208.928635 222.082047 1.371600
v 209.012375 222.130890 1.371600
v 209.099243 222.170425 1.371600
v 209.187775 222.200516 1.371600
v 209.276520 222.221390 1.371600
v 209.364273 222.233444 1.371600
v 209.449844 222.237305 1.371600
v 209.535446 222.233444 1.371600
v 209.623169 222.221390 1.371600
v 209.711945 222.200516 1.371600
v 209.800461 222.170425 1.371600
v 209.887314 222.130890 1.371600
v 209.971069 222.082047 1.371600
v 210.050217 222.024277 1.371600
v 210.123367 221.958313 1.371600
v 210.189331 221.885147 1.371600
v 210.247086 221.806015 1.371600
v 210.295944 221.722275 1.371600
v 210.335480 221.635406 1.371600
v 210.365585 221.546875 1.371600
v 210.386459 221.458115 1.371600
v 210.398499 221.370377 1.371600
v 210.402344 221.284805 1.371600
v 210.402344 221.284805 1.320800
v 210.398499 221.370377 1.320800
v 210.386459 221.458115 1.320800
v 210.365585 221.546875 1.320800
v 210.335480 221.635406 1.320800
v 210.295944 221.722275 1.320800
v 210.247086 221.806015 1.320800
v 210.189331 221.885147 1.320800
v 210.123367 221.958313 1.320800
v 210.050217 222.024277 1.320800
v 209.971069 222.082047 1.320800
v 209.887314 222.130890 1.320800
v 209.800461 222.170425 1.320800
v 209.711945 222.200516 1.320800
v 209.623169 222.221390 1.320800
v 209.535446 222.233444 1.320800
v 209.449844 222.237305 1.320800
v 209.364273 222.233444 1.320800
v 209.276520 222.221390 1.320800
v 209.187775 222.200516 1.320800
v 209.099243 222.170425 1.320800
v 209.012375 222.130890 1.320800
v 208.928635 222.082047 1.320800
v 208.849503 222.024277 1.320800
v 208.776321 221.958313 1.320800
v 208.710373 221.885147 1.320800
v 208.652603 221.806015 1.320800
v 208.603760 221.722275 1.320800
v 208.564224 221.635406 1.320800
v 208.534134 221.546875 1.320800
v 208.513260 221.458115 1.320800
v 208.501205 221.370377 1.320800
v 208.502411 221.382797 1.346200
v 208.518295 221.483429 1.346200
v 208.545868 221.584946 1.346200
v 208.585663 221.685349 1.346200
v 208.637726 221.782486 1.346200
v 208.701599 221.874191 1.346200
v 208.776321 221.958313 1.346200
v 208.860458 222.033051 1.346200
v 208.952148 222.096924 1.346200
v 209.049316 222.148972 1.346200
v 209.149704 222.188782 1.346200
v 209.251221 222.216354 1.346200
v 209.351837 222.232239 1.346200
v 209.449844 222.237305 1.346200
v 209.547867 222.232239 1.346200
v 209.648483 222.216354 1.346200
v 209.724640 222.196808 1.346200
v 209.800461 222.170425 1.346200
v 209.875076 222.137115 1.346200
v 209.947556 222.096924 1.346200
v 210.016953 222.050079 1.346200
v 210.082367 221.996948 1.346200
v 210.143005 221.938095 1.346200
v 210.198090 221.874191 1.346200
v 210.247086 221.806015 1.346200
v 210.289520 221.734467 1.346200
v 210.325150 221.660461 1.346200
v 210.353821 221.584946 1.346200
v 210.375641 221.508804 1.346200
v 210.390762 221.432892 1.346200
v 210.399536 221.358002 1.346200
v 208.501205 221.199203 1.320800
v 208.513260 221.111481 1.320800
v 208.534134 221.022705 1.320800
v 208.564224 220.934189 1.320800
v 208.603760 220.847305 1.320800
v 208.652603 220.763580 1.320800
v 208.710373 220.684433 1.320800
v 208.776321 220.611282 1.320800
v 208.849503 220.545319 1.320800
v 208.928635 220.487564 1.320800
v 209.012375 220.438705 1.320800
v 209.099243 220.399185 1.320800
v 209.187775 220.369064 1.320800
v 209.276520 220.348190 1.320800
v 209.364273 220.336136 1.320800
v 209.449844 220.332306 1.320800
v 209.535446 220.336136 1.320800
v 209.623169 220.348190 1.320800
v 209.711945 220.369064 1.320800
v 209.800461 220.399185 1.320800
v 209.887314 220.438705 1.320800
v 209.971069 220.487564 1.320800
v 210.050217 220.545319 1.320800
v 210.123367 220.611282 1.320800
v 210.189331 220.684433 1.320800
v 210.247086 220.763580 1.320800
v 210.295944 220.847305 1.320800
v 210.335480 220.934189 1.320800
v 210.365585 221.022705 1.320800
v 210.386459 221.111481 1.320800
v 210.398499 221.199203 1.320800
v 210.398499 221.199203 1.371600
v 210.386459 221.111481 1.371600
v 210.365585 221.022705 1.371600
v 210.335480 220.934189 1.371600
v 210.295944 220.847305 1.371600
v 210.247086 220.763580 1.371600
v 210.189331 220.684433 1.371600
v 210.123367 220.611282 1.371600
v 210.050217 220.545319 1.371600
v 209.971069 220.487564 1.371600
v 209.887314 220.438705 1.371600
v 209.800461 220.399185 1.371600
v 209.711945 220.369064 1.371600
v 209.623169 220.348190 1.371600
v 209.535446 220.336136 1.371600
v 209.449844 220.332306 1.371600
v 209.364273 220.336136 1.371600
v 209.276520 220.348190 1.371600
v 209.187775 220.369064 1.371600
v 209.099243 220.399185 1.371600
v 209.012375 220.438705 1.371600
v 208.928635 220.487564 1.371600
v 208.849503 220.545319 1.371600
v 208.776321 220.611282 1.371600
v 208.710373 220.684433 1.371600
v 208.652603 220.763580 1.371600
v 208.603760 220.847305 1.371600
v 208.564224 220.934189 1.371600
v 208.534134 221.022705 1.371600
v 208.513260 221.111481 1.371600
v 208.501205 221.199203 1.371600
v 208.508942 221.136688 1.346200
v 208.500183 221.211594 1.346200
v 208.524078 221.060806 1.346200
v 208.545868 220.984665 1.346200
v 208.574554 220.909134 1.346200
v 208.610168 220.835129 1.346200
v 208.652603 220.763580 1.346200
v 208.701599 220.695404 1.346200
v 208.756714 220.631485 1.346200
v 208.817322 220.572632 1.346200
v 208.882751 220.519516 1.346200
v 208.952148 220.472656 1.346200
v 209.024628 220.432495 1.346200
v 209.099243 220.399185 1.346200
v 209.175079 220.372787 1.346200
v 209.251221 220.353226 1.346200
v 209.351837 220.337357 1.346200
v 209.449844 220.332306 1.346200
v 209.547867 220.337357 1.346200
v 209.648483 220.353226 1.346200
v 209.749985 220.380829 1.346200
v 209.850403 220.420609 1.346200
v 209.947556 220.472656 1.346200
v 210.039246 220.536560 1.346200
v 210.123367 220.611282 1.346200
v 210.198090 220.695404 1.346200
v 210.261993 220.787094 1.346200
v 210.314041 220.884247 1.346200
v 210.353821 220.984665 1.346200
v 210.381424 221.086166 1.346200
v 210.397293 221.186783 1.346200
v 209.449844 221.284805 1.371600
v 209.449844 221.284805 1.320800
f 7155 7156 7220
f 7220 7156 7221
f 7220 7221 7219
f 7219 7221 7222
f 7219 7222 7218
f 7218 7222 7223
f 7218 7223 7217
f 7217 7223 7224
f 7217 7224 7216
f 7216 7224 7225
f 7216 7225 7215
f 7215 7225 7226
f 7215 7226 7214
f 7214 7226 7227
f 7214 7227 7213
f 7213 7227 7212
f 7212 7227 7228
f 7212 7228 7211
f 7211 7228 7229
f 7211 7229 7210
f 7210 7229 7230
f 7210 7230 7209
f 7209 7230 7231
f 7209 7231 7208
f 7208 7231 7232
f 7208 7232 7207
f 7207 7232 7233
f 7207 7233 7206
f 7206 7233 7234
f 7206 7234 7205
f 7205 7234 7204
f 7204 7234 7235
f 7204 7235 7203
f 7203 7235 7236
f 7203 7236 7202
f 7202 7236 7237
f 7202 7237 7201
f 7201 7237 7238
f 7201 7238 7239
f 7239 7238 7176
f 7239 7176 7177
f 7156 7157 7221
f 7221 7157 7158
f 7221 7158 7222
f 7222 7158 7159
f 7222 7159 7223
f 7223 7159 7160
f 7223 7160 7224
f 7224 7160 7161
f 7224 7161 7225
f 7225 7161 7162
f 7225 7162 7226
f 7226 7162 7163
f 7226 7163 7227
f 7227 7163 7164
f 7227 7164 7165
f 7227 7165 7228
f 7228 7165 7166
f 7228 7166 7229
f 7229 7166 7167
f 7229 7167 7230
f 7230 7167 7168
f 7230 7168 7231
f 7231 7168 7169
f 7231 7169 7232
f 7232 7169 7170
f 7232 7170 7233
f 7233 7170 7171
f 7233 7171 7234
f 7234 7171 7172
f 7234 7172 7173
f 7234 7173 7235
f 7235 7173 7174
f 7235 7174 7236
f 7236 7174 7175
f 7236 7175 7237
f 7237 7175 7176
f 7237 7176 7238
f 7239 7177 7240
f 7240 7177 7178
f 7240 7178 7241
f 7241 7178 7179
f 7241 7179 7242
f 7242 7179 7180
f 7242 7180 7243
f 7243 7180 7181
f 7243 7181 7244
f 7244 7181 7182
f 7244 7182 7245
f 7245 7182 7246
f 7245 7246 7195
f 7195 7246 7194
f 7194 7246 7247
f 7194 7247 7193
f 7193 7247 7248
f 7193 7248 7192
f 7192 7248 7249
f 7192 7249 7191
f 7191 7249 7250
f 7191 7250 7190
f 7190 7250 7251
f 7190 7251 7189
f 7189 7251 7188
f 7188 7251 7187
f 7187 7251 7250
f 7187 7250 7186
f 7186 7250 7249
f 7186 7249 7185
f 7185 7249 7248
f 7185 7248 7184
f 7184 7248 7247
f 7184 7247 7183
f 7183 7247 7246
f 7183 7246 7182
f 7245 7195 7244
f 7244 7195 7196
f 7244 7196 7243
f 7243 7196 7197
f 7243 7197 7242
f 7242 7197 7198
f 7242 7198 7241
f 7241 7198 7199
f 7241 7199 7240
f 7240 7199 7200
f 7240 7200 7239
f 7239 7200 7201
f 7313 7156 7315
f 7315 7156 7155
f 7315 7155 7252
f 7315 7252 7314
f 7314 7252 7253
f 7314 7253 7316
f 7316 7253 7254
f 7316 7254 7317
f 7317 7254 7255
f 7317 7255 7318
f 7318 7255 7256
f 7318 7256 7319
f 7319 7256 7257
f 7319 7257 7320
f 7320 7257 7321
f 7320 7321 7308
f 7308 7321 7307
f 7307 7321 7322
f 7307 7322 7306
f 7306 7322 7323
f 7306 7323 7305
f 7305 7323 7324
f 7305 7324 7304
f 7304 7324 7325
f 7304 7325 7303
f 7303 7325 7326
f 7303 7326 7302
f 7302 7326 7327
f 7302 7327 7328
f 7328 7327 7263
f 7328 7263 7264
f 7257 7258 7321
f 7321 7258 7322
f 7258 7259 7322
f 7322 7259 7323
f 7259 7260 7323
f 7323 7260 7324
f 7260 7261 7324
f 7324 7261 7325
f 7261 7262 7325
f 7325 7262 7326
f 7262 7263 7326
f 7326 7263 7327
f 7328 7264 7329
f 7329 7264 7265
f 7329 7265 7330
f 7330 7265 7266
f 7330 7266 7331
f 7331 7266 7267
f 7331 7267 7268
f 7331 7268 7332
f 7332 7268 7269
f 7332 7269 7333
f 7333 7269 7270
f 7333 7270 7334
f 7334 7270 7271
f 7334 7271 7335
f 7335 7271 7272
f 7335 7272 7336
f 7336 7272 7273
f 7336 7273 7337
f 7337 7273 7274
f 7337 7274 7338
f 7338 7274 7275
f 7338 7275 7276
f 7338 7276 7339
f 7339 7276 7277
f 7339 7277 7340
f 7340 7277 7278
f 7340 7278 7341
f 7341 7278 7279
f 7341 7279 7342
f 7342 7279 7280
f 7342 7280 7343
f 7343 7280 7281
f 7343 7281 7344
f 7344 7281 7282
f 7344 7282 7188
f 7188 7282 7189
f 7188 7283 7344
f 7344 7283 7284
f 7344 7284 7343
f 7343 7284 7285
f 7343 7285 7342
f 7342 7285 7286
f 7342 7286 7341
f 7341 7286 7287
f 7341 7287 7340
f 7340 7287 7288
f 7340 7288 7339
f 7339 7288 7289
f 7339 7289 7338
f 7338 7289 7290
f 7338 7290 7291
f 7338 7291 7337
f 7337 7291 7292
f 7337 7292 7336
f 7336 7292 7293
f 7336 7293 7335
f 7335 7293 7294
f 7335 7294 7334
f 7334 7294 7295
f 7334 7295 7333
f 7333 7295 7296
f 7333 7296 7332
f 7332 7296 7297
f 7332 7297 7331
f 7331 7297 7298
f 7331 7298 7299
f 7331 7299 7330
f 7330 7299 7300
f 7330 7300 7329
f 7329 7300 7301
f 7329 7301 7328
f 7328 7301 7302
f 7320 7308 7319
f 7319 7308 7309
f 7319 7309 7318
f 7318 7309 7310
f 7318 7310 7317
f 7317 7310 7311
f 7317 7311 7316
f 7316 7311 7312
f 7316 7312 7314
f 7314 7312 7313
f 7314 7313 7315
f 7283 7188 7345
f 7345 7188 7187
f 7345 7187 7186
f 7186 7185 7345
f 7345 7185 7184
f 7345 7184 7183
f 7183 7182 7345
f 7345 7182 7181
f 7345 7181 7180
f 7180 7179 7345
f 7345 7179 7178
f 7345 7178 7177
f 7177 7176 7345
f 7345 7176 7175
f 7345 7175 7174
f 7174 7173 7345
f 7345 7173 7172
f 7345 7172 7171
f 7171 7170 7345
f 7345 7170 7169
f 7345 7169 7168
f 7168 7167 7345
f 7345 7167 7166
f 7345 7166 7165
f 7165 7164 7345
f 7345 7164 7163
f 7345 7163 7162
f 7162 7161 7345
f 7345 7161 7160
f 7345 7160 7159
f 7159 7158 7345
f 7345 7158 7157
f 7345 7157 7156
f 7156 7313 7345
f 7345 7313 7312
f 7345 7312 7311
f 7311 7310 7345
f 7345 7310 7309
f 7345 7309 7308
f 7308 7307 7345
f 7345 7307 7306
f 7345 7306 7305
f 7305 7304 7345
f 7345 7304 7303
f 7345 7303 7302
f 7302 7301 7345
f 7345 7301 7300
f 7345 7300 7299
f 7299 7298 7345
f 7345 7298 7297
f 7345 7297 7296
f 7296 7295 7345
f 7345 7295 7294
f 7345 7294 7293
f 7293 7292 7345
f 7345 7292 7291
f 7345 7291 7290
f 7290 7289 7345
f 7345 7289 7288
f 7345 7288 7287
f 7287 7286 7345
f 7345 7286 7285
f 7345 7285 7284
f 7284 7283 7345
f 7252 7155 7346
f 7346 7155 7220
f 7346 7220 7219
f 7219 7218 7346
f 7346 7218 7217
f 7346 7217 7216
f 7216 7215 7346
f 7346 7215 7214
f 7346 7214 7213
f 7213 7212 7346
f 7346 7212 7211
f 7346 7211 7210
f 7210 7209 7346
f 7346 7209 7208
f 7346 7208 7207
f 7207 7206 7346
f 7346 7206 7205
f 7346 7205 7204
f 7204 7203 7346
f 7346 7203 7202
f 7346 7202 7201
f 7201 7200 7346
f 7346 7200 7199
f 7346 7199 7198
f 7198 7197 7346
f 7346 7197 7196
f 7346 7196 7195
f 7195 7194 7346
f 7346 7194 7193
f 7346 7193 7192
f 7192 7191 7346
f 7346 7191 7190
f 7346 7190 7189
f 7189 7282 7346
f 7346 7282 7281
f 7346 7281 7280
f 7280 7279 7346
f 7346 7279 7278
f 7346 7278 7277
f 7277 7276 7346
f 7346 7276 7275
f 7346 7275 7274
f 7274 7273 7346
f 7346 7273 7272
f 7346 7272 7271
f 7271 7270 7346
f 7346 7270 7269
f 7346 7269 7268
f 7268 7267 7346
f 7346 7267 7266
f 7346 7266 7265
f 7265 7264 7346
f 7346 7264 7263
f 7346 7263 7262
f 7262 7261 7346
f 7346 7261 7260
f 7346 7260 7259
f 7259 7258 7346
f 7346 7258 7257
f 7346 7257 7256
f 7256 7255 7346
f 7346 7255 7254
f 7346 7254 7253
f 7253 7252 7346
g MeshBody38

v 178.017349 231.444809 1.320800
v 178.017349 231.444809 1.371600
v 178.021210 231.530380 1.371600
v 178.033264 231.618103 1.371600
v 178.054123 231.706879 1.371600
v 178.084229 231.795395 1.371600
v 178.123764 231.882278 1.371600
v 178.172607 231.966019 1.371600
v 178.230377 232.045151 1.371600
v 178.296326 232.118301 1.371600
v 178.369492 232.184280 1.371600
v 178.448639 232.242035 1.371600
v 178.532379 232.290894 1.371600
v 178.619247 232.330429 1.371600
v 178.707779 232.360519 1.371600
v 178.796524 232.381393 1.371600
v 178.884277 232.393448 1.371600
v 178.969849 232.397308 1.371600
v 179.055450 232.393448 1.371600
v 179.143173 232.381393 1.371600
v 179.231949 232.360519 1.371600
v 179.320465 232.330429 1.371600
v 179.407318 232.290894 1.371600
v 179.491074 232.242035 1.371600
v 179.570221 232.184280 1.371600
v 179.643372 232.118301 1.371600
v 179.709335 232.045151 1.371600
v 179.767090 231.966019 1.371600
v 179.815933 231.882278 1.371600
v 179.855469 231.795395 1.371600
v 179.885590 231.706879 1.371600
v 179.906464 231.618103 1.371600
v 179.918488 231.530380 1.371600
v 179.922348 231.444809 1.371600
v 179.922348 231.444809 1.320800
v 179.918488 231.530380 1.320800
v 179.906464 231.618103 1.320800
v 179.885590 231.706879 1.320800
v 179.855469 231.795395 1.320800
v 179.815933 231.882278 1.320800
v 179.767090 231.966019 1.320800
v 179.709335 232.045151 1.320800
v 179.643372 232.118301 1.320800
v 179.570221 232.184280 1.320800
v 179.491074 232.242035 1.320800
v 179.407318 232.290894 1.320800
v 179.320465 232.330429 1.320800
v 179.231949 232.360519 1.320800
v 179.143173 232.381393 1.320800
v 179.055450 232.393448 1.320800
v 178.969849 232.397308 1.320800
v 178.884277 232.393448 1.320800
v 178.796524 232.381393 1.320800
v 178.707779 232.360519 1.320800
v 178.619247 232.330429 1.320800
v 178.532379 232.290894 1.320800
v 178.448639 232.242035 1.320800
v 178.369492 232.184280 1.320800
v 178.296326 232.118301 1.320800
v 178.230377 232.045151 1.320800
v 178.172607 231.966019 1.320800
v 178.123764 231.882278 1.320800
v 178.084229 231.795395 1.320800
v 178.054123 231.706879 1.320800
v 178.033264 231.618103 1.320800
v 178.021210 231.530380 1.320800
v 178.022400 231.542801 1.346200
v 178.038300 231.643433 1.346200
v 178.065872 231.744934 1.346200
v 178.105652 231.845337 1.346200
v 178.157730 231.942490 1.346200
v 178.221603 232.034180 1.346200
v 178.296326 232.118301 1.346200
v 178.380463 232.193054 1.346200
v 178.472153 232.256927 1.346200
v 178.569305 232.308975 1.346200
v 178.669708 232.348785 1.346200
v 178.771210 232.376358 1.346200
v 178.871826 232.392242 1.346200
v 178.969849 232.397308 1.346200
v 179.067871 232.392242 1.346200
v 179.168472 232.376358 1.346200
v 179.244644 232.356796 1.346200
v 179.320465 232.330429 1.346200
v 179.395081 232.297119 1.346200
v 179.467545 232.256927 1.346200
v 179.536942 232.210083 1.346200
v 179.602371 232.156952 1.346200
v 179.663010 232.098099 1.346200
v 179.718094 232.034180 1.346200
v 179.767090 231.966019 1.346200
v 179.809525 231.894470 1.346200
v 179.845139 231.820465 1.346200
v 179.873825 231.744934 1.346200
v 179.895645 231.668808 1.346200
v 179.910767 231.592896 1.346200
v 179.919540 231.517990 1.346200
v 178.021210 231.359207 1.320800
v 178.033264 231.271484 1.320800
v 178.054123 231.182709 1.320800
v 178.084229 231.094193 1.320800
v 178.123764 231.007309 1.320800
v 178.172607 230.923569 1.320800
v 178.230377 230.844437 1.320800
v 178.296326 230.771286 1.320800
v 178.369492 230.705307 1.320800
v 178.448639 230.647568 1.320800
v 178.532379 230.598709 1.320800
v 178.619247 230.559174 1.320800
v 178.707779 230.529068 1.320800
v 178.796524 230.508194 1.320800
v 178.884277 230.496140 1.320800
v 178.969849 230.492310 1.320800
v 179.055450 230.496140 1.320800
v 179.143173 230.508194 1.320800
v 179.231949 230.529068 1.320800
v 179.320465 230.559174 1.320800
v 179.407318 230.598709 1.320800
v 179.491074 230.647568 1.320800
v 179.570221 230.705307 1.320800
v 179.643372 230.771286 1.320800
v 179.709335 230.844437 1.320800
v 179.767090 230.923569 1.320800
v 179.815933 231.007309 1.320800
v 179.855469 231.094193 1.320800
v 179.885590 231.182709 1.320800
v 179.906464 231.271484 1.320800
v 179.918488 231.359207 1.320800
v 179.918488 231.359207 1.371600
v 179.906464 231.271484 1.371600
v 179.885590 231.182709 1.371600
v 179.855469 231.094193 1.371600
v 179.815933 231.007309 1.371600
v 179.767090 230.923569 1.371600
v 179.709335 230.844437 1.371600
v 179.643372 230.771286 1.371600
v 179.570221 230.705307 1.371600
v 179.491074 230.647568 1.371600
v 179.407318 230.598709 1.371600
v 179.320465 230.559174 1.371600
v 179.231949 230.529068 1.371600
v 179.143173 230.508194 1.371600
v 179.055450 230.496140 1.371600
v 178.969849 230.492310 1.371600
v 178.884277 230.496140 1.371600
v 178.796524 230.508194 1.371600
v 178.707779 230.529068 1.371600
v 178.619247 230.559174 1.371600
v 178.532379 230.598709 1.371600
v 178.448639 230.647568 1.371600
v 178.369492 230.705307 1.371600
v 178.296326 230.771286 1.371600
v 178.230377 230.844437 1.371600
v 178.172607 230.923569 1.371600
v 178.123764 231.007309 1.371600
v 178.084229 231.094193 1.371600
v 178.054123 231.182709 1.371600
v 178.033264 231.271484 1.371600
v 178.021210 231.359207 1.371600
v 178.028931 231.296692 1.346200
v 178.020172 231.371597 1.346200
v 178.044067 231.220810 1.346200
v 178.065872 231.144669 1.346200
v 178.094559 231.069122 1.346200
v 178.130173 230.995117 1.346200
v 178.172607 230.923569 1.346200
v 178.221603 230.855408 1.346200
v 178.276718 230.791489 1.346200
v 178.337326 230.732635 1.346200
v 178.402756 230.679520 1.346200
v 178.472153 230.632660 1.346200
v 178.544617 230.592499 1.346200
v 178.619247 230.559174 1.346200
v 178.695084 230.532791 1.346200
v 178.771210 230.513229 1.346200
v 178.871826 230.497360 1.346200
v 178.969849 230.492310 1.346200
v 179.067871 230.497360 1.346200
v 179.168472 230.513229 1.346200
v 179.269989 230.540833 1.346200
v 179.370407 230.580612 1.346200
v 179.467545 230.632660 1.346200
v 179.559250 230.696548 1.346200
v 179.643372 230.771286 1.346200
v 179.718094 230.855408 1.346200
v 179.781982 230.947098 1.346200
v 179.834045 231.044250 1.346200
v 179.873825 231.144669 1.346200
v 179.901413 231.246170 1.346200
v 179.917297 231.346786 1.346200
v 178.969849 231.444809 1.371600
v 178.969849 231.444809 1.320800
f 7347 7348 7412
f 7412 7348 7413
f 7412 7413 7411
f 7411 7413 7414
f 7411 7414 7410
f 7410 7414 7415
f 7410 7415 7409
f 7409 7415 7416
f 7409 7416 7408
f 7408 7416 7417
f 7408 7417 7407
f 7407 7417 7418
f 7407 7418 7406
f 7406 7418 7419
f 7406 7419 7405
f 7405 7419 7404
f 7404 7419 7420
f 7404 7420 7403
f 7403 7420 7421
f 7403 7421 7402
f 7402 7421 7422
f 7402 7422 7401
f 7401 7422 7423
f 7401 7423 7400
f 7400 7423 7424
f 7400 7424 7399
f 7399 7424 7425
f 7399 7425 7398
f 7398 7425 7426
f 7398 7426 7397
f 7397 7426 7396
f 7396 7426 7427
f 7396 7427 7395
f 7395 7427 7428
f 7395 7428 7394
f 7394 7428 7429
f 7394 7429 7393
f 7393 7429 7430
f 7393 7430 7431
f 7431 7430 7368
f 7431 7368 7369
f 7348 7349 7413
f 7413 7349 7350
f 7413 7350 7414
f 7414 7350 7351
f 7414 7351 7415
f 7415 7351 7352
f 7415 7352 7416
f 7416 7352 7353
f 7416 7353 7417
f 7417 7353 7354
f 7417 7354 7418
f 7418 7354 7355
f 7418 7355 7419
f 7419 7355 7356
f 7419 7356 7357
f 7419 7357 7420
f 7420 7357 7358
f 7420 7358 7421
f 7421 7358 7359
f 7421 7359 7422
f 7422 7359 7360
f 7422 7360 7423
f 7423 7360 7361
f 7423 7361 7424
f 7424 7361 7362
f 7424 7362 7425
f 7425 7362 7363
f 7425 7363 7426
f 7426 7363 7364
f 7426 7364 7365
f 7426 7365 7427
f 7427 7365 7366
f 7427 7366 7428
f 7428 7366 7367
f 7428 7367 7429
f 7429 7367 7368
f 7429 7368 7430
f 7431 7369 7432
f 7432 7369 7370
f 7432 7370 7433
f 7433 7370 7371
f 7433 7371 7434
f 7434 7371 7372
f 7434 7372 7435
f 7435 7372 7373
f 7435 7373 7436
f 7436 7373 7374
f 7436 7374 7437
f 7437 7374 7438
f 7437 7438 7387
f 7387 7438 7386
f 7386 7438 7439
f 7386 7439 7385
f 7385 7439 7440
f 7385 7440 7384
f 7384 7440 7441
f 7384 7441 7383
f 7383 7441 7442
f 7383 7442 7382
f 7382 7442 7443
f 7382 7443 7381
f 7381 7443 7380
f 7380 7443 7379
f 7379 7443 7442
f 7379 7442 7378
f 7378 7442 7441
f 7378 7441 7377
f 7377 7441 7440
f 7377 7440 7376
f 7376 7440 7439
f 7376 7439 7375
f 7375 7439 7438
f 7375 7438 7374
f 7437 7387 7436
f 7436 7387 7388
f 7436 7388 7435
f 7435 7388 7389
f 7435 7389 7434
f 7434 7389 7390
f 7434 7390 7433
f 7433 7390 7391
f 7433 7391 7432
f 7432 7391 7392
f 7432 7392 7431
f 7431 7392 7393
f 7505 7348 7507
f 7507 7348 7347
f 7507 7347 7444
f 7507 7444 7506
f 7506 7444 7445
f 7506 7445 7508
f 7508 7445 7446
f 7508 7446 7509
f 7509 7446 7447
f 7509 7447 7510
f 7510 7447 7448
f 7510 7448 7511
f 7511 7448 7449
f 7511 7449 7512
f 7512 7449 7513
f 7512 7513 7500
f 7500 7513 7499
f 7499 7513 7514
f 7499 7514 7498
f 7498 7514 7515
f 7498 7515 7497
f 7497 7515 7516
f 7497 7516 7496
f 7496 7516 7517
f 7496 7517 7495
f 7495 7517 7518
f 7495 7518 7494
f 7494 7518 7519
f 7494 7519 7520
f 7520 7519 7455
f 7520 7455 7456
f 7449 7450 7513
f 7513 7450 7514
f 7450 7451 7514
f 7514 7451 7515
f 7451 7452 7515
f 7515 7452 7516
f 7452 7453 7516
f 7516 7453 7517
f 7453 7454 7517
f 7517 7454 7518
f 7454 7455 7518
f 7518 7455 7519
f 7520 7456 7521
f 7521 7456 7457
f 7521 7457 7522
f 7522 7457 7458
f 7522 7458 7523
f 7523 7458 7459
f 7523 7459 7460
f 7523 7460 7524
f 7524 7460 7461
f 7524 7461 7525
f 7525 7461 7462
f 7525 7462 7526
f 7526 7462 7463
f 7526 7463 7527
f 7527 7463 7464
f 7527 7464 7528
f 7528 7464 7465
f 7528 7465 7529
f 7529 7465 7466
f 7529 7466 7530
f 7530 7466 7467
f 7530 7467 7468
f 7530 7468 7531
f 7531 7468 7469
f 7531 7469 7532
f 7532 7469 7470
f 7532 7470 7533
f 7533 7470 7471
f 7533 7471 7534
f 7534 7471 7472
f 7534 7472 7535
f 7535 7472 7473
f 7535 7473 7536
f 7536 7473 7474
f 7536 7474 7380
f 7380 7474 7381
f 7380 7475 7536
f 7536 7475 7476
f 7536 7476 7535
f 7535 7476 7477
f 7535 7477 7534
f 7534 7477 7478
f 7534 7478 7533
f 7533 7478 7479
f 7533 7479 7532
f 7532 7479 7480
f 7532 7480 7531
f 7531 7480 7481
f 7531 7481 7530
f 7530 7481 7482
f 7530 7482 7483
f 7530 7483 7529
f 7529 7483 7484
f 7529 7484 7528
f 7528 7484 7485
f 7528 7485 7527
f 7527 7485 7486
f 7527 7486 7526
f 7526 7486 7487
f 7526 7487 7525
f 7525 7487 7488
f 7525 7488 7524
f 7524 7488 7489
f 7524 7489 7523
f 7523 7489 7490
f 7523 7490 7491
f 7523 7491 7522
f 7522 7491 7492
f 7522 7492 7521
f 7521 7492 7493
f 7521 7493 7520
f 7520 7493 7494
f 7512 7500 7511
f 7511 7500 7501
f 7511 7501 7510
f 7510 7501 7502
f 7510 7502 7509
f 7509 7502 7503
f 7509 7503 7508
f 7508 7503 7504
f 7508 7504 7506
f 7506 7504 7505
f 7506 7505 7507
f 7475 7380 7537
f 7537 7380 7379
f 7537 7379 7378
f 7378 7377 7537
f 7537 7377 7376
f 7537 7376 7375
f 7375 7374 7537
f 7537 7374 7373
f 7537 7373 7372
f 7372 7371 7537
f 7537 7371 7370
f 7537 7370 7369
f 7369 7368 7537
f 7537 7368 7367
f 7537 7367 7366
f 7366 7365 7537
f 7537 7365 7364
f 7537 7364 7363
f 7363 7362 7537
f 7537 7362 7361
f 7537 7361 7360
f 7360 7359 7537
f 7537 7359 7358
f 7537 7358 7357
f 7357 7356 7537
f 7537 7356 7355
f 7537 7355 7354
f 7354 7353 7537
f 7537 7353 7352
f 7537 7352 7351
f 7351 7350 7537
f 7537 7350 7349
f 7537 7349 7348
f 7348 7505 7537
f 7537 7505 7504
f 7537 7504 7503
f 7503 7502 7537
f 7537 7502 7501
f 7537 7501 7500
f 7500 7499 7537
f 7537 7499 7498
f 7537 7498 7497
f 7497 7496 7537
f 7537 7496 7495
f 7537 7495 7494
f 7494 7493 7537
f 7537 7493 7492
f 7537 7492 7491
f 7491 7490 7537
f 7537 7490 7489
f 7537 7489 7488
f 7488 7487 7537
f 7537 7487 7486
f 7537 7486 7485
f 7485 7484 7537
f 7537 7484 7483
f 7537 7483 7482
f 7482 7481 7537
f 7537 7481 7480
f 7537 7480 7479
f 7479 7478 7537
f 7537 7478 7477
f 7537 7477 7476
f 7476 7475 7537
f 7444 7347 7538
f 7538 7347 7412
f 7538 7412 7411
f 7411 7410 7538
f 7538 7410 7409
f 7538 7409 7408
f 7408 7407 7538
f 7538 7407 7406
f 7538 7406 7405
f 7405 7404 7538
f 7538 7404 7403
f 7538 7403 7402
f 7402 7401 7538
f 7538 7401 7400
f 7538 7400 7399
f 7399 7398 7538
f 7538 7398 7397
f 7538 7397 7396
f 7396 7395 7538
f 7538 7395 7394
f 7538 7394 7393
f 7393 7392 7538
f 7538 7392 7391
f 7538 7391 7390
f 7390 7389 7538
f 7538 7389 7388
f 7538 7388 7387
f 7387 7386 7538
f 7538 7386 7385
f 7538 7385 7384
f 7384 7383 7538
f 7538 7383 7382
f 7538 7382 7381
f 7381 7474 7538
f 7538 7474 7473
f 7538 7473 7472
f 7472 7471 7538
f 7538 7471 7470
f 7538 7470 7469
f 7469 7468 7538
f 7538 7468 7467
f 7538 7467 7466
f 7466 7465 7538
f 7538 7465 7464
f 7538 7464 7463
f 7463 7462 7538
f 7538 7462 7461
f 7538 7461 7460
f 7460 7459 7538
f 7538 7459 7458
f 7538 7458 7457
f 7457 7456 7538
f 7538 7456 7455
f 7538 7455 7454
f 7454 7453 7538
f 7538 7453 7452
f 7538 7452 7451
f 7451 7450 7538
f 7538 7450 7449
f 7538 7449 7448
f 7448 7447 7538
f 7538 7447 7446
f 7538 7446 7445
f 7445 7444 7538
g MeshBody39

v 157.697342 231.444809 1.320800
v 157.697342 231.444809 1.371600
v 157.701202 231.530380 1.371600
v 157.713257 231.618103 1.371600
v 157.734116 231.706879 1.371600
v 157.764236 231.795395 1.371600
v 157.803772 231.882278 1.371600
v 157.852615 231.966019 1.371600
v 157.910385 232.045151 1.371600
v 157.976334 232.118301 1.371600
v 158.049500 232.184280 1.371600
v 158.128647 232.242035 1.371600
v 158.212372 232.290894 1.371600
v 158.299240 232.330429 1.371600
v 158.387756 232.360519 1.371600
v 158.476532 232.381393 1.371600
v 158.564270 232.393448 1.371600
v 158.649841 232.397308 1.371600
v 158.735428 232.393448 1.371600
v 158.823166 232.381393 1.371600
v 158.911942 232.360519 1.371600
v 159.000473 232.330429 1.371600
v 159.087326 232.290894 1.371600
v 159.171066 232.242035 1.371600
v 159.250214 232.184280 1.371600
v 159.323380 232.118301 1.371600
v 159.389328 232.045151 1.371600
v 159.447083 231.966019 1.371600
v 159.495941 231.882278 1.371600
v 159.535477 231.795395 1.371600
v 159.565582 231.706879 1.371600
v 159.586441 231.618103 1.371600
v 159.598495 231.530380 1.371600
v 159.602356 231.444809 1.371600
v 159.602356 231.444809 1.320800
v 159.598495 231.530380 1.320800
v 159.586441 231.618103 1.320800
v 159.565582 231.706879 1.320800
v 159.535477 231.795395 1.320800
v 159.495941 231.882278 1.320800
v 159.447083 231.966019 1.320800
v 159.389328 232.045151 1.320800
v 159.323380 232.118301 1.320800
v 159.250214 232.184280 1.320800
v 159.171066 232.242035 1.320800
v 159.087326 232.290894 1.320800
v 159.000473 232.330429 1.320800
v 158.911942 232.360519 1.320800
v 158.823166 232.381393 1.320800
v 158.735428 232.393448 1.320800
v 158.649841 232.397308 1.320800
v 158.564270 232.393448 1.320800
v 158.476532 232.381393 1.320800
v 158.387756 232.360519 1.320800
v 158.299240 232.330429 1.320800
v 158.212372 232.290894 1.320800
v 158.128647 232.242035 1.320800
v 158.049500 232.184280 1.320800
v 157.976334 232.118301 1.320800
v 157.910385 232.045151 1.320800
v 157.852615 231.966019 1.320800
v 157.803772 231.882278 1.320800
v 157.764236 231.795395 1.320800
v 157.734116 231.706879 1.320800
v 157.713257 231.618103 1.320800
v 157.701202 231.530380 1.320800
v 157.702408 231.542801 1.346200
v 157.718292 231.643433 1.346200
v 157.745880 231.744934 1.346200
v 157.785660 231.845337 1.346200
v 157.837723 231.942490 1.346200
v 157.901596 232.034180 1.346200
v 157.976334 232.118301 1.346200
v 158.060471 232.193054 1.346200
v 158.152161 232.256927 1.346200
v 158.249313 232.308975 1.346200
v 158.349716 232.348785 1.346200
v 158.451233 232.376358 1.346200
v 158.551834 232.392242 1.346200
v 158.649841 232.397308 1.346200
v 158.747864 232.392242 1.346200
v 158.848480 232.376358 1.346200
v 158.924637 232.356796 1.346200
v 159.000473 232.330429 1.346200
v 159.075073 232.297119 1.346200
v 159.147552 232.256927 1.346200
v 159.216949 232.210083 1.346200
v 159.282379 232.156952 1.346200
v 159.343002 232.098099 1.346200
v 159.398102 232.034180 1.346200
v 159.447083 231.966019 1.346200
v 159.489532 231.894470 1.346200
v 159.525146 231.820465 1.346200
v 159.553833 231.744934 1.346200
v 159.575638 231.668808 1.346200
v 159.590775 231.592896 1.346200
v 159.599533 231.517990 1.346200
v 157.701202 231.359207 1.320800
v 157.713257 231.271484 1.320800
v 157.734116 231.182709 1.320800
v 157.764236 231.094193 1.320800
v 157.803772 231.007309 1.320800
v 157.852615 230.923569 1.320800
v 157.910385 230.844437 1.320800
v 157.976334 230.771286 1.320800
v 158.049500 230.705307 1.320800
v 158.128647 230.647568 1.320800
v 158.212372 230.598709 1.320800
v 158.299240 230.559174 1.320800
v 158.387756 230.529068 1.320800
v 158.476532 230.508194 1.320800
v 158.564270 230.496140 1.320800
v 158.649841 230.492310 1.320800
v 158.735428 230.496140 1.320800
v 158.823166 230.508194 1.320800
v 158.911942 230.529068 1.320800
v 159.000473 230.559174 1.320800
v 159.087326 230.598709 1.320800
v 159.171066 230.647568 1.320800
v 159.250214 230.705307 1.320800
v 159.323380 230.771286 1.320800
v 159.389328 230.844437 1.320800
v 159.447083 230.923569 1.320800
v 159.495941 231.007309 1.320800
v 159.535477 231.094193 1.320800
v 159.565582 231.182709 1.320800
v 159.586441 231.271484 1.320800
v 159.598495 231.359207 1.320800
v 159.598495 231.359207 1.371600
v 159.586441 231.271484 1.371600
v 159.565582 231.182709 1.371600
v 159.535477 231.094193 1.371600
v 159.495941 231.007309 1.371600
v 159.447083 230.923569 1.371600
v 159.389328 230.844437 1.371600
v 159.323380 230.771286 1.371600
v 159.250214 230.705307 1.371600
v 159.171066 230.647568 1.371600
v 159.087326 230.598709 1.371600
v 159.000473 230.559174 1.371600
v 158.911942 230.529068 1.371600
v 158.823166 230.508194 1.371600
v 158.735428 230.496140 1.371600
v 158.649841 230.492310 1.371600
v 158.564270 230.496140 1.371600
v 158.476532 230.508194 1.371600
v 158.387756 230.529068 1.371600
v 158.299240 230.559174 1.371600
v 158.212372 230.598709 1.371600
v 158.128647 230.647568 1.371600
v 158.049500 230.705307 1.371600
v 157.976334 230.771286 1.371600
v 157.910385 230.844437 1.371600
v 157.852615 230.923569 1.371600
v 157.803772 231.007309 1.371600
v 157.764236 231.094193 1.371600
v 157.734116 231.182709 1.371600
v 157.713257 231.271484 1.371600
v 157.701202 231.359207 1.371600
v 157.708939 231.296692 1.346200
v 157.700165 231.371597 1.346200
v 157.724060 231.220810 1.346200
v 157.745880 231.144669 1.346200
v 157.774567 231.069122 1.346200
v 157.810181 230.995117 1.346200
v 157.852615 230.923569 1.346200
v 157.901596 230.855408 1.346200
v 157.956696 230.791489 1.346200
v 158.017334 230.732635 1.346200
v 158.082764 230.679520 1.346200
v 158.152161 230.632660 1.346200
v 158.224625 230.592499 1.346200
v 158.299240 230.559174 1.346200
v 158.375076 230.532791 1.346200
v 158.451233 230.513229 1.346200
v 158.551834 230.497360 1.346200
v 158.649841 230.492310 1.346200
v 158.747864 230.497360 1.346200
v 158.848480 230.513229 1.346200
v 158.949982 230.540833 1.346200
v 159.050400 230.580612 1.346200
v 159.147552 230.632660 1.346200
v 159.239243 230.696548 1.346200
v 159.323380 230.771286 1.346200
v 159.398102 230.855408 1.346200
v 159.461975 230.947098 1.346200
v 159.514038 231.044250 1.346200
v 159.553833 231.144669 1.346200
v 159.581406 231.246170 1.346200
v 159.597305 231.346786 1.346200
v 158.649841 231.444809 1.371600
v 158.649841 231.444809 1.320800
f 7539 7540 7604
f 7604 7540 7605
f 7604 7605 7603
f 7603 7605 7606
f 7603 7606 7602
f 7602 7606 7607
f 7602 7607 7601
f 7601 7607 7608
f 7601 7608 7600
f 7600 7608 7609
f 7600 7609 7599
f 7599 7609 7610
f 7599 7610 7598
f 7598 7610 7611
f 7598 7611 7597
f 7597 7611 7596
f 7596 7611 7612
f 7596 7612 7595
f 7595 7612 7613
f 7595 7613 7594
f 7594 7613 7614
f 7594 7614 7593
f 7593 7614 7615
f 7593 7615 7592
f 7592 7615 7616
f 7592 7616 7591
f 7591 7616 7617
f 7591 7617 7590
f 7590 7617 7618
f 7590 7618 7589
f 7589 7618 7588
f 7588 7618 7619
f 7588 7619 7587
f 7587 7619 7620
f 7587 7620 7586
f 7586 7620 7621
f 7586 7621 7585
f 7585 7621 7622
f 7585 7622 7623
f 7623 7622 7560
f 7623 7560 7561
f 7540 7541 7605
f 7605 7541 7542
f 7605 7542 7606
f 7606 7542 7543
f 7606 7543 7607
f 7607 7543 7544
f 7607 7544 7608
f 7608 7544 7545
f 7608 7545 7609
f 7609 7545 7546
f 7609 7546 7610
f 7610 7546 7547
f 7610 7547 7611
f 7611 7547 7548
f 7611 7548 7549
f 7611 7549 7612
f 7612 7549 7550
f 7612 7550 7613
f 7613 7550 7551
f 7613 7551 7614
f 7614 7551 7552
f 7614 7552 7615
f 7615 7552 7553
f 7615 7553 7616
f 7616 7553 7554
f 7616 7554 7617
f 7617 7554 7555
f 7617 7555 7618
f 7618 7555 7556
f 7618 7556 7557
f 7618 7557 7619
f 7619 7557 7558
f 7619 7558 7620
f 7620 7558 7559
f 7620 7559 7621
f 7621 7559 7560
f 7621 7560 7622
f 7623 7561 7624
f 7624 7561 7562
f 7624 7562 7625
f 7625 7562 7563
f 7625 7563 7626
f 7626 7563 7564
f 7626 7564 7627
f 7627 7564 7565
f 7627 7565 7628
f 7628 7565 7566
f 7628 7566 7629
f 7629 7566 7630
f 7629 7630 7579
f 7579 7630 7578
f 7578 7630 7631
f 7578 7631 7577
f 7577 7631 7632
f 7577 7632 7576
f 7576 7632 7633
f 7576 7633 7575
f 7575 7633 7634
f 7575 7634 7574
f 7574 7634 7635
f 7574 7635 7573
f 7573 7635 7572
f 7572 7635 7571
f 7571 7635 7634
f 7571 7634 7570
f 7570 7634 7633
f 7570 7633 7569
f 7569 7633 7632
f 7569 7632 7568
f 7568 7632 7631
f 7568 7631 7567
f 7567 7631 7630
f 7567 7630 7566
f 7629 7579 7628
f 7628 7579 7580
f 7628 7580 7627
f 7627 7580 7581
f 7627 7581 7626
f 7626 7581 7582
f 7626 7582 7625
f 7625 7582 7583
f 7625 7583 7624
f 7624 7583 7584
f 7624 7584 7623
f 7623 7584 7585
f 7697 7540 7699
f 7699 7540 7539
f 7699 7539 7636
f 7699 7636 7698
f 7698 7636 7637
f 7698 7637 7700
f 7700 7637 7638
f 7700 7638 7701
f 7701 7638 7639
f 7701 7639 7702
f 7702 7639 7640
f 7702 7640 7703
f 7703 7640 7641
f 7703 7641 7704
f 7704 7641 7705
f 7704 7705 7692
f 7692 7705 7691
f 7691 7705 7706
f 7691 7706 7690
f 7690 7706 7707
f 7690 7707 7689
f 7689 7707 7708
f 7689 7708 7688
f 7688 7708 7709
f 7688 7709 7687
f 7687 7709 7710
f 7687 7710 7686
f 7686 7710 7711
f 7686 7711 7712
f 7712 7711 7647
f 7712 7647 7648
f 7641 7642 7705
f 7705 7642 7706
f 7642 7643 7706
f 7706 7643 7707
f 7643 7644 7707
f 7707 7644 7708
f 7644 7645 7708
f 7708 7645 7709
f 7645 7646 7709
f 7709 7646 7710
f 7646 7647 7710
f 7710 7647 7711
f 7712 7648 7713
f 7713 7648 7649
f 7713 7649 7714
f 7714 7649 7650
f 7714 7650 7715
f 7715 7650 7651
f 7715 7651 7652
f 7715 7652 7716
f 7716 7652 7653
f 7716 7653 7717
f 7717 7653 7654
f 7717 7654 7718
f 7718 7654 7655
f 7718 7655 7719
f 7719 7655 7656
f 7719 7656 7720
f 7720 7656 7657
f 7720 7657 7721
f 7721 7657 7658
f 7721 7658 7722
f 7722 7658 7659
f 7722 7659 7660
f 7722 7660 7723
f 7723 7660 7661
f 7723 7661 7724
f 7724 7661 7662
f 7724 7662 7725
f 7725 7662 7663
f 7725 7663 7726
f 7726 7663 7664
f 7726 7664 7727
f 7727 7664 7665
f 7727 7665 7728
f 7728 7665 7666
f 7728 7666 7572
f 7572 7666 7573
f 7572 7667 7728
f 7728 7667 7668
f 7728 7668 7727
f 7727 7668 7669
f 7727 7669 7726
f 7726 7669 7670
f 7726 7670 7725
f 7725 7670 7671
f 7725 7671 7724
f 7724 7671 7672
f 7724 7672 7723
f 7723 7672 7673
f 7723 7673 7722
f 7722 7673 7674
f 7722 7674 7675
f 7722 7675 7721
f 7721 7675 7676
f 7721 7676 7720
f 7720 7676 7677
f 7720 7677 7719
f 7719 7677 7678
f 7719 7678 7718
f 7718 7678 7679
f 7718 7679 7717
f 7717 7679 7680
f 7717 7680 7716
f 7716 7680 7681
f 7716 7681 7715
f 7715 7681 7682
f 7715 7682 7683
f 7715 7683 7714
f 7714 7683 7684
f 7714 7684 7713
f 7713 7684 7685
f 7713 7685 7712
f 7712 7685 7686
f 7704 7692 7703
f 7703 7692 7693
f 7703 7693 7702
f 7702 7693 7694
f 7702 7694 7701
f 7701 7694 7695
f 7701 7695 7700
f 7700 7695 7696
f 7700 7696 7698
f 7698 7696 7697
f 7698 7697 7699
f 7667 7572 7729
f 7729 7572 7571
f 7729 7571 7570
f 7570 7569 7729
f 7729 7569 7568
f 7729 7568 7567
f 7567 7566 7729
f 7729 7566 7565
f 7729 7565 7564
f 7564 7563 7729
f 7729 7563 7562
f 7729 7562 7561
f 7561 7560 7729
f 7729 7560 7559
f 7729 7559 7558
f 7558 7557 7729
f 7729 7557 7556
f 7729 7556 7555
f 7555 7554 7729
f 7729 7554 7553
f 7729 7553 7552
f 7552 7551 7729
f 7729 7551 7550
f 7729 7550 7549
f 7549 7548 7729
f 7729 7548 7547
f 7729 7547 7546
f 7546 7545 7729
f 7729 7545 7544
f 7729 7544 7543
f 7543 7542 7729
f 7729 7542 7541
f 7729 7541 7540
f 7540 7697 7729
f 7729 7697 7696
f 7729 7696 7695
f 7695 7694 7729
f 7729 7694 7693
f 7729 7693 7692
f 7692 7691 7729
f 7729 7691 7690
f 7729 7690 7689
f 7689 7688 7729
f 7729 7688 7687
f 7729 7687 7686
f 7686 7685 7729
f 7729 7685 7684
f 7729 7684 7683
f 7683 7682 7729
f 7729 7682 7681
f 7729 7681 7680
f 7680 7679 7729
f 7729 7679 7678
f 7729 7678 7677
f 7677 7676 7729
f 7729 7676 7675
f 7729 7675 7674
f 7674 7673 7729
f 7729 7673 7672
f 7729 7672 7671
f 7671 7670 7729
f 7729 7670 7669
f 7729 7669 7668
f 7668 7667 7729
f 7636 7539 7730
f 7730 7539 7604
f 7730 7604 7603
f 7603 7602 7730
f 7730 7602 7601
f 7730 7601 7600
f 7600 7599 7730
f 7730 7599 7598
f 7730 7598 7597
f 7597 7596 7730
f 7730 7596 7595
f 7730 7595 7594
f 7594 7593 7730
f 7730 7593 7592
f 7730 7592 7591
f 7591 7590 7730
f 7730 7590 7589
f 7730 7589 7588
f 7588 7587 7730
f 7730 7587 7586
f 7730 7586 7585
f 7585 7584 7730
f 7730 7584 7583
f 7730 7583 7582
f 7582 7581 7730
f 7730 7581 7580
f 7730 7580 7579
f 7579 7578 7730
f 7730 7578 7577
f 7730 7577 7576
f 7576 7575 7730
f 7730 7575 7574
f 7730 7574 7573
f 7573 7666 7730
f 7730 7666 7665
f 7730 7665 7664
f 7664 7663 7730
f 7730 7663 7662
f 7730 7662 7661
f 7661 7660 7730
f 7730 7660 7659
f 7730 7659 7658
f 7658 7657 7730
f 7730 7657 7656
f 7730 7656 7655
f 7655 7654 7730
f 7730 7654 7653
f 7730 7653 7652
f 7652 7651 7730
f 7730 7651 7650
f 7730 7650 7649
f 7649 7648 7730
f 7730 7648 7647
f 7730 7647 7646
f 7646 7645 7730
f 7730 7645 7644
f 7730 7644 7643
f 7643 7642 7730
f 7730 7642 7641
f 7730 7641 7640
f 7640 7639 7730
f 7730 7639 7638
f 7730 7638 7637
f 7637 7636 7730
g MeshBody40

v 198.337341 231.444809 1.320800
v 198.337341 231.444809 1.371600
v 198.341202 231.530380 1.371600
v 198.353256 231.618103 1.371600
v 198.374130 231.706879 1.371600
v 198.404221 231.795395 1.371600
v 198.443756 231.882278 1.371600
v 198.492615 231.966019 1.371600
v 198.550385 232.045151 1.371600
v 198.616318 232.118301 1.371600
v 198.689499 232.184280 1.371600
v 198.768646 232.242035 1.371600
v 198.852371 232.290894 1.371600
v 198.939255 232.330429 1.371600
v 199.027771 232.360519 1.371600
v 199.116531 232.381393 1.371600
v 199.204269 232.393448 1.371600
v 199.289841 232.397308 1.371600
v 199.375443 232.393448 1.371600
v 199.463165 232.381393 1.371600
v 199.551941 232.360519 1.371600
v 199.640472 232.330429 1.371600
v 199.727325 232.290894 1.371600
v 199.811081 232.242035 1.371600
v 199.890213 232.184280 1.371600
v 199.963379 232.118301 1.371600
v 200.029343 232.045151 1.371600
v 200.087082 231.966019 1.371600
v 200.135941 231.882278 1.371600
v 200.175476 231.795395 1.371600
v 200.205582 231.706879 1.371600
v 200.226456 231.618103 1.371600
v 200.238495 231.530380 1.371600
v 200.242355 231.444809 1.371600
v 200.242355 231.444809 1.320800
v 200.238495 231.530380 1.320800
v 200.226456 231.618103 1.320800
v 200.205582 231.706879 1.320800
v 200.175476 231.795395 1.320800
v 200.135941 231.882278 1.320800
v 200.087082 231.966019 1.320800
v 200.029343 232.045151 1.320800
v 199.963379 232.118301 1.320800
v 199.890213 232.184280 1.320800
v 199.811081 232.242035 1.320800
v 199.727325 232.290894 1.320800
v 199.640472 232.330429 1.320800
v 199.551941 232.360519 1.320800
v 199.463165 232.381393 1.320800
v 199.375443 232.393448 1.320800
v 199.289841 232.397308 1.320800
v 199.204269 232.393448 1.320800
v 199.116531 232.381393 1.320800
v 199.027771 232.360519 1.320800
v 198.939255 232.330429 1.320800
v 198.852371 232.290894 1.320800
v 198.768646 232.242035 1.320800
v 198.689499 232.184280 1.320800
v 198.616318 232.118301 1.320800
v 198.550385 232.045151 1.320800
v 198.492615 231.966019 1.320800
v 198.443756 231.882278 1.320800
v 198.404221 231.795395 1.320800
v 198.374130 231.706879 1.320800
v 198.353256 231.618103 1.320800
v 198.341202 231.530380 1.320800
v 198.342407 231.542801 1.346200
v 198.358292 231.643433 1.346200
v 198.385880 231.744934 1.346200
v 198.425659 231.845337 1.346200
v 198.477722 231.942490 1.346200
v 198.541595 232.034180 1.346200
v 198.616318 232.118301 1.346200
v 198.700470 232.193054 1.346200
v 198.792145 232.256927 1.346200
v 198.889313 232.308975 1.346200
v 198.989716 232.348785 1.346200
v 199.091217 232.376358 1.346200
v 199.191833 232.392242 1.346200
v 199.289841 232.397308 1.346200
v 199.387863 232.392242 1.346200
v 199.488480 232.376358 1.346200
v 199.564636 232.356796 1.346200
v 199.640472 232.330429 1.346200
v 199.715073 232.297119 1.346200
v 199.787552 232.256927 1.346200
v 199.856949 232.210083 1.346200
v 199.922363 232.156952 1.346200
v 199.983002 232.098099 1.346200
v 200.038101 232.034180 1.346200
v 200.087082 231.966019 1.346200
v 200.129532 231.894470 1.346200
v 200.165146 231.820465 1.346200
v 200.193817 231.744934 1.346200
v 200.215637 231.668808 1.346200
v 200.230759 231.592896 1.346200
v 200.239532 231.517990 1.346200
v 198.341202 231.359207 1.320800
v 198.353256 231.271484 1.320800
v 198.374130 231.182709 1.320800
v 198.404221 231.094193 1.320800
v 198.443756 231.007309 1.320800
v 198.492615 230.923569 1.320800
v 198.550385 230.844437 1.320800
v 198.616318 230.771286 1.320800
v 198.689499 230.705307 1.320800
v 198.768646 230.647568 1.320800
v 198.852371 230.598709 1.320800
v 198.939255 230.559174 1.320800
v 199.027771 230.529068 1.320800
v 199.116531 230.508194 1.320800
v 199.204269 230.496140 1.320800
v 199.289841 230.492310 1.320800
v 199.375443 230.496140 1.320800
v 199.463165 230.508194 1.320800
v 199.551941 230.529068 1.320800
v 199.640472 230.559174 1.320800
v 199.727325 230.598709 1.320800
v 199.811081 230.647568 1.320800
v 199.890213 230.705307 1.320800
v 199.963379 230.771286 1.320800
v 200.029343 230.844437 1.320800
v 200.087082 230.923569 1.320800
v 200.135941 231.007309 1.320800
v 200.175476 231.094193 1.320800
v 200.205582 231.182709 1.320800
v 200.226456 231.271484 1.320800
v 200.238495 231.359207 1.320800
v 200.238495 231.359207 1.371600
v 200.226456 231.271484 1.371600
v 200.205582 231.182709 1.371600
v 200.175476 231.094193 1.371600
v 200.135941 231.007309 1.371600
v 200.087082 230.923569 1.371600
v 200.029343 230.844437 1.371600
v 199.963379 230.771286 1.371600
v 199.890213 230.705307 1.371600
v 199.811081 230.647568 1.371600
v 199.727325 230.598709 1.371600
v 199.640472 230.559174 1.371600
v 199.551941 230.529068 1.371600
v 199.463165 230.508194 1.371600
v 199.375443 230.496140 1.371600
v 199.289841 230.492310 1.371600
v 199.204269 230.496140 1.371600
v 199.116531 230.508194 1.371600
v 199.027771 230.529068 1.371600
v 198.939255 230.559174 1.371600
v 198.852371 230.598709 1.371600
v 198.768646 230.647568 1.371600
v 198.689499 230.705307 1.371600
v 198.616318 230.771286 1.371600
v 198.550385 230.844437 1.371600
v 198.492615 230.923569 1.371600
v 198.443756 231.007309 1.371600
v 198.404221 231.094193 1.371600
v 198.374130 231.182709 1.371600
v 198.353256 231.271484 1.371600
v 198.341202 231.359207 1.371600
v 198.348938 231.296692 1.346200
v 198.340179 231.371597 1.346200
v 198.364075 231.220810 1.346200
v 198.385880 231.144669 1.346200
v 198.414551 231.069122 1.346200
v 198.450165 230.995117 1.346200
v 198.492615 230.923569 1.346200
v 198.541595 230.855408 1.346200
v 198.596710 230.791489 1.346200
v 198.657333 230.732635 1.346200
v 198.722748 230.679520 1.346200
v 198.792145 230.632660 1.346200
v 198.864624 230.592499 1.346200
v 198.939255 230.559174 1.346200
v 199.015076 230.532791 1.346200
v 199.091217 230.513229 1.346200
v 199.191833 230.497360 1.346200
v 199.289841 230.492310 1.346200
v 199.387863 230.497360 1.346200
v 199.488480 230.513229 1.346200
v 199.589981 230.540833 1.346200
v 199.690399 230.580612 1.346200
v 199.787552 230.632660 1.346200
v 199.879257 230.696548 1.346200
v 199.963379 230.771286 1.346200
v 200.038101 230.855408 1.346200
v 200.101990 230.947098 1.346200
v 200.154037 231.044250 1.346200
v 200.193817 231.144669 1.346200
v 200.221420 231.246170 1.346200
v 200.237289 231.346786 1.346200
v 199.289841 231.444809 1.371600
v 199.289841 231.444809 1.320800
f 7731 7732 7796
f 7796 7732 7797
f 7796 7797 7795
f 7795 7797 7798
f 7795 7798 7794
f 7794 7798 7799
f 7794 7799 7793
f 7793 7799 7800
f 7793 7800 7792
f 7792 7800 7801
f 7792 7801 7791
f 7791 7801 7802
f 7791 7802 7790
f 7790 7802 7803
f 7790 7803 7789
f 7789 7803 7788
f 7788 7803 7804
f 7788 7804 7787
f 7787 7804 7805
f 7787 7805 7786
f 7786 7805 7806
f 7786 7806 7785
f 7785 7806 7807
f 7785 7807 7784
f 7784 7807 7808
f 7784 7808 7783
f 7783 7808 7809
f 7783 7809 7782
f 7782 7809 7810
f 7782 7810 7781
f 7781 7810 7780
f 7780 7810 7811
f 7780 7811 7779
f 7779 7811 7812
f 7779 7812 7778
f 7778 7812 7813
f 7778 7813 7777
f 7777 7813 7814
f 7777 7814 7815
f 7815 7814 7752
f 7815 7752 7753
f 7732 7733 7797
f 7797 7733 7734
f 7797 7734 7798
f 7798 7734 7735
f 7798 7735 7799
f 7799 7735 7736
f 7799 7736 7800
f 7800 7736 7737
f 7800 7737 7801
f 7801 7737 7738
f 7801 7738 7802
f 7802 7738 7739
f 7802 7739 7803
f 7803 7739 7740
f 7803 7740 7741
f 7803 7741 7804
f 7804 7741 7742
f 7804 7742 7805
f 7805 7742 7743
f 7805 7743 7806
f 7806 7743 7744
f 7806 7744 7807
f 7807 7744 7745
f 7807 7745 7808
f 7808 7745 7746
f 7808 7746 7809
f 7809 7746 7747
f 7809 7747 7810
f 7810 7747 7748
f 7810 7748 7749
f 7810 7749 7811
f 7811 7749 7750
f 7811 7750 7812
f 7812 7750 7751
f 7812 7751 7813
f 7813 7751 7752
f 7813 7752 7814
f 7815 7753 7816
f 7816 7753 7754
f 7816 7754 7817
f 7817 7754 7755
f 7817 7755 7818
f 7818 7755 7756
f 7818 7756 7819
f 7819 7756 7757
f 7819 7757 7820
f 7820 7757 7758
f 7820 7758 7821
f 7821 7758 7822
f 7821 7822 7771
f 7771 7822 7770
f 7770 7822 7823
f 7770 7823 7769
f 7769 7823 7824
f 7769 7824 7768
f 7768 7824 7825
f 7768 7825 7767
f 7767 7825 7826
f 7767 7826 7766
f 7766 7826 7827
f 7766 7827 7765
f 7765 7827 7764
f 7764 7827 7763
f 7763 7827 7826
f 7763 7826 7762
f 7762 7826 7825
f 7762 7825 7761
f 7761 7825 7824
f 7761 7824 7760
f 7760 7824 7823
f 7760 7823 7759
f 7759 7823 7822
f 7759 7822 7758
f 7821 7771 7820
f 7820 7771 7772
f 7820 7772 7819
f 7819 7772 7773
f 7819 7773 7818
f 7818 7773 7774
f 7818 7774 7817
f 7817 7774 7775
f 7817 7775 7816
f 7816 7775 7776
f 7816 7776 7815
f 7815 7776 7777
f 7889 7732 7891
f 7891 7732 7731
f 7891 7731 7828
f 7891 7828 7890
f 7890 7828 7829
f 7890 7829 7892
f 7892 7829 7830
f 7892 7830 7893
f 7893 7830 7831
f 7893 7831 7894
f 7894 7831 7832
f 7894 7832 7895
f 7895 7832 7833
f 7895 7833 7896
f 7896 7833 7897
f 7896 7897 7884
f 7884 7897 7883
f 7883 7897 7898
f 7883 7898 7882
f 7882 7898 7899
f 7882 7899 7881
f 7881 7899 7900
f 7881 7900 7880
f 7880 7900 7901
f 7880 7901 7879
f 7879 7901 7902
f 7879 7902 7878
f 7878 7902 7903
f 7878 7903 7904
f 7904 7903 7839
f 7904 7839 7840
f 7833 7834 7897
f 7897 7834 7898
f 7834 7835 7898
f 7898 7835 7899
f 7835 7836 7899
f 7899 7836 7900
f 7836 7837 7900
f 7900 7837 7901
f 7837 7838 7901
f 7901 7838 7902
f 7838 7839 7902
f 7902 7839 7903
f 7904 7840 7905
f 7905 7840 7841
f 7905 7841 7906
f 7906 7841 7842
f 7906 7842 7907
f 7907 7842 7843
f 7907 7843 7844
f 7907 7844 7908
f 7908 7844 7845
f 7908 7845 7909
f 7909 7845 7846
f 7909 7846 7910
f 7910 7846 7847
f 7910 7847 7911
f 7911 7847 7848
f 7911 7848 7912
f 7912 7848 7849
f 7912 7849 7913
f 7913 7849 7850
f 7913 7850 7914
f 7914 7850 7851
f 7914 7851 7852
f 7914 7852 7915
f 7915 7852 7853
f 7915 7853 7916
f 7916 7853 7854
f 7916 7854 7917
f 7917 7854 7855
f 7917 7855 7918
f 7918 7855 7856
f 7918 7856 7919
f 7919 7856 7857
f 7919 7857 7920
f 7920 7857 7858
f 7920 7858 7764
f 7764 7858 7765
f 7764 7859 7920
f 7920 7859 7860
f 7920 7860 7919
f 7919 7860 7861
f 7919 7861 7918
f 7918 7861 7862
f 7918 7862 7917
f 7917 7862 7863
f 7917 7863 7916
f 7916 7863 7864
f 7916 7864 7915
f 7915 7864 7865
f 7915 7865 7914
f 7914 7865 7866
f 7914 7866 7867
f 7914 7867 7913
f 7913 7867 7868
f 7913 7868 7912
f 7912 7868 7869
f 7912 7869 7911
f 7911 7869 7870
f 7911 7870 7910
f 7910 7870 7871
f 7910 7871 7909
f 7909 7871 7872
f 7909 7872 7908
f 7908 7872 7873
f 7908 7873 7907
f 7907 7873 7874
f 7907 7874 7875
f 7907 7875 7906
f 7906 7875 7876
f 7906 7876 7905
f 7905 7876 7877
f 7905 7877 7904
f 7904 7877 7878
f 7896 7884 7895
f 7895 7884 7885
f 7895 7885 7894
f 7894 7885 7886
f 7894 7886 7893
f 7893 7886 7887
f 7893 7887 7892
f 7892 7887 7888
f 7892 7888 7890
f 7890 7888 7889
f 7890 7889 7891
f 7859 7764 7921
f 7921 7764 7763
f 7921 7763 7762
f 7762 7761 7921
f 7921 7761 7760
f 7921 7760 7759
f 7759 7758 7921
f 7921 7758 7757
f 7921 7757 7756
f 7756 7755 7921
f 7921 7755 7754
f 7921 7754 7753
f 7753 7752 7921
f 7921 7752 7751
f 7921 7751 7750
f 7750 7749 7921
f 7921 7749 7748
f 7921 7748 7747
f 7747 7746 7921
f 7921 7746 7745
f 7921 7745 7744
f 7744 7743 7921
f 7921 7743 7742
f 7921 7742 7741
f 7741 7740 7921
f 7921 7740 7739
f 7921 7739 7738
f 7738 7737 7921
f 7921 7737 7736
f 7921 7736 7735
f 7735 7734 7921
f 7921 7734 7733
f 7921 7733 7732
f 7732 7889 7921
f 7921 7889 7888
f 7921 7888 7887
f 7887 7886 7921
f 7921 7886 7885
f 7921 7885 7884
f 7884 7883 7921
f 7921 7883 7882
f 7921 7882 7881
f 7881 7880 7921
f 7921 7880 7879
f 7921 7879 7878
f 7878 7877 7921
f 7921 7877 7876
f 7921 7876 7875
f 7875 7874 7921
f 7921 7874 7873
f 7921 7873 7872
f 7872 7871 7921
f 7921 7871 7870
f 7921 7870 7869
f 7869 7868 7921
f 7921 7868 7867
f 7921 7867 7866
f 7866 7865 7921
f 7921 7865 7864
f 7921 7864 7863
f 7863 7862 7921
f 7921 7862 7861
f 7921 7861 7860
f 7860 7859 7921
f 7828 7731 7922
f 7922 7731 7796
f 7922 7796 7795
f 7795 7794 7922
f 7922 7794 7793
f 7922 7793 7792
f 7792 7791 7922
f 7922 7791 7790
f 7922 7790 7789
f 7789 7788 7922
f 7922 7788 7787
f 7922 7787 7786
f 7786 7785 7922
f 7922 7785 7784
f 7922 7784 7783
f 7783 7782 7922
f 7922 7782 7781
f 7922 7781 7780
f 7780 7779 7922
f 7922 7779 7778
f 7922 7778 7777
f 7777 7776 7922
f 7922 7776 7775
f 7922 7775 7774
f 7774 7773 7922
f 7922 7773 7772
f 7922 7772 7771
f 7771 7770 7922
f 7922 7770 7769
f 7922 7769 7768
f 7768 7767 7922
f 7922 7767 7766
f 7922 7766 7765
f 7765 7858 7922
f 7922 7858 7857
f 7922 7857 7856
f 7856 7855 7922
f 7922 7855 7854
f 7922 7854 7853
f 7853 7852 7922
f 7922 7852 7851
f 7922 7851 7850
f 7850 7849 7922
f 7922 7849 7848
f 7922 7848 7847
f 7847 7846 7922
f 7922 7846 7845
f 7922 7845 7844
f 7844 7843 7922
f 7922 7843 7842
f 7922 7842 7841
f 7841 7840 7922
f 7922 7840 7839
f 7922 7839 7838
f 7838 7837 7922
f 7922 7837 7836
f 7922 7836 7835
f 7835 7834 7922
f 7922 7834 7833
f 7922 7833 7832
f 7832 7831 7922
f 7922 7831 7830
f 7922 7830 7829
f 7829 7828 7922
g MeshBody41

v 158.306946 200.964798 1.320800
v 158.306946 200.964798 1.371600
v 158.310806 201.050385 1.371600
v 158.322861 201.138107 1.371600
v 158.343719 201.226883 1.371600
v 158.373825 201.315399 1.371600
v 158.413361 201.402283 1.371600
v 158.462219 201.486008 1.371600
v 158.519974 201.565155 1.371600
v 158.585938 201.638306 1.371600
v 158.659088 201.704269 1.371600
v 158.738235 201.762039 1.371600
v 158.821976 201.810898 1.371600
v 158.908844 201.850433 1.371600
v 158.997360 201.880524 1.371600
v 159.086136 201.901398 1.371600
v 159.173874 201.913452 1.371600
v 159.259460 201.917297 1.371600
v 159.345032 201.913452 1.371600
v 159.432770 201.901398 1.371600
v 159.521545 201.880524 1.371600
v 159.610062 201.850433 1.371600
v 159.696930 201.810898 1.371600
v 159.780670 201.762039 1.371600
v 159.859818 201.704269 1.371600
v 159.932968 201.638306 1.371600
v 159.998932 201.565155 1.371600
v 160.056686 201.486008 1.371600
v 160.105545 201.402283 1.371600
v 160.145081 201.315399 1.371600
v 160.175186 201.226883 1.371600
v 160.196060 201.138107 1.371600
v 160.208099 201.050385 1.371600
v 160.211960 200.964798 1.371600
v 160.211960 200.964798 1.320800
v 160.208099 201.050385 1.320800
v 160.196060 201.138107 1.320800
v 160.175186 201.226883 1.320800
v 160.145081 201.315399 1.320800
v 160.105545 201.402283 1.320800
v 160.056686 201.486008 1.320800
v 159.998932 201.565155 1.320800
v 159.932968 201.638306 1.320800
v 159.859818 201.704269 1.320800
v 159.780670 201.762039 1.320800
v 159.696930 201.810898 1.320800
v 159.610062 201.850433 1.320800
v 159.521545 201.880524 1.320800
v 159.432770 201.901398 1.320800
v 159.345032 201.913452 1.320800
v 159.259460 201.917297 1.320800
v 159.173874 201.913452 1.320800
v 159.086136 201.901398 1.320800
v 158.997360 201.880524 1.320800
v 158.908844 201.850433 1.320800
v 158.821976 201.810898 1.320800
v 158.738235 201.762039 1.320800
v 158.659088 201.704269 1.320800
v 158.585938 201.638306 1.320800
v 158.519974 201.565155 1.320800
v 158.462219 201.486008 1.320800
v 158.413361 201.402283 1.320800
v 158.373825 201.315399 1.320800
v 158.343719 201.226883 1.320800
v 158.322861 201.138107 1.320800
v 158.310806 201.050385 1.320800
v 158.312012 201.062805 1.346200
v 158.327896 201.163437 1.346200
v 158.355484 201.264938 1.346200
v 158.395264 201.365341 1.346200
v 158.447327 201.462494 1.346200
v 158.511200 201.554184 1.346200
v 158.585938 201.638306 1.346200
v 158.670059 201.713058 1.346200
v 158.761749 201.776932 1.346200
v 158.858902 201.828979 1.346200
v 158.959320 201.868774 1.346200
v 159.060822 201.896362 1.346200
v 159.161438 201.912247 1.346200
v 159.259460 201.917297 1.346200
v 159.357468 201.912247 1.346200
v 159.458084 201.896362 1.346200
v 159.534225 201.876801 1.346200
v 159.610062 201.850433 1.346200
v 159.684677 201.817123 1.346200
v 159.757156 201.776932 1.346200
v 159.826553 201.730087 1.346200
v 159.891968 201.676956 1.346200
v 159.952606 201.618103 1.346200
v 160.007706 201.554184 1.346200
v 160.056686 201.486008 1.346200
v 160.099136 201.414459 1.346200
v 160.134750 201.340454 1.346200
v 160.163422 201.264938 1.346200
v 160.185242 201.188797 1.346200
v 160.200363 201.112900 1.346200
v 160.209137 201.037994 1.346200
v 158.310806 200.879211 1.320800
v 158.322861 200.791489 1.320800
v 158.343719 200.702713 1.320800
v 158.373825 200.614182 1.320800
v 158.413361 200.527313 1.320800
v 158.462219 200.443573 1.320800
v 158.519974 200.364441 1.320800
v 158.585938 200.291275 1.320800
v 158.659088 200.225311 1.320800
v 158.738235 200.167572 1.320800
v 158.821976 200.118713 1.320800
v 158.908844 200.079178 1.320800
v 158.997360 200.049072 1.320800
v 159.086136 200.028198 1.320800
v 159.173874 200.016144 1.320800
v 159.259460 200.012299 1.320800
v 159.345032 200.016144 1.320800
v 159.432770 200.028198 1.320800
v 159.521545 200.049072 1.320800
v 159.610062 200.079178 1.320800
v 159.696930 200.118713 1.320800
v 159.780670 200.167572 1.320800
v 159.859818 200.225311 1.320800
v 159.932968 200.291275 1.320800
v 159.998932 200.364441 1.320800
v 160.056686 200.443573 1.320800
v 160.105545 200.527313 1.320800
v 160.145081 200.614182 1.320800
v 160.175186 200.702713 1.320800
v 160.196060 200.791489 1.320800
v 160.208099 200.879211 1.320800
v 160.208099 200.879211 1.371600
v 160.196060 200.791489 1.371600
v 160.175186 200.702713 1.371600
v 160.145081 200.614182 1.371600
v 160.105545 200.527313 1.371600
v 160.056686 200.443573 1.371600
v 159.998932 200.364441 1.371600
v 159.932968 200.291275 1.371600
v 159.859818 200.225311 1.371600
v 159.780670 200.167572 1.371600
v 159.696930 200.118713 1.371600
v 159.610062 200.079178 1.371600
v 159.521545 200.049072 1.371600
v 159.432770 200.028198 1.371600
v 159.345032 200.016144 1.371600
v 159.259460 200.012299 1.371600
v 159.173874 200.016144 1.371600
v 159.086136 200.028198 1.371600
v 158.997360 200.049072 1.371600
v 158.908844 200.079178 1.371600
v 158.821976 200.118713 1.371600
v 158.738235 200.167572 1.371600
v 158.659088 200.225311 1.371600
v 158.585938 200.291275 1.371600
v 158.519974 200.364441 1.371600
v 158.462219 200.443573 1.371600
v 158.413361 200.527313 1.371600
v 158.373825 200.614182 1.371600
v 158.343719 200.702713 1.371600
v 158.322861 200.791489 1.371600
v 158.310806 200.879211 1.371600
v 158.318527 200.816696 1.346200
v 158.309769 200.891586 1.346200
v 158.333664 200.740799 1.346200
v 158.355484 200.664673 1.346200
v 158.384155 200.589127 1.346200
v 158.419769 200.515121 1.346200
v 158.462219 200.443573 1.346200
v 158.511200 200.375397 1.346200
v 158.566315 200.311493 1.346200
v 158.626938 200.252640 1.346200
v 158.692352 200.199524 1.346200
v 158.761749 200.152664 1.346200
v 158.834229 200.112488 1.346200
v 158.908844 200.079178 1.346200
v 158.984680 200.052780 1.346200
v 159.060822 200.033234 1.346200
v 159.161438 200.017365 1.346200
v 159.259460 200.012299 1.346200
v 159.357468 200.017365 1.346200
v 159.458084 200.033234 1.346200
v 159.559586 200.060822 1.346200
v 159.660004 200.100616 1.346200
v 159.757156 200.152664 1.346200
v 159.848846 200.216553 1.346200
v 159.932968 200.291275 1.346200
v 160.007706 200.375397 1.346200
v 160.071579 200.467102 1.346200
v 160.123642 200.564240 1.346200
v 160.163422 200.664673 1.346200
v 160.191010 200.766174 1.346200
v 160.206894 200.866791 1.346200
v 159.259460 200.964798 1.371600
v 159.259460 200.964798 1.320800
f 7923 7924 7988
f 7988 7924 7989
f 7988 7989 7987
f 7987 7989 7990
f 7987 7990 7986
f 7986 7990 7991
f 7986 7991 7985
f 7985 7991 7992
f 7985 7992 7984
f 7984 7992 7993
f 7984 7993 7983
f 7983 7993 7994
f 7983 7994 7982
f 7982 7994 7995
f 7982 7995 7981
f 7981 7995 7980
f 7980 7995 7996
f 7980 7996 7979
f 7979 7996 7997
f 7979 7997 7978
f 7978 7997 7998
f 7978 7998 7977
f 7977 7998 7999
f 7977 7999 7976
f 7976 7999 8000
f 7976 8000 7975
f 7975 8000 8001
f 7975 8001 7974
f 7974 8001 8002
f 7974 8002 7973
f 7973 8002 7972
f 7972 8002 8003
f 7972 8003 7971
f 7971 8003 8004
f 7971 8004 7970
f 7970 8004 8005
f 7970 8005 7969
f 7969 8005 8006
f 7969 8006 8007
f 8007 8006 7944
f 8007 7944 7945
f 7924 7925 7989
f 7989 7925 7926
f 7989 7926 7990
f 7990 7926 7927
f 7990 7927 7991
f 7991 7927 7928
f 7991 7928 7992
f 7992 7928 7929
f 7992 7929 7993
f 7993 7929 7930
f 7993 7930 7994
f 7994 7930 7931
f 7994 7931 7995
f 7995 7931 7932
f 7995 7932 7933
f 7995 7933 7996
f 7996 7933 7934
f 7996 7934 7997
f 7997 7934 7935
f 7997 7935 7998
f 7998 7935 7936
f 7998 7936 7999
f 7999 7936 7937
f 7999 7937 8000
f 8000 7937 7938
f 8000 7938 8001
f 8001 7938 7939
f 8001 7939 8002
f 8002 7939 7940
f 8002 7940 7941
f 8002 7941 8003
f 8003 7941 7942
f 8003 7942 8004
f 8004 7942 7943
f 8004 7943 8005
f 8005 7943 7944
f 8005 7944 8006
f 8007 7945 8008
f 8008 7945 7946
f 8008 7946 8009
f 8009 7946 7947
f 8009 7947 8010
f 8010 7947 7948
f 8010 7948 8011
f 8011 7948 7949
f 8011 7949 8012
f 8012 7949 7950
f 8012 7950 8013
f 8013 7950 8014
f 8013 8014 7963
f 7963 8014 7962
f 7962 8014 8015
f 7962 8015 7961
f 7961 8015 8016
f 7961 8016 7960
f 7960 8016 8017
f 7960 8017 7959
f 7959 8017 8018
f 7959 8018 7958
f 7958 8018 8019
f 7958 8019 7957
f 7957 8019 7956
f 7956 8019 7955
f 7955 8019 8018
f 7955 8018 7954
f 7954 8018 8017
f 7954 8017 7953
f 7953 8017 8016
f 7953 8016 7952
f 7952 8016 8015
f 7952 8015 7951
f 7951 8015 8014
f 7951 8014 7950
f 8013 7963 8012
f 8012 7963 7964
f 8012 7964 8011
f 8011 7964 7965
f 8011 7965 8010
f 8010 7965 7966
f 8010 7966 8009
f 8009 7966 7967
f 8009 7967 8008
f 8008 7967 7968
f 8008 7968 8007
f 8007 7968 7969
f 8081 7924 8083
f 8083 7924 7923
f 8083 7923 8020
f 8083 8020 8082
f 8082 8020 8021
f 8082 8021 8084
f 8084 8021 8022
f 8084 8022 8085
f 8085 8022 8023
f 8085 8023 8086
f 8086 8023 8024
f 8086 8024 8087
f 8087 8024 8025
f 8087 8025 8088
f 8088 8025 8089
f 8088 8089 8076
f 8076 8089 8075
f 8075 8089 8090
f 8075 8090 8074
f 8074 8090 8091
f 8074 8091 8073
f 8073 8091 8092
f 8073 8092 8072
f 8072 8092 8093
f 8072 8093 8071
f 8071 8093 8094
f 8071 8094 8070
f 8070 8094 8095
f 8070 8095 8096
f 8096 8095 8031
f 8096 8031 8032
f 8025 8026 8089
f 8089 8026 8090
f 8026 8027 8090
f 8090 8027 8091
f 8027 8028 8091
f 8091 8028 8092
f 8028 8029 8092
f 8092 8029 8093
f 8029 8030 8093
f 8093 8030 8094
f 8030 8031 8094
f 8094 8031 8095
f 8096 8032 8097
f 8097 8032 8033
f 8097 8033 8098
f 8098 8033 8034
f 8098 8034 8099
f 8099 8034 8035
f 8099 8035 8036
f 8099 8036 8100
f 8100 8036 8037
f 8100 8037 8101
f 8101 8037 8038
f 8101 8038 8102
f 8102 8038 8039
f 8102 8039 8103
f 8103 8039 8040
f 8103 8040 8104
f 8104 8040 8041
f 8104 8041 8105
f 8105 8041 8042
f 8105 8042 8106
f 8106 8042 8043
f 8106 8043 8044
f 8106 8044 8107
f 8107 8044 8045
f 8107 8045 8108
f 8108 8045 8046
f 8108 8046 8109
f 8109 8046 8047
f 8109 8047 8110
f 8110 8047 8048
f 8110 8048 8111
f 8111 8048 8049
f 8111 8049 8112
f 8112 8049 8050
f 8112 8050 7956
f 7956 8050 7957
f 7956 8051 8112
f 8112 8051 8052
f 8112 8052 8111
f 8111 8052 8053
f 8111 8053 8110
f 8110 8053 8054
f 8110 8054 8109
f 8109 8054 8055
f 8109 8055 8108
f 8108 8055 8056
f 8108 8056 8107
f 8107 8056 8057
f 8107 8057 8106
f 8106 8057 8058
f 8106 8058 8059
f 8106 8059 8105
f 8105 8059 8060
f 8105 8060 8104
f 8104 8060 8061
f 8104 8061 8103
f 8103 8061 8062
f 8103 8062 8102
f 8102 8062 8063
f 8102 8063 8101
f 8101 8063 8064
f 8101 8064 8100
f 8100 8064 8065
f 8100 8065 8099
f 8099 8065 8066
f 8099 8066 8067
f 8099 8067 8098
f 8098 8067 8068
f 8098 8068 8097
f 8097 8068 8069
f 8097 8069 8096
f 8096 8069 8070
f 8088 8076 8087
f 8087 8076 8077
f 8087 8077 8086
f 8086 8077 8078
f 8086 8078 8085
f 8085 8078 8079
f 8085 8079 8084
f 8084 8079 8080
f 8084 8080 8082
f 8082 8080 8081
f 8082 8081 8083
f 8051 7956 8113
f 8113 7956 7955
f 8113 7955 7954
f 7954 7953 8113
f 8113 7953 7952
f 8113 7952 7951
f 7951 7950 8113
f 8113 7950 7949
f 8113 7949 7948
f 7948 7947 8113
f 8113 7947 7946
f 8113 7946 7945
f 7945 7944 8113
f 8113 7944 7943
f 8113 7943 7942
f 7942 7941 8113
f 8113 7941 7940
f 8113 7940 7939
f 7939 7938 8113
f 8113 7938 7937
f 8113 7937 7936
f 7936 7935 8113
f 8113 7935 7934
f 8113 7934 7933
f 7933 7932 8113
f 8113 7932 7931
f 8113 7931 7930
f 7930 7929 8113
f 8113 7929 7928
f 8113 7928 7927
f 7927 7926 8113
f 8113 7926 7925
f 8113 7925 7924
f 7924 8081 8113
f 8113 8081 8080
f 8113 8080 8079
f 8079 8078 8113
f 8113 8078 8077
f 8113 8077 8076
f 8076 8075 8113
f 8113 8075 8074
f 8113 8074 8073
f 8073 8072 8113
f 8113 8072 8071
f 8113 8071 8070
f 8070 8069 8113
f 8113 8069 8068
f 8113 8068 8067
f 8067 8066 8113
f 8113 8066 8065
f 8113 8065 8064
f 8064 8063 8113
f 8113 8063 8062
f 8113 8062 8061
f 8061 8060 8113
f 8113 8060 8059
f 8113 8059 8058
f 8058 8057 8113
f 8113 8057 8056
f 8113 8056 8055
f 8055 8054 8113
f 8113 8054 8053
f 8113 8053 8052
f 8052 8051 8113
f 8020 7923 8114
f 8114 7923 7988
f 8114 7988 7987
f 7987 7986 8114
f 8114 7986 7985
f 8114 7985 7984
f 7984 7983 8114
f 8114 7983 7982
f 8114 7982 7981
f 7981 7980 8114
f 8114 7980 7979
f 8114 7979 7978
f 7978 7977 8114
f 8114 7977 7976
f 8114 7976 7975
f 7975 7974 8114
f 8114 7974 7973
f 8114 7973 7972
f 7972 7971 8114
f 8114 7971 7970
f 8114 7970 7969
f 7969 7968 8114
f 8114 7968 7967
f 8114 7967 7966
f 7966 7965 8114
f 8114 7965 7964
f 8114 7964 7963
f 7963 7962 8114
f 8114 7962 7961
f 8114 7961 7960
f 7960 7959 8114
f 8114 7959 7958
f 8114 7958 7957
f 7957 8050 8114
f 8114 8050 8049
f 8114 8049 8048
f 8048 8047 8114
f 8114 8047 8046
f 8114 8046 8045
f 8045 8044 8114
f 8114 8044 8043
f 8114 8043 8042
f 8042 8041 8114
f 8114 8041 8040
f 8114 8040 8039
f 8039 8038 8114
f 8114 8038 8037
f 8114 8037 8036
f 8036 8035 8114
f 8114 8035 8034
f 8114 8034 8033
f 8033 8032 8114
f 8114 8032 8031
f 8114 8031 8030
f 8030 8029 8114
f 8114 8029 8028
f 8114 8028 8027
f 8027 8026 8114
f 8114 8026 8025
f 8114 8025 8024
f 8024 8023 8114
f 8114 8023 8022
f 8114 8022 8021
f 8021 8020 8114
g MeshBody42

v 83.021355 75.488800 1.320800
v 83.021355 75.488800 1.371600
v 83.025200 75.574387 1.371600
v 83.037254 75.662117 1.371600
v 83.058121 75.750885 1.371600
v 83.088234 75.839409 1.371600
v 83.127762 75.926277 1.371600
v 83.176620 76.010017 1.371600
v 83.234375 76.089157 1.371600
v 83.300331 76.162315 1.371600
v 83.373497 76.228279 1.371600
v 83.452637 76.286034 1.371600
v 83.536369 76.334892 1.371600
v 83.623245 76.374420 1.371600
v 83.711769 76.404533 1.371600
v 83.800529 76.425400 1.371600
v 83.888268 76.437447 1.371600
v 83.973854 76.441299 1.371600
v 84.059441 76.437447 1.371600
v 84.147179 76.425400 1.371600
v 84.235939 76.404533 1.371600
v 84.324463 76.374420 1.371600
v 84.411331 76.334892 1.371600
v 84.495071 76.286034 1.371600
v 84.574219 76.228279 1.371600
v 84.647369 76.162315 1.371600
v 84.713326 76.089157 1.371600
v 84.771095 76.010017 1.371600
v 84.819946 75.926277 1.371600
v 84.859482 75.839409 1.371600
v 84.889587 75.750885 1.371600
v 84.910454 75.662117 1.371600
v 84.922501 75.574387 1.371600
v 84.926353 75.488800 1.371600
v 84.926353 75.488800 1.320800
v 84.922501 75.574387 1.320800
v 84.910454 75.662117 1.320800
v 84.889587 75.750885 1.320800
v 84.859482 75.839409 1.320800
v 84.819946 75.926277 1.320800
v 84.771095 76.010017 1.320800
v 84.713326 76.089157 1.320800
v 84.647369 76.162315 1.320800
v 84.574219 76.228279 1.320800
v 84.495071 76.286034 1.320800
v 84.411331 76.334892 1.320800
v 84.324463 76.374420 1.320800
v 84.235939 76.404533 1.320800
v 84.147179 76.425400 1.320800
v 84.059441 76.437447 1.320800
v 83.973854 76.441299 1.320800
v 83.888268 76.437447 1.320800
v 83.800529 76.425400 1.320800
v 83.711769 76.404533 1.320800
v 83.623245 76.374420 1.320800
v 83.536369 76.334892 1.320800
v 83.452637 76.286034 1.320800
v 83.373497 76.228279 1.320800
v 83.300331 76.162315 1.320800
v 83.234375 76.089157 1.320800
v 83.176620 76.010017 1.320800
v 83.127762 75.926277 1.320800
v 83.088234 75.839409 1.320800
v 83.058121 75.750885 1.320800
v 83.037254 75.662117 1.320800
v 83.025200 75.574387 1.320800
v 83.026413 75.586807 1.346200
v 83.042297 75.687431 1.346200
v 83.069878 75.788933 1.346200
v 83.109665 75.889343 1.346200
v 83.161728 75.986496 1.346200
v 83.225609 76.078186 1.346200
v 83.300331 76.162315 1.346200
v 83.384460 76.237053 1.346200
v 83.476151 76.300926 1.346200
v 83.573311 76.352982 1.346200
v 83.673721 76.392776 1.346200
v 83.775223 76.420357 1.346200
v 83.875839 76.436241 1.346200
v 83.973854 76.441299 1.346200
v 84.071861 76.436241 1.346200
v 84.172485 76.420357 1.346200
v 84.248634 76.400803 1.346200
v 84.324463 76.374420 1.346200
v 84.399078 76.341118 1.346200
v 84.471550 76.300926 1.346200
v 84.540955 76.254082 1.346200
v 84.606377 76.200958 1.346200
v 84.667000 76.142097 1.346200
v 84.722107 76.078186 1.346200
v 84.771095 76.010017 1.346200
v 84.813530 75.938461 1.346200
v 84.849144 75.864464 1.346200
v 84.877831 75.788933 1.346200
v 84.899643 75.712791 1.346200
v 84.914764 75.636894 1.346200
v 84.923538 75.562004 1.346200
v 83.025200 75.403214 1.320800
v 83.037254 75.315475 1.320800
v 83.058121 75.226707 1.320800
v 83.088234 75.138191 1.320800
v 83.127762 75.051315 1.320800
v 83.176620 74.967583 1.320800
v 83.234375 74.888443 1.320800
v 83.300331 74.815285 1.320800
v 83.373497 74.749321 1.320800
v 83.452637 74.691559 1.320800
v 83.536369 74.642708 1.320800
v 83.623245 74.603180 1.320800
v 83.711769 74.573067 1.320800
v 83.800529 74.552200 1.320800
v 83.888268 74.540154 1.320800
v 83.973854 74.536301 1.320800
v 84.059441 74.540154 1.320800
v 84.147179 74.552200 1.320800
v 84.235939 74.573067 1.320800
v 84.324463 74.603180 1.320800
v 84.411331 74.642708 1.320800
v 84.495071 74.691559 1.320800
v 84.574219 74.749321 1.320800
v 84.647369 74.815285 1.320800
v 84.713326 74.888443 1.320800
v 84.771095 74.967583 1.320800
v 84.819946 75.051315 1.320800
v 84.859482 75.138191 1.320800
v 84.889587 75.226707 1.320800
v 84.910454 75.315475 1.320800
v 84.922501 75.403214 1.320800
v 84.922501 75.403214 1.371600
v 84.910454 75.315475 1.371600
v 84.889587 75.226707 1.371600
v 84.859482 75.138191 1.371600
v 84.819946 75.051315 1.371600
v 84.771095 74.967583 1.371600
v 84.713326 74.888443 1.371600
v 84.647369 74.815285 1.371600
v 84.574219 74.749321 1.371600
v 84.495071 74.691559 1.371600
v 84.411331 74.642708 1.371600
v 84.324463 74.603180 1.371600
v 84.235939 74.573067 1.371600
v 84.147179 74.552200 1.371600
v 84.059441 74.540154 1.371600
v 83.973854 74.536301 1.371600
v 83.888268 74.540154 1.371600
v 83.800529 74.552200 1.371600
v 83.711769 74.573067 1.371600
v 83.623245 74.603180 1.371600
v 83.536369 74.642708 1.371600
v 83.452637 74.691559 1.371600
v 83.373497 74.749321 1.371600
v 83.300331 74.815285 1.371600
v 83.234375 74.888443 1.371600
v 83.176620 74.967583 1.371600
v 83.127762 75.051315 1.371600
v 83.088234 75.138191 1.371600
v 83.058121 75.226707 1.371600
v 83.037254 75.315475 1.371600
v 83.025200 75.403214 1.371600
v 83.032936 75.340706 1.346200
v 83.024178 75.415596 1.346200
v 83.048073 75.264801 1.346200
v 83.069878 75.188660 1.346200
v 83.098557 75.113136 1.346200
v 83.134178 75.039131 1.346200
v 83.176620 74.967583 1.346200
v 83.225609 74.899406 1.346200
v 83.280708 74.835503 1.346200
v 83.341339 74.776634 1.346200
v 83.406761 74.723511 1.346200
v 83.476151 74.676674 1.346200
v 83.548630 74.636482 1.346200
v 83.623245 74.603180 1.346200
v 83.699074 74.576797 1.346200
v 83.775223 74.557243 1.346200
v 83.875839 74.541351 1.346200
v 83.973854 74.536301 1.346200
v 84.071861 74.541351 1.346200
v 84.172485 74.557243 1.346200
v 84.273994 74.584824 1.346200
v 84.374405 74.624611 1.346200
v 84.471550 74.676674 1.346200
v 84.563240 74.740547 1.346200
v 84.647369 74.815285 1.346200
v 84.722107 74.899406 1.346200
v 84.785988 74.991096 1.346200
v 84.838036 75.088257 1.346200
v 84.877831 75.188660 1.346200
v 84.905418 75.290169 1.346200
v 84.921295 75.390785 1.346200
v 83.973854 75.488800 1.371600
v 83.973854 75.488800 1.320800
f 8115 8116 8180
f 8180 8116 8181
f 8180 8181 8179
f 8179 8181 8182
f 8179 8182 8178
f 8178 8182 8183
f 8178 8183 8177
f 8177 8183 8184
f 8177 8184 8176
f 8176 8184 8185
f 8176 8185 8175
f 8175 8185 8186
f 8175 8186 8174
f 8174 8186 8187
f 8174 8187 8173
f 8173 8187 8172
f 8172 8187 8188
f 8172 8188 8171
f 8171 8188 8189
f 8171 8189 8170
f 8170 8189 8190
f 8170 8190 8169
f 8169 8190 8191
f 8169 8191 8168
f 8168 8191 8192
f 8168 8192 8167
f 8167 8192 8193
f 8167 8193 8166
f 8166 8193 8194
f 8166 8194 8165
f 8165 8194 8164
f 8164 8194 8195
f 8164 8195 8163
f 8163 8195 8196
f 8163 8196 8162
f 8162 8196 8197
f 8162 8197 8161
f 8161 8197 8198
f 8161 8198 8199
f 8199 8198 8136
f 8199 8136 8137
f 8116 8117 8181
f 8181 8117 8118
f 8181 8118 8182
f 8182 8118 8119
f 8182 8119 8183
f 8183 8119 8120
f 8183 8120 8184
f 8184 8120 8121
f 8184 8121 8185
f 8185 8121 8122
f 8185 8122 8186
f 8186 8122 8123
f 8186 8123 8187
f 8187 8123 8124
f 8187 8124 8125
f 8187 8125 8188
f 8188 8125 8126
f 8188 8126 8189
f 8189 8126 8127
f 8189 8127 8190
f 8190 8127 8128
f 8190 8128 8191
f 8191 8128 8129
f 8191 8129 8192
f 8192 8129 8130
f 8192 8130 8193
f 8193 8130 8131
f 8193 8131 8194
f 8194 8131 8132
f 8194 8132 8133
f 8194 8133 8195
f 8195 8133 8134
f 8195 8134 8196
f 8196 8134 8135
f 8196 8135 8197
f 8197 8135 8136
f 8197 8136 8198
f 8199 8137 8200
f 8200 8137 8138
f 8200 8138 8201
f 8201 8138 8139
f 8201 8139 8202
f 8202 8139 8140
f 8202 8140 8203
f 8203 8140 8141
f 8203 8141 8204
f 8204 8141 8142
f 8204 8142 8205
f 8205 8142 8206
f 8205 8206 8155
f 8155 8206 8154
f 8154 8206 8207
f 8154 8207 8153
f 8153 8207 8208
f 8153 8208 8152
f 8152 8208 8209
f 8152 8209 8151
f 8151 8209 8210
f 8151 8210 8150
f 8150 8210 8211
f 8150 8211 8149
f 8149 8211 8148
f 8148 8211 8147
f 8147 8211 8210
f 8147 8210 8146
f 8146 8210 8209
f 8146 8209 8145
f 8145 8209 8208
f 8145 8208 8144
f 8144 8208 8207
f 8144 8207 8143
f 8143 8207 8206
f 8143 8206 8142
f 8205 8155 8204
f 8204 8155 8156
f 8204 8156 8203
f 8203 8156 8157
f 8203 8157 8202
f 8202 8157 8158
f 8202 8158 8201
f 8201 8158 8159
f 8201 8159 8200
f 8200 8159 8160
f 8200 8160 8199
f 8199 8160 8161
f 8273 8116 8275
f 8275 8116 8115
f 8275 8115 8212
f 8275 8212 8274
f 8274 8212 8213
f 8274 8213 8276
f 8276 8213 8214
f 8276 8214 8277
f 8277 8214 8215
f 8277 8215 8278
f 8278 8215 8216
f 8278 8216 8279
f 8279 8216 8217
f 8279 8217 8280
f 8280 8217 8281
f 8280 8281 8268
f 8268 8281 8267
f 8267 8281 8282
f 8267 8282 8266
f 8266 8282 8283
f 8266 8283 8265
f 8265 8283 8284
f 8265 8284 8264
f 8264 8284 8285
f 8264 8285 8263
f 8263 8285 8286
f 8263 8286 8262
f 8262 8286 8287
f 8262 8287 8288
f 8288 8287 8223
f 8288 8223 8224
f 8217 8218 8281
f 8281 8218 8282
f 8218 8219 8282
f 8282 8219 8283
f 8219 8220 8283
f 8283 8220 8284
f 8220 8221 8284
f 8284 8221 8285
f 8221 8222 8285
f 8285 8222 8286
f 8222 8223 8286
f 8286 8223 8287
f 8288 8224 8289
f 8289 8224 8225
f 8289 8225 8290
f 8290 8225 8226
f 8290 8226 8291
f 8291 8226 8227
f 8291 8227 8228
f 8291 8228 8292
f 8292 8228 8229
f 8292 8229 8293
f 8293 8229 8230
f 8293 8230 8294
f 8294 8230 8231
f 8294 8231 8295
f 8295 8231 8232
f 8295 8232 8296
f 8296 8232 8233
f 8296 8233 8297
f 8297 8233 8234
f 8297 8234 8298
f 8298 8234 8235
f 8298 8235 8236
f 8298 8236 8299
f 8299 8236 8237
f 8299 8237 8300
f 8300 8237 8238
f 8300 8238 8301
f 8301 8238 8239
f 8301 8239 8302
f 8302 8239 8240
f 8302 8240 8303
f 8303 8240 8241
f 8303 8241 8304
f 8304 8241 8242
f 8304 8242 8148
f 8148 8242 8149
f 8148 8243 8304
f 8304 8243 8244
f 8304 8244 8303
f 8303 8244 8245
f 8303 8245 8302
f 8302 8245 8246
f 8302 8246 8301
f 8301 8246 8247
f 8301 8247 8300
f 8300 8247 8248
f 8300 8248 8299
f 8299 8248 8249
f 8299 8249 8298
f 8298 8249 8250
f 8298 8250 8251
f 8298 8251 8297
f 8297 8251 8252
f 8297 8252 8296
f 8296 8252 8253
f 8296 8253 8295
f 8295 8253 8254
f 8295 8254 8294
f 8294 8254 8255
f 8294 8255 8293
f 8293 8255 8256
f 8293 8256 8292
f 8292 8256 8257
f 8292 8257 8291
f 8291 8257 8258
f 8291 8258 8259
f 8291 8259 8290
f 8290 8259 8260
f 8290 8260 8289
f 8289 8260 8261
f 8289 8261 8288
f 8288 8261 8262
f 8280 8268 8279
f 8279 8268 8269
f 8279 8269 8278
f 8278 8269 8270
f 8278 8270 8277
f 8277 8270 8271
f 8277 8271 8276
f 8276 8271 8272
f 8276 8272 8274
f 8274 8272 8273
f 8274 8273 8275
f 8243 8148 8305
f 8305 8148 8147
f 8305 8147 8146
f 8146 8145 8305
f 8305 8145 8144
f 8305 8144 8143
f 8143 8142 8305
f 8305 8142 8141
f 8305 8141 8140
f 8140 8139 8305
f 8305 8139 8138
f 8305 8138 8137
f 8137 8136 8305
f 8305 8136 8135
f 8305 8135 8134
f 8134 8133 8305
f 8305 8133 8132
f 8305 8132 8131
f 8131 8130 8305
f 8305 8130 8129
f 8305 8129 8128
f 8128 8127 8305
f 8305 8127 8126
f 8305 8126 8125
f 8125 8124 8305
f 8305 8124 8123
f 8305 8123 8122
f 8122 8121 8305
f 8305 8121 8120
f 8305 8120 8119
f 8119 8118 8305
f 8305 8118 8117
f 8305 8117 8116
f 8116 8273 8305
f 8305 8273 8272
f 8305 8272 8271
f 8271 8270 8305
f 8305 8270 8269
f 8305 8269 8268
f 8268 8267 8305
f 8305 8267 8266
f 8305 8266 8265
f 8265 8264 8305
f 8305 8264 8263
f 8305 8263 8262
f 8262 8261 8305
f 8305 8261 8260
f 8305 8260 8259
f 8259 8258 8305
f 8305 8258 8257
f 8305 8257 8256
f 8256 8255 8305
f 8305 8255 8254
f 8305 8254 8253
f 8253 8252 8305
f 8305 8252 8251
f 8305 8251 8250
f 8250 8249 8305
f 8305 8249 8248
f 8305 8248 8247
f 8247 8246 8305
f 8305 8246 8245
f 8305 8245 8244
f 8244 8243 8305
f 8212 8115 8306
f 8306 8115 8180
f 8306 8180 8179
f 8179 8178 8306
f 8306 8178 8177
f 8306 8177 8176
f 8176 8175 8306
f 8306 8175 8174
f 8306 8174 8173
f 8173 8172 8306
f 8306 8172 8171
f 8306 8171 8170
f 8170 8169 8306
f 8306 8169 8168
f 8306 8168 8167
f 8167 8166 8306
f 8306 8166 8165
f 8306 8165 8164
f 8164 8163 8306
f 8306 8163 8162
f 8306 8162 8161
f 8161 8160 8306
f 8306 8160 8159
f 8306 8159 8158
f 8158 8157 8306
f 8306 8157 8156
f 8306 8156 8155
f 8155 8154 8306
f 8306 8154 8153
f 8306 8153 8152
f 8152 8151 8306
f 8306 8151 8150
f 8306 8150 8149
f 8149 8242 8306
f 8306 8242 8241
f 8306 8241 8240
f 8240 8239 8306
f 8306 8239 8238
f 8306 8238 8237
f 8237 8236 8306
f 8306 8236 8235
f 8306 8235 8234
f 8234 8233 8306
f 8306 8233 8232
f 8306 8232 8231
f 8231 8230 8306
f 8306 8230 8229
f 8306 8229 8228
f 8228 8227 8306
f 8306 8227 8226
f 8306 8226 8225
f 8225 8224 8306
f 8306 8224 8223
f 8306 8223 8222
f 8222 8221 8306
f 8306 8221 8220
f 8306 8220 8219
f 8219 8218 8306
f 8306 8218 8217
f 8306 8217 8216
f 8216 8215 8306
f 8306 8215 8214
f 8306 8214 8213
f 8213 8212 8306
g MeshBody43

v 183.402161 200.964798 1.320800
v 183.402161 200.964798 1.371600
v 183.406006 201.050385 1.371600
v 183.418045 201.138107 1.371600
v 183.438919 201.226883 1.371600
v 183.469025 201.315399 1.371600
v 183.508560 201.402283 1.371600
v 183.557419 201.486008 1.371600
v 183.615189 201.565155 1.371600
v 183.681137 201.638306 1.371600
v 183.754288 201.704269 1.371600
v 183.833420 201.762039 1.371600
v 183.917175 201.810898 1.371600
v 184.004044 201.850433 1.371600
v 184.092560 201.880524 1.371600
v 184.181335 201.901398 1.371600
v 184.269058 201.913452 1.371600
v 184.354660 201.917297 1.371600
v 184.440231 201.913452 1.371600
v 184.527985 201.901398 1.371600
v 184.616730 201.880524 1.371600
v 184.705261 201.850433 1.371600
v 184.792130 201.810898 1.371600
v 184.875870 201.762039 1.371600
v 184.955002 201.704269 1.371600
v 185.028183 201.638306 1.371600
v 185.094131 201.565155 1.371600
v 185.151886 201.486008 1.371600
v 185.200745 201.402283 1.371600
v 185.240280 201.315399 1.371600
v 185.270401 201.226883 1.371600
v 185.291245 201.138107 1.371600
v 185.303299 201.050385 1.371600
v 185.307159 200.964798 1.371600
v 185.307159 200.964798 1.320800
v 185.303299 201.050385 1.320800
v 185.291245 201.138107 1.320800
v 185.270401 201.226883 1.320800
v 185.240280 201.315399 1.320800
v 185.200745 201.402283 1.320800
v 185.151886 201.486008 1.320800
v 185.094131 201.565155 1.320800
v 185.028183 201.638306 1.320800
v 184.955002 201.704269 1.320800
v 184.875870 201.762039 1.320800
v 184.792130 201.810898 1.320800
v 184.705261 201.850433 1.320800
v 184.616730 201.880524 1.320800
v 184.527985 201.901398 1.320800
v 184.440231 201.913452 1.320800
v 184.354660 201.917297 1.320800
v 184.269058 201.913452 1.320800
v 184.181335 201.901398 1.320800
v 184.092560 201.880524 1.320800
v 184.004044 201.850433 1.320800
v 183.917175 201.810898 1.320800
v 183.833420 201.762039 1.320800
v 183.754288 201.704269 1.320800
v 183.681137 201.638306 1.320800
v 183.615189 201.565155 1.320800
v 183.557419 201.486008 1.320800
v 183.508560 201.402283 1.320800
v 183.469025 201.315399 1.320800
v 183.438919 201.226883 1.320800
v 183.418045 201.138107 1.320800
v 183.406006 201.050385 1.320800
v 183.407211 201.062805 1.346200
v 183.423080 201.163437 1.346200
v 183.450684 201.264938 1.346200
v 183.490463 201.365341 1.346200
v 183.542511 201.462494 1.346200
v 183.606400 201.554184 1.346200
v 183.681137 201.638306 1.346200
v 183.765274 201.713058 1.346200
v 183.856949 201.776932 1.346200
v 183.954102 201.828979 1.346200
v 184.054520 201.868774 1.346200
v 184.156021 201.896362 1.346200
v 184.256638 201.912247 1.346200
v 184.354660 201.917297 1.346200
v 184.452667 201.912247 1.346200
v 184.553284 201.896362 1.346200
v 184.629425 201.876801 1.346200
v 184.705261 201.850433 1.346200
v 184.779877 201.817123 1.346200
v 184.852356 201.776932 1.346200
v 184.921753 201.730087 1.346200
v 184.987167 201.676956 1.346200
v 185.047791 201.618103 1.346200
v 185.102905 201.554184 1.346200
v 185.151886 201.486008 1.346200
v 185.194336 201.414459 1.346200
v 185.229950 201.340454 1.346200
v 185.258636 201.264938 1.346200
v 185.280426 201.188797 1.346200
v 185.295563 201.112900 1.346200
v 185.304321 201.037994 1.346200
v 183.406006 200.879211 1.320800
v 183.418045 200.791489 1.320800
v 183.438919 200.702713 1.320800
v 183.469025 200.614182 1.320800
v 183.508560 200.527313 1.320800
v 183.557419 200.443573 1.320800
v 183.615189 200.364441 1.320800
v 183.681137 200.291275 1.320800
v 183.754288 200.225311 1.320800
v 183.833420 200.167572 1.320800
v 183.917175 200.118713 1.320800
v 184.004044 200.079178 1.320800
v 184.092560 200.049072 1.320800
v 184.181335 200.028198 1.320800
v 184.269058 200.016144 1.320800
v 184.354660 200.012299 1.320800
v 184.440231 200.016144 1.320800
v 184.527985 200.028198 1.320800
v 184.616730 200.049072 1.320800
v 184.705261 200.079178 1.320800
v 184.792130 200.118713 1.320800
v 184.875870 200.167572 1.320800
v 184.955002 200.225311 1.320800
v 185.028183 200.291275 1.320800
v 185.094131 200.364441 1.320800
v 185.151886 200.443573 1.320800
v 185.200745 200.527313 1.320800
v 185.240280 200.614182 1.320800
v 185.270401 200.702713 1.320800
v 185.291245 200.791489 1.320800
v 185.303299 200.879211 1.320800
v 185.303299 200.879211 1.371600
v 185.291245 200.791489 1.371600
v 185.270401 200.702713 1.371600
v 185.240280 200.614182 1.371600
v 185.200745 200.527313 1.371600
v 185.151886 200.443573 1.371600
v 185.094131 200.364441 1.371600
v 185.028183 200.291275 1.371600
v 184.955002 200.225311 1.371600
v 184.875870 200.167572 1.371600
v 184.792130 200.118713 1.371600
v 184.705261 200.079178 1.371600
v 184.616730 200.049072 1.371600
v 184.527985 200.028198 1.371600
v 184.440231 200.016144 1.371600
v 184.354660 200.012299 1.371600
v 184.269058 200.016144 1.371600
v 184.181335 200.028198 1.371600
v 184.092560 200.049072 1.371600
v 184.004044 200.079178 1.371600
v 183.917175 200.118713 1.371600
v 183.833420 200.167572 1.371600
v 183.754288 200.225311 1.371600
v 183.681137 200.291275 1.371600
v 183.615189 200.364441 1.371600
v 183.557419 200.443573 1.371600
v 183.508560 200.527313 1.371600
v 183.469025 200.614182 1.371600
v 183.438919 200.702713 1.371600
v 183.418045 200.791489 1.371600
v 183.406006 200.879211 1.371600
v 183.413742 200.816696 1.346200
v 183.404968 200.891586 1.346200
v 183.428864 200.740799 1.346200
v 183.450684 200.664673 1.346200
v 183.479355 200.589127 1.346200
v 183.514984 200.515121 1.346200
v 183.557419 200.443573 1.346200
v 183.606400 200.375397 1.346200
v 183.661499 200.311493 1.346200
v 183.722137 200.252640 1.346200
v 183.787552 200.199524 1.346200
v 183.856949 200.152664 1.346200
v 183.929428 200.112488 1.346200
v 184.004044 200.079178 1.346200
v 184.079865 200.052780 1.346200
v 184.156021 200.033234 1.346200
v 184.256638 200.017365 1.346200
v 184.354660 200.012299 1.346200
v 184.452667 200.017365 1.346200
v 184.553284 200.033234 1.346200
v 184.654785 200.060822 1.346200
v 184.755188 200.100616 1.346200
v 184.852356 200.152664 1.346200
v 184.944031 200.216553 1.346200
v 185.028183 200.291275 1.346200
v 185.102905 200.375397 1.346200
v 185.166779 200.467102 1.346200
v 185.218842 200.564240 1.346200
v 185.258636 200.664673 1.346200
v 185.286209 200.766174 1.346200
v 185.302094 200.866791 1.346200
v 184.354660 200.964798 1.371600
v 184.354660 200.964798 1.320800
f 8307 8308 8372
f 8372 8308 8373
f 8372 8373 8371
f 8371 8373 8374
f 8371 8374 8370
f 8370 8374 8375
f 8370 8375 8369
f 8369 8375 8376
f 8369 8376 8368
f 8368 8376 8377
f 8368 8377 8367
f 8367 8377 8378
f 8367 8378 8366
f 8366 8378 8379
f 8366 8379 8365
f 8365 8379 8364
f 8364 8379 8380
f 8364 8380 8363
f 8363 8380 8381
f 8363 8381 8362
f 8362 8381 8382
f 8362 8382 8361
f 8361 8382 8383
f 8361 8383 8360
f 8360 8383 8384
f 8360 8384 8359
f 8359 8384 8385
f 8359 8385 8358
f 8358 8385 8386
f 8358 8386 8357
f 8357 8386 8356
f 8356 8386 8387
f 8356 8387 8355
f 8355 8387 8388
f 8355 8388 8354
f 8354 8388 8389
f 8354 8389 8353
f 8353 8389 8390
f 8353 8390 8391
f 8391 8390 8328
f 8391 8328 8329
f 8308 8309 8373
f 8373 8309 8310
f 8373 8310 8374
f 8374 8310 8311
f 8374 8311 8375
f 8375 8311 8312
f 8375 8312 8376
f 8376 8312 8313
f 8376 8313 8377
f 8377 8313 8314
f 8377 8314 8378
f 8378 8314 8315
f 8378 8315 8379
f 8379 8315 8316
f 8379 8316 8317
f 8379 8317 8380
f 8380 8317 8318
f 8380 8318 8381
f 8381 8318 8319
f 8381 8319 8382
f 8382 8319 8320
f 8382 8320 8383
f 8383 8320 8321
f 8383 8321 8384
f 8384 8321 8322
f 8384 8322 8385
f 8385 8322 8323
f 8385 8323 8386
f 8386 8323 8324
f 8386 8324 8325
f 8386 8325 8387
f 8387 8325 8326
f 8387 8326 8388
f 8388 8326 8327
f 8388 8327 8389
f 8389 8327 8328
f 8389 8328 8390
f 8391 8329 8392
f 8392 8329 8330
f 8392 8330 8393
f 8393 8330 8331
f 8393 8331 8394
f 8394 8331 8332
f 8394 8332 8395
f 8395 8332 8333
f 8395 8333 8396
f 8396 8333 8334
f 8396 8334 8397
f 8397 8334 8398
f 8397 8398 8347
f 8347 8398 8346
f 8346 8398 8399
f 8346 8399 8345
f 8345 8399 8400
f 8345 8400 8344
f 8344 8400 8401
f 8344 8401 8343
f 8343 8401 8402
f 8343 8402 8342
f 8342 8402 8403
f 8342 8403 8341
f 8341 8403 8340
f 8340 8403 8339
f 8339 8403 8402
f 8339 8402 8338
f 8338 8402 8401
f 8338 8401 8337
f 8337 8401 8400
f 8337 8400 8336
f 8336 8400 8399
f 8336 8399 8335
f 8335 8399 8398
f 8335 8398 8334
f 8397 8347 8396
f 8396 8347 8348
f 8396 8348 8395
f 8395 8348 8349
f 8395 8349 8394
f 8394 8349 8350
f 8394 8350 8393
f 8393 8350 8351
f 8393 8351 8392
f 8392 8351 8352
f 8392 8352 8391
f 8391 8352 8353
f 8465 8308 8467
f 8467 8308 8307
f 8467 8307 8404
f 8467 8404 8466
f 8466 8404 8405
f 8466 8405 8468
f 8468 8405 8406
f 8468 8406 8469
f 8469 8406 8407
f 8469 8407 8470
f 8470 8407 8408
f 8470 8408 8471
f 8471 8408 8409
f 8471 8409 8472
f 8472 8409 8473
f 8472 8473 8460
f 8460 8473 8459
f 8459 8473 8474
f 8459 8474 8458
f 8458 8474 8475
f 8458 8475 8457
f 8457 8475 8476
f 8457 8476 8456
f 8456 8476 8477
f 8456 8477 8455
f 8455 8477 8478
f 8455 8478 8454
f 8454 8478 8479
f 8454 8479 8480
f 8480 8479 8415
f 8480 8415 8416
f 8409 8410 8473
f 8473 8410 8474
f 8410 8411 8474
f 8474 8411 8475
f 8411 8412 8475
f 8475 8412 8476
f 8412 8413 8476
f 8476 8413 8477
f 8413 8414 8477
f 8477 8414 8478
f 8414 8415 8478
f 8478 8415 8479
f 8480 8416 8481
f 8481 8416 8417
f 8481 8417 8482
f 8482 8417 8418
f 8482 8418 8483
f 8483 8418 8419
f 8483 8419 8420
f 8483 8420 8484
f 8484 8420 8421
f 8484 8421 8485
f 8485 8421 8422
f 8485 8422 8486
f 8486 8422 8423
f 8486 8423 8487
f 8487 8423 8424
f 8487 8424 8488
f 8488 8424 8425
f 8488 8425 8489
f 8489 8425 8426
f 8489 8426 8490
f 8490 8426 8427
f 8490 8427 8428
f 8490 8428 8491
f 8491 8428 8429
f 8491 8429 8492
f 8492 8429 8430
f 8492 8430 8493
f 8493 8430 8431
f 8493 8431 8494
f 8494 8431 8432
f 8494 8432 8495
f 8495 8432 8433
f 8495 8433 8496
f 8496 8433 8434
f 8496 8434 8340
f 8340 8434 8341
f 8340 8435 8496
f 8496 8435 8436
f 8496 8436 8495
f 8495 8436 8437
f 8495 8437 8494
f 8494 8437 8438
f 8494 8438 8493
f 8493 8438 8439
f 8493 8439 8492
f 8492 8439 8440
f 8492 8440 8491
f 8491 8440 8441
f 8491 8441 8490
f 8490 8441 8442
f 8490 8442 8443
f 8490 8443 8489
f 8489 8443 8444
f 8489 8444 8488
f 8488 8444 8445
f 8488 8445 8487
f 8487 8445 8446
f 8487 8446 8486
f 8486 8446 8447
f 8486 8447 8485
f 8485 8447 8448
f 8485 8448 8484
f 8484 8448 8449
f 8484 8449 8483
f 8483 8449 8450
f 8483 8450 8451
f 8483 8451 8482
f 8482 8451 8452
f 8482 8452 8481
f 8481 8452 8453
f 8481 8453 8480
f 8480 8453 8454
f 8472 8460 8471
f 8471 8460 8461
f 8471 8461 8470
f 8470 8461 8462
f 8470 8462 8469
f 8469 8462 8463
f 8469 8463 8468
f 8468 8463 8464
f 8468 8464 8466
f 8466 8464 8465
f 8466 8465 8467
f 8435 8340 8497
f 8497 8340 8339
f 8497 8339 8338
f 8338 8337 8497
f 8497 8337 8336
f 8497 8336 8335
f 8335 8334 8497
f 8497 8334 8333
f 8497 8333 8332
f 8332 8331 8497
f 8497 8331 8330
f 8497 8330 8329
f 8329 8328 8497
f 8497 8328 8327
f 8497 8327 8326
f 8326 8325 8497
f 8497 8325 8324
f 8497 8324 8323
f 8323 8322 8497
f 8497 8322 8321
f 8497 8321 8320
f 8320 8319 8497
f 8497 8319 8318
f 8497 8318 8317
f 8317 8316 8497
f 8497 8316 8315
f 8497 8315 8314
f 8314 8313 8497
f 8497 8313 8312
f 8497 8312 8311
f 8311 8310 8497
f 8497 8310 8309
f 8497 8309 8308
f 8308 8465 8497
f 8497 8465 8464
f 8497 8464 8463
f 8463 8462 8497
f 8497 8462 8461
f 8497 8461 8460
f 8460 8459 8497
f 8497 8459 8458
f 8497 8458 8457
f 8457 8456 8497
f 8497 8456 8455
f 8497 8455 8454
f 8454 8453 8497
f 8497 8453 8452
f 8497 8452 8451
f 8451 8450 8497
f 8497 8450 8449
f 8497 8449 8448
f 8448 8447 8497
f 8497 8447 8446
f 8497 8446 8445
f 8445 8444 8497
f 8497 8444 8443
f 8497 8443 8442
f 8442 8441 8497
f 8497 8441 8440
f 8497 8440 8439
f 8439 8438 8497
f 8497 8438 8437
f 8497 8437 8436
f 8436 8435 8497
f 8404 8307 8498
f 8498 8307 8372
f 8498 8372 8371
f 8371 8370 8498
f 8498 8370 8369
f 8498 8369 8368
f 8368 8367 8498
f 8498 8367 8366
f 8498 8366 8365
f 8365 8364 8498
f 8498 8364 8363
f 8498 8363 8362
f 8362 8361 8498
f 8498 8361 8360
f 8498 8360 8359
f 8359 8358 8498
f 8498 8358 8357
f 8498 8357 8356
f 8356 8355 8498
f 8498 8355 8354
f 8498 8354 8353
f 8353 8352 8498
f 8498 8352 8351
f 8498 8351 8350
f 8350 8349 8498
f 8498 8349 8348
f 8498 8348 8347
f 8347 8346 8498
f 8498 8346 8345
f 8498 8345 8344
f 8344 8343 8498
f 8498 8343 8342
f 8498 8342 8341
f 8341 8434 8498
f 8498 8434 8433
f 8498 8433 8432
f 8432 8431 8498
f 8498 8431 8430
f 8498 8430 8429
f 8429 8428 8498
f 8498 8428 8427
f 8498 8427 8426
f 8426 8425 8498
f 8498 8425 8424
f 8498 8424 8423
f 8423 8422 8498
f 8498 8422 8421
f 8498 8421 8420
f 8420 8419 8498
f 8498 8419 8418
f 8498 8418 8417
f 8417 8416 8498
f 8498 8416 8415
f 8498 8415 8414
f 8414 8413 8498
f 8498 8413 8412
f 8498 8412 8411
f 8411 8410 8498
f 8498 8410 8409
f 8498 8409 8408
f 8408 8407 8498
f 8498 8407 8406
f 8498 8406 8405
f 8405 8404 8498
g MeshBody44

v 32.830952 50.393600 1.320800
v 32.830952 50.393600 1.371600
v 32.834808 50.479187 1.371600
v 32.846855 50.566917 1.371600
v 32.867722 50.655685 1.371600
v 32.897831 50.744209 1.371600
v 32.937363 50.831078 1.371600
v 32.986214 50.914818 1.371600
v 33.043980 50.993961 1.371600
v 33.109936 51.067120 1.371600
v 33.183094 51.133076 1.371600
v 33.262238 51.190838 1.371600
v 33.345978 51.239693 1.371600
v 33.432846 51.279224 1.371600
v 33.521366 51.309334 1.371600
v 33.610134 51.330200 1.371600
v 33.697868 51.342247 1.371600
v 33.783455 51.346100 1.371600
v 33.869041 51.342247 1.371600
v 33.956772 51.330200 1.371600
v 34.045544 51.309334 1.371600
v 34.134064 51.279224 1.371600
v 34.220932 51.239693 1.371600
v 34.304672 51.190838 1.371600
v 34.383816 51.133076 1.371600
v 34.456974 51.067120 1.371600
v 34.522930 50.993961 1.371600
v 34.580692 50.914818 1.371600
v 34.629543 50.831078 1.371600
v 34.669079 50.744209 1.371600
v 34.699188 50.655685 1.371600
v 34.720055 50.566917 1.371600
v 34.732101 50.479187 1.371600
v 34.735954 50.393600 1.371600
v 34.735954 50.393600 1.320800
v 34.732101 50.479187 1.320800
v 34.720055 50.566917 1.320800
v 34.699188 50.655685 1.320800
v 34.669079 50.744209 1.320800
v 34.629543 50.831078 1.320800
v 34.580692 50.914818 1.320800
v 34.522930 50.993961 1.320800
v 34.456974 51.067120 1.320800
v 34.383816 51.133076 1.320800
v 34.304672 51.190838 1.320800
v 34.220932 51.239693 1.320800
v 34.134064 51.279224 1.320800
v 34.045544 51.309334 1.320800
v 33.956772 51.330200 1.320800
v 33.869041 51.342247 1.320800
v 33.783455 51.346100 1.320800
v 33.697868 51.342247 1.320800
v 33.610134 51.330200 1.320800
v 33.521366 51.309334 1.320800
v 33.432846 51.279224 1.320800
v 33.345978 51.239693 1.320800
v 33.262238 51.190838 1.320800
v 33.183094 51.133076 1.320800
v 33.109936 51.067120 1.320800
v 33.043980 50.993961 1.320800
v 32.986214 50.914818 1.320800
v 32.937363 50.831078 1.320800
v 32.897831 50.744209 1.320800
v 32.867722 50.655685 1.320800
v 32.846855 50.566917 1.320800
v 32.834808 50.479187 1.320800
v 32.836010 50.491611 1.346200
v 32.851894 50.592232 1.346200
v 32.879478 50.693737 1.346200
v 32.919266 50.794147 1.346200
v 32.971325 50.891296 1.346200
v 33.035206 50.982986 1.346200
v 33.109936 51.067120 1.346200
v 33.194065 51.141850 1.346200
v 33.285755 51.205730 1.346200
v 33.382908 51.257786 1.346200
v 33.483318 51.297577 1.346200
v 33.584824 51.325157 1.346200
v 33.685444 51.341042 1.346200
v 33.783455 51.346100 1.346200
v 33.881466 51.341042 1.346200
v 33.982086 51.325157 1.346200
v 34.058235 51.305603 1.346200
v 34.134064 51.279224 1.346200
v 34.208679 51.245911 1.346200
v 34.281155 51.205730 1.346200
v 34.350552 51.158882 1.346200
v 34.415974 51.105762 1.346200
v 34.476601 51.046902 1.346200
v 34.531704 50.982986 1.346200
v 34.580692 50.914818 1.346200
v 34.623131 50.843266 1.346200
v 34.658745 50.769260 1.346200
v 34.687431 50.693737 1.346200
v 34.709244 50.617599 1.346200
v 34.724373 50.541695 1.346200
v 34.733135 50.466801 1.346200
v 32.834808 50.308014 1.320800
v 32.846855 50.220284 1.320800
v 32.867722 50.131512 1.320800
v 32.897831 50.042992 1.320800
v 32.937363 49.956123 1.320800
v 32.986214 49.872383 1.320800
v 33.043980 49.793240 1.320800
v 33.109936 49.720081 1.320800
v 33.183094 49.654125 1.320800
v 33.262238 49.596363 1.320800
v 33.345978 49.547508 1.320800
v 33.432846 49.507977 1.320800
v 33.521366 49.477867 1.320800
v 33.610134 49.457001 1.320800
v 33.697868 49.444950 1.320800
v 33.783455 49.441101 1.320800
v 33.869041 49.444950 1.320800
v 33.956772 49.457001 1.320800
v 34.045544 49.477867 1.320800
v 34.134064 49.507977 1.320800
v 34.220932 49.547508 1.320800
v 34.304672 49.596363 1.320800
v 34.383816 49.654125 1.320800
v 34.456974 49.720081 1.320800
v 34.522930 49.793240 1.320800
v 34.580692 49.872383 1.320800
v 34.629543 49.956123 1.320800
v 34.669079 50.042992 1.320800
v 34.699188 50.131512 1.320800
v 34.720055 50.220284 1.320800
v 34.732101 50.308014 1.320800
v 34.732101 50.308014 1.371600
v 34.720055 50.220284 1.371600
v 34.699188 50.131512 1.371600
v 34.669079 50.042992 1.371600
v 34.629543 49.956123 1.371600
v 34.580692 49.872383 1.371600
v 34.522930 49.793240 1.371600
v 34.456974 49.720081 1.371600
v 34.383816 49.654125 1.371600
v 34.304672 49.596363 1.371600
v 34.220932 49.547508 1.371600
v 34.134064 49.507977 1.371600
v 34.045544 49.477867 1.371600
v 33.956772 49.457001 1.371600
v 33.869041 49.444950 1.371600
v 33.783455 49.441101 1.371600
v 33.697868 49.444950 1.371600
v 33.610134 49.457001 1.371600
v 33.521366 49.477867 1.371600
v 33.432846 49.507977 1.371600
v 33.345978 49.547508 1.371600
v 33.262238 49.596363 1.371600
v 33.183094 49.654125 1.371600
v 33.109936 49.720081 1.371600
v 33.043980 49.793240 1.371600
v 32.986214 49.872383 1.371600
v 32.937363 49.956123 1.371600
v 32.897831 50.042992 1.371600
v 32.867722 50.131512 1.371600
v 32.846855 50.220284 1.371600
v 32.834808 50.308014 1.371600
v 32.842537 50.245502 1.346200
v 32.833775 50.320396 1.346200
v 32.857666 50.169601 1.346200
v 32.879478 50.093464 1.346200
v 32.908161 50.017941 1.346200
v 32.943779 49.943932 1.346200
v 32.986214 49.872383 1.346200
v 33.035206 49.804211 1.346200
v 33.090309 49.740295 1.346200
v 33.150932 49.681438 1.346200
v 33.216358 49.628319 1.346200
v 33.285755 49.581470 1.346200
v 33.358231 49.541286 1.346200
v 33.432846 49.507977 1.346200
v 33.508675 49.481598 1.346200
v 33.584824 49.462040 1.346200
v 33.685444 49.446159 1.346200
v 33.783455 49.441101 1.346200
v 33.881466 49.446159 1.346200
v 33.982086 49.462040 1.346200
v 34.083591 49.489624 1.346200
v 34.184002 49.529411 1.346200
v 34.281155 49.581470 1.346200
v 34.372845 49.645351 1.346200
v 34.456974 49.720081 1.346200
v 34.531704 49.804211 1.346200
v 34.595585 49.895901 1.346200
v 34.647644 49.993053 1.346200
v 34.687431 50.093464 1.346200
v 34.715015 50.194969 1.346200
v 34.730900 50.295586 1.346200
v 33.783455 50.393600 1.371600
v 33.783455 50.393600 1.320800
f 8499 8500 8564
f 8564 8500 8565
f 8564 8565 8563
f 8563 8565 8566
f 8563 8566 8562
f 8562 8566 8567
f 8562 8567 8561
f 8561 8567 8568
f 8561 8568 8560
f 8560 8568 8569
f 8560 8569 8559
f 8559 8569 8570
f 8559 8570 8558
f 8558 8570 8571
f 8558 8571 8557
f 8557 8571 8556
f 8556 8571 8572
f 8556 8572 8555
f 8555 8572 8573
f 8555 8573 8554
f 8554 8573 8574
f 8554 8574 8553
f 8553 8574 8575
f 8553 8575 8552
f 8552 8575 8576
f 8552 8576 8551
f 8551 8576 8577
f 8551 8577 8550
f 8550 8577 8578
f 8550 8578 8549
f 8549 8578 8548
f 8548 8578 8579
f 8548 8579 8547
f 8547 8579 8580
f 8547 8580 8546
f 8546 8580 8581
f 8546 8581 8545
f 8545 8581 8582
f 8545 8582 8583
f 8583 8582 8520
f 8583 8520 8521
f 8500 8501 8565
f 8565 8501 8502
f 8565 8502 8566
f 8566 8502 8503
f 8566 8503 8567
f 8567 8503 8504
f 8567 8504 8568
f 8568 8504 8505
f 8568 8505 8569
f 8569 8505 8506
f 8569 8506 8570
f 8570 8506 8507
f 8570 8507 8571
f 8571 8507 8508
f 8571 8508 8509
f 8571 8509 8572
f 8572 8509 8510
f 8572 8510 8573
f 8573 8510 8511
f 8573 8511 8574
f 8574 8511 8512
f 8574 8512 8575
f 8575 8512 8513
f 8575 8513 8576
f 8576 8513 8514
f 8576 8514 8577
f 8577 8514 8515
f 8577 8515 8578
f 8578 8515 8516
f 8578 8516 8517
f 8578 8517 8579
f 8579 8517 8518
f 8579 8518 8580
f 8580 8518 8519
f 8580 8519 8581
f 8581 8519 8520
f 8581 8520 8582
f 8583 8521 8584
f 8584 8521 8522
f 8584 8522 8585
f 8585 8522 8523
f 8585 8523 8586
f 8586 8523 8524
f 8586 8524 8587
f 8587 8524 8525
f 8587 8525 8588
f 8588 8525 8526
f 8588 8526 8589
f 8589 8526 8590
f 8589 8590 8539
f 8539 8590 8538
f 8538 8590 8591
f 8538 8591 8537
f 8537 8591 8592
f 8537 8592 8536
f 8536 8592 8593
f 8536 8593 8535
f 8535 8593 8594
f 8535 8594 8534
f 8534 8594 8595
f 8534 8595 8533
f 8533 8595 8532
f 8532 8595 8531
f 8531 8595 8594
f 8531 8594 8530
f 8530 8594 8593
f 8530 8593 8529
f 8529 8593 8592
f 8529 8592 8528
f 8528 8592 8591
f 8528 8591 8527
f 8527 8591 8590
f 8527 8590 8526
f 8589 8539 8588
f 8588 8539 8540
f 8588 8540 8587
f 8587 8540 8541
f 8587 8541 8586
f 8586 8541 8542
f 8586 8542 8585
f 8585 8542 8543
f 8585 8543 8584
f 8584 8543 8544
f 8584 8544 8583
f 8583 8544 8545
f 8657 8500 8659
f 8659 8500 8499
f 8659 8499 8596
f 8659 8596 8658
f 8658 8596 8597
f 8658 8597 8660
f 8660 8597 8598
f 8660 8598 8661
f 8661 8598 8599
f 8661 8599 8662
f 8662 8599 8600
f 8662 8600 8663
f 8663 8600 8601
f 8663 8601 8664
f 8664 8601 8665
f 8664 8665 8652
f 8652 8665 8651
f 8651 8665 8666
f 8651 8666 8650
f 8650 8666 8667
f 8650 8667 8649
f 8649 8667 8668
f 8649 8668 8648
f 8648 8668 8669
f 8648 8669 8647
f 8647 8669 8670
f 8647 8670 8646
f 8646 8670 8671
f 8646 8671 8672
f 8672 8671 8607
f 8672 8607 8608
f 8601 8602 8665
f 8665 8602 8666
f 8602 8603 8666
f 8666 8603 8667
f 8603 8604 8667
f 8667 8604 8668
f 8604 8605 8668
f 8668 8605 8669
f 8605 8606 8669
f 8669 8606 8670
f 8606 8607 8670
f 8670 8607 8671
f 8672 8608 8673
f 8673 8608 8609
f 8673 8609 8674
f 8674 8609 8610
f 8674 8610 8675
f 8675 8610 8611
f 8675 8611 8612
f 8675 8612 8676
f 8676 8612 8613
f 8676 8613 8677
f 8677 8613 8614
f 8677 8614 8678
f 8678 8614 8615
f 8678 8615 8679
f 8679 8615 8616
f 8679 8616 8680
f 8680 8616 8617
f 8680 8617 8681
f 8681 8617 8618
f 8681 8618 8682
f 8682 8618 8619
f 8682 8619 8620
f 8682 8620 8683
f 8683 8620 8621
f 8683 8621 8684
f 8684 8621 8622
f 8684 8622 8685
f 8685 8622 8623
f 8685 8623 8686
f 8686 8623 8624
f 8686 8624 8687
f 8687 8624 8625
f 8687 8625 8688
f 8688 8625 8626
f 8688 8626 8532
f 8532 8626 8533
f 8532 8627 8688
f 8688 8627 8628
f 8688 8628 8687
f 8687 8628 8629
f 8687 8629 8686
f 8686 8629 8630
f 8686 8630 8685
f 8685 8630 8631
f 8685 8631 8684
f 8684 8631 8632
f 8684 8632 8683
f 8683 8632 8633
f 8683 8633 8682
f 8682 8633 8634
f 8682 8634 8635
f 8682 8635 8681
f 8681 8635 8636
f 8681 8636 8680
f 8680 8636 8637
f 8680 8637 8679
f 8679 8637 8638
f 8679 8638 8678
f 8678 8638 8639
f 8678 8639 8677
f 8677 8639 8640
f 8677 8640 8676
f 8676 8640 8641
f 8676 8641 8675
f 8675 8641 8642
f 8675 8642 8643
f 8675 8643 8674
f 8674 8643 8644
f 8674 8644 8673
f 8673 8644 8645
f 8673 8645 8672
f 8672 8645 8646
f 8664 8652 8663
f 8663 8652 8653
f 8663 8653 8662
f 8662 8653 8654
f 8662 8654 8661
f 8661 8654 8655
f 8661 8655 8660
f 8660 8655 8656
f 8660 8656 8658
f 8658 8656 8657
f 8658 8657 8659
f 8627 8532 8689
f 8689 8532 8531
f 8689 8531 8530
f 8530 8529 8689
f 8689 8529 8528
f 8689 8528 8527
f 8527 8526 8689
f 8689 8526 8525
f 8689 8525 8524
f 8524 8523 8689
f 8689 8523 8522
f 8689 8522 8521
f 8521 8520 8689
f 8689 8520 8519
f 8689 8519 8518
f 8518 8517 8689
f 8689 8517 8516
f 8689 8516 8515
f 8515 8514 8689
f 8689 8514 8513
f 8689 8513 8512
f 8512 8511 8689
f 8689 8511 8510
f 8689 8510 8509
f 8509 8508 8689
f 8689 8508 8507
f 8689 8507 8506
f 8506 8505 8689
f 8689 8505 8504
f 8689 8504 8503
f 8503 8502 8689
f 8689 8502 8501
f 8689 8501 8500
f 8500 8657 8689
f 8689 8657 8656
f 8689 8656 8655
f 8655 8654 8689
f 8689 8654 8653
f 8689 8653 8652
f 8652 8651 8689
f 8689 8651 8650
f 8689 8650 8649
f 8649 8648 8689
f 8689 8648 8647
f 8689 8647 8646
f 8646 8645 8689
f 8689 8645 8644
f 8689 8644 8643
f 8643 8642 8689
f 8689 8642 8641
f 8689 8641 8640
f 8640 8639 8689
f 8689 8639 8638
f 8689 8638 8637
f 8637 8636 8689
f 8689 8636 8635
f 8689 8635 8634
f 8634 8633 8689
f 8689 8633 8632
f 8689 8632 8631
f 8631 8630 8689
f 8689 8630 8629
f 8689 8629 8628
f 8628 8627 8689
f 8596 8499 8690
f 8690 8499 8564
f 8690 8564 8563
f 8563 8562 8690
f 8690 8562 8561
f 8690 8561 8560
f 8560 8559 8690
f 8690 8559 8558
f 8690 8558 8557
f 8557 8556 8690
f 8690 8556 8555
f 8690 8555 8554
f 8554 8553 8690
f 8690 8553 8552
f 8690 8552 8551
f 8551 8550 8690
f 8690 8550 8549
f 8690 8549 8548
f 8548 8547 8690
f 8690 8547 8546
f 8690 8546 8545
f 8545 8544 8690
f 8690 8544 8543
f 8690 8543 8542
f 8542 8541 8690
f 8690 8541 8540
f 8690 8540 8539
f 8539 8538 8690
f 8690 8538 8537
f 8690 8537 8536
f 8536 8535 8690
f 8690 8535 8534
f 8690 8534 8533
f 8533 8626 8690
f 8690 8626 8625
f 8690 8625 8624
f 8624 8623 8690
f 8690 8623 8622
f 8690 8622 8621
f 8621 8620 8690
f 8690 8620 8619
f 8690 8619 8618
f 8618 8617 8690
f 8690 8617 8616
f 8690 8616 8615
f 8615 8614 8690
f 8690 8614 8613
f 8690 8613 8612
f 8612 8611 8690
f 8690 8611 8610
f 8690 8610 8609
f 8609 8608 8690
f 8690 8608 8607
f 8690 8607 8606
f 8606 8605 8690
f 8690 8605 8604
f 8690 8604 8603
f 8603 8602 8690
f 8690 8602 8601
f 8690 8601 8600
f 8600 8599 8690
f 8690 8599 8598
f 8690 8598 8597
f 8597 8596 8690
g MeshBody45

v 208.497345 25.298399 1.320800
v 208.497345 25.298399 1.371600
v 208.501205 25.383986 1.371600
v 208.513260 25.471720 1.371600
v 208.534134 25.560490 1.371600
v 208.564224 25.649010 1.371600
v 208.603760 25.735878 1.371600
v 208.652603 25.819618 1.371600
v 208.710373 25.898758 1.371600
v 208.776321 25.971920 1.371600
v 208.849503 26.037874 1.371600
v 208.928635 26.095638 1.371600
v 209.012375 26.144489 1.371600
v 209.099243 26.184025 1.371600
v 209.187775 26.214130 1.371600
v 209.276520 26.234997 1.371600
v 209.364273 26.247046 1.371600
v 209.449844 26.250900 1.371600
v 209.535446 26.247046 1.371600
v 209.623169 26.234997 1.371600
v 209.711945 26.214130 1.371600
v 209.800461 26.184025 1.371600
v 209.887314 26.144489 1.371600
v 209.971069 26.095638 1.371600
v 210.050217 26.037874 1.371600
v 210.123367 25.971920 1.371600
v 210.189331 25.898758 1.371600
v 210.247086 25.819618 1.371600
v 210.295944 25.735878 1.371600
v 210.335480 25.649010 1.371600
v 210.365585 25.560490 1.371600
v 210.386459 25.471720 1.371600
v 210.398499 25.383986 1.371600
v 210.402344 25.298399 1.371600
v 210.402344 25.298399 1.320800
v 210.398499 25.383986 1.320800
v 210.386459 25.471720 1.320800
v 210.365585 25.560490 1.320800
v 210.335480 25.649010 1.320800
v 210.295944 25.735878 1.320800
v 210.247086 25.819618 1.320800
v 210.189331 25.898758 1.320800
v 210.123367 25.971920 1.320800
v 210.050217 26.037874 1.320800
v 209.971069 26.095638 1.320800
v 209.887314 26.144489 1.320800
v 209.800461 26.184025 1.320800
v 209.711945 26.214130 1.320800
v 209.623169 26.234997 1.320800
v 209.535446 26.247046 1.320800
v 209.449844 26.250900 1.320800
v 209.364273 26.247046 1.320800
v 209.276520 26.234997 1.320800
v 209.187775 26.214130 1.320800
v 209.099243 26.184025 1.320800
v 209.012375 26.144489 1.320800
v 208.928635 26.095638 1.320800
v 208.849503 26.037874 1.320800
v 208.776321 25.971920 1.320800
v 208.710373 25.898758 1.320800
v 208.652603 25.819618 1.320800
v 208.603760 25.735878 1.320800
v 208.564224 25.649010 1.320800
v 208.534134 25.560490 1.320800
v 208.513260 25.471720 1.320800
v 208.501205 25.383986 1.320800
v 208.502411 25.396412 1.346200
v 208.518295 25.497028 1.346200
v 208.545868 25.598536 1.346200
v 208.585663 25.698944 1.346200
v 208.637726 25.796097 1.346200
v 208.701599 25.887787 1.346200
v 208.776321 25.971920 1.346200
v 208.860458 26.046648 1.346200
v 208.952148 26.110527 1.346200
v 209.049316 26.162586 1.346200
v 209.149704 26.202375 1.346200
v 209.251221 26.229959 1.346200
v 209.351837 26.245844 1.346200
v 209.449844 26.250900 1.346200
v 209.547867 26.245844 1.346200
v 209.648483 26.229959 1.346200
v 209.724640 26.210403 1.346200
v 209.800461 26.184025 1.346200
v 209.875076 26.150715 1.346200
v 209.947556 26.110527 1.346200
v 210.016953 26.063683 1.346200
v 210.082367 26.010561 1.346200
v 210.143005 25.951700 1.346200
v 210.198090 25.887787 1.346200
v 210.247086 25.819618 1.346200
v 210.289520 25.748068 1.346200
v 210.325150 25.674063 1.346200
v 210.353821 25.598536 1.346200
v 210.375641 25.522396 1.346200
v 210.390762 25.446493 1.346200
v 210.399536 25.371605 1.346200
v 208.501205 25.212814 1.320800
v 208.513260 25.125080 1.320800
v 208.534134 25.036310 1.320800
v 208.564224 24.947788 1.320800
v 208.603760 24.860922 1.320800
v 208.652603 24.777182 1.320800
v 208.710373 24.698042 1.320800
v 208.776321 24.624880 1.320800
v 208.849503 24.558922 1.320800
v 208.928635 24.501162 1.320800
v 209.012375 24.452309 1.320800
v 209.099243 24.412775 1.320800
v 209.187775 24.382668 1.320800
v 209.276520 24.361803 1.320800
v 209.364273 24.349754 1.320800
v 209.449844 24.345900 1.320800
v 209.535446 24.349754 1.320800
v 209.623169 24.361803 1.320800
v 209.711945 24.382668 1.320800
v 209.800461 24.412775 1.320800
v 209.887314 24.452309 1.320800
v 209.971069 24.501162 1.320800
v 210.050217 24.558922 1.320800
v 210.123367 24.624880 1.320800
v 210.189331 24.698042 1.320800
v 210.247086 24.777182 1.320800
v 210.295944 24.860922 1.320800
v 210.335480 24.947788 1.320800
v 210.365585 25.036310 1.320800
v 210.386459 25.125080 1.320800
v 210.398499 25.212814 1.320800
v 210.398499 25.212814 1.371600
v 210.386459 25.125080 1.371600
v 210.365585 25.036310 1.371600
v 210.335480 24.947788 1.371600
v 210.295944 24.860922 1.371600
v 210.247086 24.777182 1.371600
v 210.189331 24.698042 1.371600
v 210.123367 24.624880 1.371600
v 210.050217 24.558922 1.371600
v 209.971069 24.501162 1.371600
v 209.887314 24.452309 1.371600
v 209.800461 24.412775 1.371600
v 209.711945 24.382668 1.371600
v 209.623169 24.361803 1.371600
v 209.535446 24.349754 1.371600
v 209.449844 24.345900 1.371600
v 209.364273 24.349754 1.371600
v 209.276520 24.361803 1.371600
v 209.187775 24.382668 1.371600
v 209.099243 24.412775 1.371600
v 209.012375 24.452309 1.371600
v 208.928635 24.501162 1.371600
v 208.849503 24.558922 1.371600
v 208.776321 24.624880 1.371600
v 208.710373 24.698042 1.371600
v 208.652603 24.777182 1.371600
v 208.603760 24.860922 1.371600
v 208.564224 24.947788 1.371600
v 208.534134 25.036310 1.371600
v 208.513260 25.125080 1.371600
v 208.501205 25.212814 1.371600
v 208.508942 25.150303 1.346200
v 208.500183 25.225195 1.346200
v 208.524078 25.074404 1.346200
v 208.545868 24.998262 1.346200
v 208.574554 24.922737 1.346200
v 208.610168 24.848732 1.346200
v 208.652603 24.777182 1.346200
v 208.701599 24.709013 1.346200
v 208.756714 24.645100 1.346200
v 208.817322 24.586239 1.346200
v 208.882751 24.533117 1.346200
v 208.952148 24.486271 1.346200
v 209.024628 24.446085 1.346200
v 209.099243 24.412775 1.346200
v 209.175079 24.386396 1.346200
v 209.251221 24.366840 1.346200
v 209.351837 24.350956 1.346200
v 209.449844 24.345900 1.346200
v 209.547867 24.350956 1.346200
v 209.648483 24.366840 1.346200
v 209.749985 24.394421 1.346200
v 209.850403 24.434214 1.346200
v 209.947556 24.486271 1.346200
v 210.039246 24.550150 1.346200
v 210.123367 24.624880 1.346200
v 210.198090 24.709013 1.346200
v 210.261993 24.800703 1.346200
v 210.314041 24.897856 1.346200
v 210.353821 24.998262 1.346200
v 210.381424 25.099771 1.346200
v 210.397293 25.200388 1.346200
v 209.449844 25.298399 1.371600
v 209.449844 25.298399 1.320800
f 8691 8692 8756
f 8756 8692 8757
f 8756 8757 8755
f 8755 8757 8758
f 8755 8758 8754
f 8754 8758 8759
f 8754 8759 8753
f 8753 8759 8760
f 8753 8760 8752
f 8752 8760 8761
f 8752 8761 8751
f 8751 8761 8762
f 8751 8762 8750
f 8750 8762 8763
f 8750 8763 8749
f 8749 8763 8748
f 8748 8763 8764
f 8748 8764 8747
f 8747 8764 8765
f 8747 8765 8746
f 8746 8765 8766
f 8746 8766 8745
f 8745 8766 8767
f 8745 8767 8744
f 8744 8767 8768
f 8744 8768 8743
f 8743 8768 8769
f 8743 8769 8742
f 8742 8769 8770
f 8742 8770 8741
f 8741 8770 8740
f 8740 8770 8771
f 8740 8771 8739
f 8739 8771 8772
f 8739 8772 8738
f 8738 8772 8773
f 8738 8773 8737
f 8737 8773 8774
f 8737 8774 8775
f 8775 8774 8712
f 8775 8712 8713
f 8692 8693 8757
f 8757 8693 8694
f 8757 8694 8758
f 8758 8694 8695
f 8758 8695 8759
f 8759 8695 8696
f 8759 8696 8760
f 8760 8696 8697
f 8760 8697 8761
f 8761 8697 8698
f 8761 8698 8762
f 8762 8698 8699
f 8762 8699 8763
f 8763 8699 8700
f 8763 8700 8701
f 8763 8701 8764
f 8764 8701 8702
f 8764 8702 8765
f 8765 8702 8703
f 8765 8703 8766
f 8766 8703 8704
f 8766 8704 8767
f 8767 8704 8705
f 8767 8705 8768
f 8768 8705 8706
f 8768 8706 8769
f 8769 8706 8707
f 8769 8707 8770
f 8770 8707 8708
f 8770 8708 8709
f 8770 8709 8771
f 8771 8709 8710
f 8771 8710 8772
f 8772 8710 8711
f 8772 8711 8773
f 8773 8711 8712
f 8773 8712 8774
f 8775 8713 8776
f 8776 8713 8714
f 8776 8714 8777
f 8777 8714 8715
f 8777 8715 8778
f 8778 8715 8716
f 8778 8716 8779
f 8779 8716 8717
f 8779 8717 8780
f 8780 8717 8718
f 8780 8718 8781
f 8781 8718 8782
f 8781 8782 8731
f 8731 8782 8730
f 8730 8782 8783
f 8730 8783 8729
f 8729 8783 8784
f 8729 8784 8728
f 8728 8784 8785
f 8728 8785 8727
f 8727 8785 8786
f 8727 8786 8726
f 8726 8786 8787
f 8726 8787 8725
f 8725 8787 8724
f 8724 8787 8723
f 8723 8787 8786
f 8723 8786 8722
f 8722 8786 8785
f 8722 8785 8721
f 8721 8785 8784
f 8721 8784 8720
f 8720 8784 8783
f 8720 8783 8719
f 8719 8783 8782
f 8719 8782 8718
f 8781 8731 8780
f 8780 8731 8732
f 8780 8732 8779
f 8779 8732 8733
f 8779 8733 8778
f 8778 8733 8734
f 8778 8734 8777
f 8777 8734 8735
f 8777 8735 8776
f 8776 8735 8736
f 8776 8736 8775
f 8775 8736 8737
f 8849 8692 8851
f 8851 8692 8691
f 8851 8691 8788
f 8851 8788 8850
f 8850 8788 8789
f 8850 8789 8852
f 8852 8789 8790
f 8852 8790 8853
f 8853 8790 8791
f 8853 8791 8854
f 8854 8791 8792
f 8854 8792 8855
f 8855 8792 8793
f 8855 8793 8856
f 8856 8793 8857
f 8856 8857 8844
f 8844 8857 8843
f 8843 8857 8858
f 8843 8858 8842
f 8842 8858 8859
f 8842 8859 8841
f 8841 8859 8860
f 8841 8860 8840
f 8840 8860 8861
f 8840 8861 8839
f 8839 8861 8862
f 8839 8862 8838
f 8838 8862 8863
f 8838 8863 8864
f 8864 8863 8799
f 8864 8799 8800
f 8793 8794 8857
f 8857 8794 8858
f 8794 8795 8858
f 8858 8795 8859
f 8795 8796 8859
f 8859 8796 8860
f 8796 8797 8860
f 8860 8797 8861
f 8797 8798 8861
f 8861 8798 8862
f 8798 8799 8862
f 8862 8799 8863
f 8864 8800 8865
f 8865 8800 8801
f 8865 8801 8866
f 8866 8801 8802
f 8866 8802 8867
f 8867 8802 8803
f 8867 8803 8804
f 8867 8804 8868
f 8868 8804 8805
f 8868 8805 8869
f 8869 8805 8806
f 8869 8806 8870
f 8870 8806 8807
f 8870 8807 8871
f 8871 8807 8808
f 8871 8808 8872
f 8872 8808 8809
f 8872 8809 8873
f 8873 8809 8810
f 8873 8810 8874
f 8874 8810 8811
f 8874 8811 8812
f 8874 8812 8875
f 8875 8812 8813
f 8875 8813 8876
f 8876 8813 8814
f 8876 8814 8877
f 8877 8814 8815
f 8877 8815 8878
f 8878 8815 8816
f 8878 8816 8879
f 8879 8816 8817
f 8879 8817 8880
f 8880 8817 8818
f 8880 8818 8724
f 8724 8818 8725
f 8724 8819 8880
f 8880 8819 8820
f 8880 8820 8879
f 8879 8820 8821
f 8879 8821 8878
f 8878 8821 8822
f 8878 8822 8877
f 8877 8822 8823
f 8877 8823 8876
f 8876 8823 8824
f 8876 8824 8875
f 8875 8824 8825
f 8875 8825 8874
f 8874 8825 8826
f 8874 8826 8827
f 8874 8827 8873
f 8873 8827 8828
f 8873 8828 8872
f 8872 8828 8829
f 8872 8829 8871
f 8871 8829 8830
f 8871 8830 8870
f 8870 8830 8831
f 8870 8831 8869
f 8869 8831 8832
f 8869 8832 8868
f 8868 8832 8833
f 8868 8833 8867
f 8867 8833 8834
f 8867 8834 8835
f 8867 8835 8866
f 8866 8835 8836
f 8866 8836 8865
f 8865 8836 8837
f 8865 8837 8864
f 8864 8837 8838
f 8856 8844 8855
f 8855 8844 8845
f 8855 8845 8854
f 8854 8845 8846
f 8854 8846 8853
f 8853 8846 8847
f 8853 8847 8852
f 8852 8847 8848
f 8852 8848 8850
f 8850 8848 8849
f 8850 8849 8851
f 8819 8724 8881
f 8881 8724 8723
f 8881 8723 8722
f 8722 8721 8881
f 8881 8721 8720
f 8881 8720 8719
f 8719 8718 8881
f 8881 8718 8717
f 8881 8717 8716
f 8716 8715 8881
f 8881 8715 8714
f 8881 8714 8713
f 8713 8712 8881
f 8881 8712 8711
f 8881 8711 8710
f 8710 8709 8881
f 8881 8709 8708
f 8881 8708 8707
f 8707 8706 8881
f 8881 8706 8705
f 8881 8705 8704
f 8704 8703 8881
f 8881 8703 8702
f 8881 8702 8701
f 8701 8700 8881
f 8881 8700 8699
f 8881 8699 8698
f 8698 8697 8881
f 8881 8697 8696
f 8881 8696 8695
f 8695 8694 8881
f 8881 8694 8693
f 8881 8693 8692
f 8692 8849 8881
f 8881 8849 8848
f 8881 8848 8847
f 8847 8846 8881
f 8881 8846 8845
f 8881 8845 8844
f 8844 8843 8881
f 8881 8843 8842
f 8881 8842 8841
f 8841 8840 8881
f 8881 8840 8839
f 8881 8839 8838
f 8838 8837 8881
f 8881 8837 8836
f 8881 8836 8835
f 8835 8834 8881
f 8881 8834 8833
f 8881 8833 8832
f 8832 8831 8881
f 8881 8831 8830
f 8881 8830 8829
f 8829 8828 8881
f 8881 8828 8827
f 8881 8827 8826
f 8826 8825 8881
f 8881 8825 8824
f 8881 8824 8823
f 8823 8822 8881
f 8881 8822 8821
f 8881 8821 8820
f 8820 8819 8881
f 8788 8691 8882
f 8882 8691 8756
f 8882 8756 8755
f 8755 8754 8882
f 8882 8754 8753
f 8882 8753 8752
f 8752 8751 8882
f 8882 8751 8750
f 8882 8750 8749
f 8749 8748 8882
f 8882 8748 8747
f 8882 8747 8746
f 8746 8745 8882
f 8882 8745 8744
f 8882 8744 8743
f 8743 8742 8882
f 8882 8742 8741
f 8882 8741 8740
f 8740 8739 8882
f 8882 8739 8738
f 8882 8738 8737
f 8737 8736 8882
f 8882 8736 8735
f 8882 8735 8734
f 8734 8733 8882
f 8882 8733 8732
f 8882 8732 8731
f 8731 8730 8882
f 8882 8730 8729
f 8882 8729 8728
f 8728 8727 8882
f 8882 8727 8726
f 8882 8726 8725
f 8725 8818 8882
f 8882 8818 8817
f 8882 8817 8816
f 8816 8815 8882
f 8882 8815 8814
f 8882 8814 8813
f 8813 8812 8882
f 8882 8812 8811
f 8882 8811 8810
f 8810 8809 8882
f 8882 8809 8808
f 8882 8808 8807
f 8807 8806 8882
f 8882 8806 8805
f 8882 8805 8804
f 8804 8803 8882
f 8882 8803 8802
f 8882 8802 8801
f 8801 8800 8882
f 8882 8800 8799
f 8882 8799 8798
f 8798 8797 8882
f 8882 8797 8796
f 8882 8796 8795
f 8795 8794 8882
f 8882 8794 8793
f 8882 8793 8792
f 8792 8791 8882
f 8882 8791 8790
f 8882 8790 8789
f 8789 8788 8882
g MeshBody46

v 183.402161 25.298399 1.320800
v 183.402161 25.298399 1.371600
v 183.406006 25.383986 1.371600
v 183.418045 25.471720 1.371600
v 183.438919 25.560490 1.371600
v 183.469025 25.649010 1.371600
v 183.508560 25.735878 1.371600
v 183.557419 25.819618 1.371600
v 183.615189 25.898758 1.371600
v 183.681137 25.971920 1.371600
v 183.754288 26.037874 1.371600
v 183.833420 26.095638 1.371600
v 183.917175 26.144489 1.371600
v 184.004044 26.184025 1.371600
v 184.092560 26.214130 1.371600
v 184.181335 26.234997 1.371600
v 184.269058 26.247046 1.371600
v 184.354660 26.250900 1.371600
v 184.440231 26.247046 1.371600
v 184.527985 26.234997 1.371600
v 184.616730 26.214130 1.371600
v 184.705261 26.184025 1.371600
v 184.792130 26.144489 1.371600
v 184.875870 26.095638 1.371600
v 184.955002 26.037874 1.371600
v 185.028183 25.971920 1.371600
v 185.094131 25.898758 1.371600
v 185.151886 25.819618 1.371600
v 185.200745 25.735878 1.371600
v 185.240280 25.649010 1.371600
v 185.270401 25.560490 1.371600
v 185.291245 25.471720 1.371600
v 185.303299 25.383986 1.371600
v 185.307159 25.298399 1.371600
v 185.307159 25.298399 1.320800
v 185.303299 25.383986 1.320800
v 185.291245 25.471720 1.320800
v 185.270401 25.560490 1.320800
v 185.240280 25.649010 1.320800
v 185.200745 25.735878 1.320800
v 185.151886 25.819618 1.320800
v 185.094131 25.898758 1.320800
v 185.028183 25.971920 1.320800
v 184.955002 26.037874 1.320800
v 184.875870 26.095638 1.320800
v 184.792130 26.144489 1.320800
v 184.705261 26.184025 1.320800
v 184.616730 26.214130 1.320800
v 184.527985 26.234997 1.320800
v 184.440231 26.247046 1.320800
v 184.354660 26.250900 1.320800
v 184.269058 26.247046 1.320800
v 184.181335 26.234997 1.320800
v 184.092560 26.214130 1.320800
v 184.004044 26.184025 1.320800
v 183.917175 26.144489 1.320800
v 183.833420 26.095638 1.320800
v 183.754288 26.037874 1.320800
v 183.681137 25.971920 1.320800
v 183.615189 25.898758 1.320800
v 183.557419 25.819618 1.320800
v 183.508560 25.735878 1.320800
v 183.469025 25.649010 1.320800
v 183.438919 25.560490 1.320800
v 183.418045 25.471720 1.320800
v 183.406006 25.383986 1.320800
v 183.407211 25.396412 1.346200
v 183.423080 25.497028 1.346200
v 183.450684 25.598536 1.346200
v 183.490463 25.698944 1.346200
v 183.542511 25.796097 1.346200
v 183.606400 25.887787 1.346200
v 183.681137 25.971920 1.346200
v 183.765274 26.046648 1.346200
v 183.856949 26.110527 1.346200
v 183.954102 26.162586 1.346200
v 184.054520 26.202375 1.346200
v 184.156021 26.229959 1.346200
v 184.256638 26.245844 1.346200
v 184.354660 26.250900 1.346200
v 184.452667 26.245844 1.346200
v 184.553284 26.229959 1.346200
v 184.629425 26.210403 1.346200
v 184.705261 26.184025 1.346200
v 184.779877 26.150715 1.346200
v 184.852356 26.110527 1.346200
v 184.921753 26.063683 1.346200
v 184.987167 26.010561 1.346200
v 185.047791 25.951700 1.346200
v 185.102905 25.887787 1.346200
v 185.151886 25.819618 1.346200
v 185.194336 25.748068 1.346200
v 185.229950 25.674063 1.346200
v 185.258636 25.598536 1.346200
v 185.280426 25.522396 1.346200
v 185.295563 25.446493 1.346200
v 185.304321 25.371605 1.346200
v 183.406006 25.212814 1.320800
v 183.418045 25.125080 1.320800
v 183.438919 25.036310 1.320800
v 183.469025 24.947788 1.320800
v 183.508560 24.860922 1.320800
v 183.557419 24.777182 1.320800
v 183.615189 24.698042 1.320800
v 183.681137 24.624880 1.320800
v 183.754288 24.558922 1.320800
v 183.833420 24.501162 1.320800
v 183.917175 24.452309 1.320800
v 184.004044 24.412775 1.320800
v 184.092560 24.382668 1.320800
v 184.181335 24.361803 1.320800
v 184.269058 24.349754 1.320800
v 184.354660 24.345900 1.320800
v 184.440231 24.349754 1.320800
v 184.527985 24.361803 1.320800
v 184.616730 24.382668 1.320800
v 184.705261 24.412775 1.320800
v 184.792130 24.452309 1.320800
v 184.875870 24.501162 1.320800
v 184.955002 24.558922 1.320800
v 185.028183 24.624880 1.320800
v 185.094131 24.698042 1.320800
v 185.151886 24.777182 1.320800
v 185.200745 24.860922 1.320800
v 185.240280 24.947788 1.320800
v 185.270401 25.036310 1.320800
v 185.291245 25.125080 1.320800
v 185.303299 25.212814 1.320800
v 185.303299 25.212814 1.371600
v 185.291245 25.125080 1.371600
v 185.270401 25.036310 1.371600
v 185.240280 24.947788 1.371600
v 185.200745 24.860922 1.371600
v 185.151886 24.777182 1.371600
v 185.094131 24.698042 1.371600
v 185.028183 24.624880 1.371600
v 184.955002 24.558922 1.371600
v 184.875870 24.501162 1.371600
v 184.792130 24.452309 1.371600
v 184.705261 24.412775 1.371600
v 184.616730 24.382668 1.371600
v 184.527985 24.361803 1.371600
v 184.440231 24.349754 1.371600
v 184.354660 24.345900 1.371600
v 184.269058 24.349754 1.371600
v 184.181335 24.361803 1.371600
v 184.092560 24.382668 1.371600
v 184.004044 24.412775 1.371600
v 183.917175 24.452309 1.371600
v 183.833420 24.501162 1.371600
v 183.754288 24.558922 1.371600
v 183.681137 24.624880 1.371600
v 183.615189 24.698042 1.371600
v 183.557419 24.777182 1.371600
v 183.508560 24.860922 1.371600
v 183.469025 24.947788 1.371600
v 183.438919 25.036310 1.371600
v 183.418045 25.125080 1.371600
v 183.406006 25.212814 1.371600
v 183.413742 25.150303 1.346200
v 183.404968 25.225195 1.346200
v 183.428864 25.074404 1.346200
v 183.450684 24.998262 1.346200
v 183.479355 24.922737 1.346200
v 183.514984 24.848732 1.346200
v 183.557419 24.777182 1.346200
v 183.606400 24.709013 1.346200
v 183.661499 24.645100 1.346200
v 183.722137 24.586239 1.346200
v 183.787552 24.533117 1.346200
v 183.856949 24.486271 1.346200
v 183.929428 24.446085 1.346200
v 184.004044 24.412775 1.346200
v 184.079865 24.386396 1.346200
v 184.156021 24.366840 1.346200
v 184.256638 24.350956 1.346200
v 184.354660 24.345900 1.346200
v 184.452667 24.350956 1.346200
v 184.553284 24.366840 1.346200
v 184.654785 24.394421 1.346200
v 184.755188 24.434214 1.346200
v 184.852356 24.486271 1.346200
v 184.944031 24.550150 1.346200
v 185.028183 24.624880 1.346200
v 185.102905 24.709013 1.346200
v 185.166779 24.800703 1.346200
v 185.218842 24.897856 1.346200
v 185.258636 24.998262 1.346200
v 185.286209 25.099771 1.346200
v 185.302094 25.200388 1.346200
v 184.354660 25.298399 1.371600
v 184.354660 25.298399 1.320800
f 8883 8884 8948
f 8948 8884 8949
f 8948 8949 8947
f 8947 8949 8950
f 8947 8950 8946
f 8946 8950 8951
f 8946 8951 8945
f 8945 8951 8952
f 8945 8952 8944
f 8944 8952 8953
f 8944 8953 8943
f 8943 8953 8954
f 8943 8954 8942
f 8942 8954 8955
f 8942 8955 8941
f 8941 8955 8940
f 8940 8955 8956
f 8940 8956 8939
f 8939 8956 8957
f 8939 8957 8938
f 8938 8957 8958
f 8938 8958 8937
f 8937 8958 8959
f 8937 8959 8936
f 8936 8959 8960
f 8936 8960 8935
f 8935 8960 8961
f 8935 8961 8934
f 8934 8961 8962
f 8934 8962 8933
f 8933 8962 8932
f 8932 8962 8963
f 8932 8963 8931
f 8931 8963 8964
f 8931 8964 8930
f 8930 8964 8965
f 8930 8965 8929
f 8929 8965 8966
f 8929 8966 8967
f 8967 8966 8904
f 8967 8904 8905
f 8884 8885 8949
f 8949 8885 8886
f 8949 8886 8950
f 8950 8886 8887
f 8950 8887 8951
f 8951 8887 8888
f 8951 8888 8952
f 8952 8888 8889
f 8952 8889 8953
f 8953 8889 8890
f 8953 8890 8954
f 8954 8890 8891
f 8954 8891 8955
f 8955 8891 8892
f 8955 8892 8893
f 8955 8893 8956
f 8956 8893 8894
f 8956 8894 8957
f 8957 8894 8895
f 8957 8895 8958
f 8958 8895 8896
f 8958 8896 8959
f 8959 8896 8897
f 8959 8897 8960
f 8960 8897 8898
f 8960 8898 8961
f 8961 8898 8899
f 8961 8899 8962
f 8962 8899 8900
f 8962 8900 8901
f 8962 8901 8963
f 8963 8901 8902
f 8963 8902 8964
f 8964 8902 8903
f 8964 8903 8965
f 8965 8903 8904
f 8965 8904 8966
f 8967 8905 8968
f 8968 8905 8906
f 8968 8906 8969
f 8969 8906 8907
f 8969 8907 8970
f 8970 8907 8908
f 8970 8908 8971
f 8971 8908 8909
f 8971 8909 8972
f 8972 8909 8910
f 8972 8910 8973
f 8973 8910 8974
f 8973 8974 8923
f 8923 8974 8922
f 8922 8974 8975
f 8922 8975 8921
f 8921 8975 8976
f 8921 8976 8920
f 8920 8976 8977
f 8920 8977 8919
f 8919 8977 8978
f 8919 8978 8918
f 8918 8978 8979
f 8918 8979 8917
f 8917 8979 8916
f 8916 8979 8915
f 8915 8979 8978
f 8915 8978 8914
f 8914 8978 8977
f 8914 8977 8913
f 8913 8977 8976
f 8913 8976 8912
f 8912 8976 8975
f 8912 8975 8911
f 8911 8975 8974
f 8911 8974 8910
f 8973 8923 8972
f 8972 8923 8924
f 8972 8924 8971
f 8971 8924 8925
f 8971 8925 8970
f 8970 8925 8926
f 8970 8926 8969
f 8969 8926 8927
f 8969 8927 8968
f 8968 8927 8928
f 8968 8928 8967
f 8967 8928 8929
f 9041 8884 9043
f 9043 8884 8883
f 9043 8883 8980
f 9043 8980 9042
f 9042 8980 8981
f 9042 8981 9044
f 9044 8981 8982
f 9044 8982 9045
f 9045 8982 8983
f 9045 8983 9046
f 9046 8983 8984
f 9046 8984 9047
f 9047 8984 8985
f 9047 8985 9048
f 9048 8985 9049
f 9048 9049 9036
f 9036 9049 9035
f 9035 9049 9050
f 9035 9050 9034
f 9034 9050 9051
f 9034 9051 9033
f 9033 9051 9052
f 9033 9052 9032
f 9032 9052 9053
f 9032 9053 9031
f 9031 9053 9054
f 9031 9054 9030
f 9030 9054 9055
f 9030 9055 9056
f 9056 9055 8991
f 9056 8991 8992
f 8985 8986 9049
f 9049 8986 9050
f 8986 8987 9050
f 9050 8987 9051
f 8987 8988 9051
f 9051 8988 9052
f 8988 8989 9052
f 9052 8989 9053
f 8989 8990 9053
f 9053 8990 9054
f 8990 8991 9054
f 9054 8991 9055
f 9056 8992 9057
f 9057 8992 8993
f 9057 8993 9058
f 9058 8993 8994
f 9058 8994 9059
f 9059 8994 8995
f 9059 8995 8996
f 9059 8996 9060
f 9060 8996 8997
f 9060 8997 9061
f 9061 8997 8998
f 9061 8998 9062
f 9062 8998 8999
f 9062 8999 9063
f 9063 8999 9000
f 9063 9000 9064
f 9064 9000 9001
f 9064 9001 9065
f 9065 9001 9002
f 9065 9002 9066
f 9066 9002 9003
f 9066 9003 9004
f 9066 9004 9067
f 9067 9004 9005
f 9067 9005 9068
f 9068 9005 9006
f 9068 9006 9069
f 9069 9006 9007
f 9069 9007 9070
f 9070 9007 9008
f 9070 9008 9071
f 9071 9008 9009
f 9071 9009 9072
f 9072 9009 9010
f 9072 9010 8916
f 8916 9010 8917
f 8916 9011 9072
f 9072 9011 9012
f 9072 9012 9071
f 9071 9012 9013
f 9071 9013 9070
f 9070 9013 9014
f 9070 9014 9069
f 9069 9014 9015
f 9069 9015 9068
f 9068 9015 9016
f 9068 9016 9067
f 9067 9016 9017
f 9067 9017 9066
f 9066 9017 9018
f 9066 9018 9019
f 9066 9019 9065
f 9065 9019 9020
f 9065 9020 9064
f 9064 9020 9021
f 9064 9021 9063
f 9063 9021 9022
f 9063 9022 9062
f 9062 9022 9023
f 9062 9023 9061
f 9061 9023 9024
f 9061 9024 9060
f 9060 9024 9025
f 9060 9025 9059
f 9059 9025 9026
f 9059 9026 9027
f 9059 9027 9058
f 9058 9027 9028
f 9058 9028 9057
f 9057 9028 9029
f 9057 9029 9056
f 9056 9029 9030
f 9048 9036 9047
f 9047 9036 9037
f 9047 9037 9046
f 9046 9037 9038
f 9046 9038 9045
f 9045 9038 9039
f 9045 9039 9044
f 9044 9039 9040
f 9044 9040 9042
f 9042 9040 9041
f 9042 9041 9043
f 9011 8916 9073
f 9073 8916 8915
f 9073 8915 8914
f 8914 8913 9073
f 9073 8913 8912
f 9073 8912 8911
f 8911 8910 9073
f 9073 8910 8909
f 9073 8909 8908
f 8908 8907 9073
f 9073 8907 8906
f 9073 8906 8905
f 8905 8904 9073
f 9073 8904 8903
f 9073 8903 8902
f 8902 8901 9073
f 9073 8901 8900
f 9073 8900 8899
f 8899 8898 9073
f 9073 8898 8897
f 9073 8897 8896
f 8896 8895 9073
f 9073 8895 8894
f 9073 8894 8893
f 8893 8892 9073
f 9073 8892 8891
f 9073 8891 8890
f 8890 8889 9073
f 9073 8889 8888
f 9073 8888 8887
f 8887 8886 9073
f 9073 8886 8885
f 9073 8885 8884
f 8884 9041 9073
f 9073 9041 9040
f 9073 9040 9039
f 9039 9038 9073
f 9073 9038 9037
f 9073 9037 9036
f 9036 9035 9073
f 9073 9035 9034
f 9073 9034 9033
f 9033 9032 9073
f 9073 9032 9031
f 9073 9031 9030
f 9030 9029 9073
f 9073 9029 9028
f 9073 9028 9027
f 9027 9026 9073
f 9073 9026 9025
f 9073 9025 9024
f 9024 9023 9073
f 9073 9023 9022
f 9073 9022 9021
f 9021 9020 9073
f 9073 9020 9019
f 9073 9019 9018
f 9018 9017 9073
f 9073 9017 9016
f 9073 9016 9015
f 9015 9014 9073
f 9073 9014 9013
f 9073 9013 9012
f 9012 9011 9073
f 8980 8883 9074
f 9074 8883 8948
f 9074 8948 8947
f 8947 8946 9074
f 9074 8946 8945
f 9074 8945 8944
f 8944 8943 9074
f 9074 8943 8942
f 9074 8942 8941
f 8941 8940 9074
f 9074 8940 8939
f 9074 8939 8938
f 8938 8937 9074
f 9074 8937 8936
f 9074 8936 8935
f 8935 8934 9074
f 9074 8934 8933
f 9074 8933 8932
f 8932 8931 9074
f 9074 8931 8930
f 9074 8930 8929
f 8929 8928 9074
f 9074 8928 8927
f 9074 8927 8926
f 8926 8925 9074
f 9074 8925 8924
f 9074 8924 8923
f 8923 8922 9074
f 9074 8922 8921
f 9074 8921 8920
f 8920 8919 9074
f 9074 8919 8918
f 9074 8918 8917
f 8917 9010 9074
f 9074 9010 9009
f 9074 9009 9008
f 9008 9007 9074
f 9074 9007 9006
f 9074 9006 9005
f 9005 9004 9074
f 9074 9004 9003
f 9074 9003 9002
f 9002 9001 9074
f 9074 9001 9000
f 9074 9000 8999
f 8999 8998 9074
f 9074 8998 8997
f 9074 8997 8996
f 8996 8995 9074
f 9074 8995 8994
f 9074 8994 8993
f 8993 8992 9074
f 9074 8992 8991
f 9074 8991 8990
f 8990 8989 9074
f 9074 8989 8988
f 9074 8988 8987
f 8987 8986 9074
f 9074 8986 8985
f 9074 8985 8984
f 8984 8983 9074
f 9074 8983 8982
f 9074 8982 8981
f 8981 8980 9074
g MeshBody47

v 108.116554 75.488800 1.320800
v 108.116554 75.488800 1.371600
v 108.120407 75.574387 1.371600
v 108.132462 75.662117 1.371600
v 108.153320 75.750885 1.371600
v 108.183434 75.839409 1.371600
v 108.222969 75.926277 1.371600
v 108.271820 76.010017 1.371600
v 108.329575 76.089157 1.371600
v 108.395531 76.162315 1.371600
v 108.468697 76.228279 1.371600
v 108.547836 76.286034 1.371600
v 108.631577 76.334892 1.371600
v 108.718437 76.374420 1.371600
v 108.806961 76.404533 1.371600
v 108.895737 76.425400 1.371600
v 108.983459 76.437447 1.371600
v 109.069061 76.441299 1.371600
v 109.154640 76.437447 1.371600
v 109.242371 76.425400 1.371600
v 109.331146 76.404533 1.371600
v 109.419670 76.374420 1.371600
v 109.506531 76.334892 1.371600
v 109.590263 76.286034 1.371600
v 109.669411 76.228279 1.371600
v 109.742577 76.162315 1.371600
v 109.808525 76.089157 1.371600
v 109.866295 76.010017 1.371600
v 109.915138 75.926277 1.371600
v 109.954674 75.839409 1.371600
v 109.984787 75.750885 1.371600
v 110.005646 75.662117 1.371600
v 110.017700 75.574387 1.371600
v 110.021561 75.488800 1.371600
v 110.021561 75.488800 1.320800
v 110.017700 75.574387 1.320800
v 110.005646 75.662117 1.320800
v 109.984787 75.750885 1.320800
v 109.954674 75.839409 1.320800
v 109.915138 75.926277 1.320800
v 109.866295 76.010017 1.320800
v 109.808525 76.089157 1.320800
v 109.742577 76.162315 1.320800
v 109.669411 76.228279 1.320800
v 109.590263 76.286034 1.320800
v 109.506531 76.334892 1.320800
v 109.419670 76.374420 1.320800
v 109.331146 76.404533 1.320800
v 109.242371 76.425400 1.320800
v 109.154640 76.437447 1.320800
v 109.069061 76.441299 1.320800
v 108.983459 76.437447 1.320800
v 108.895737 76.425400 1.320800
v 108.806961 76.404533 1.320800
v 108.718437 76.374420 1.320800
v 108.631577 76.334892 1.320800
v 108.547836 76.286034 1.320800
v 108.468697 76.228279 1.320800
v 108.395531 76.162315 1.320800
v 108.329575 76.089157 1.320800
v 108.271820 76.010017 1.320800
v 108.222969 75.926277 1.320800
v 108.183434 75.839409 1.320800
v 108.153320 75.750885 1.320800
v 108.132462 75.662117 1.320800
v 108.120407 75.574387 1.320800
v 108.121605 75.586807 1.346200
v 108.137497 75.687431 1.346200
v 108.165070 75.788933 1.346200
v 108.204865 75.889343 1.346200
v 108.256927 75.986496 1.346200
v 108.320801 76.078186 1.346200
v 108.395531 76.162315 1.346200
v 108.479668 76.237053 1.346200
v 108.571358 76.300926 1.346200
v 108.668510 76.352982 1.346200
v 108.768921 76.392776 1.346200
v 108.870430 76.420357 1.346200
v 108.971039 76.436241 1.346200
v 109.069061 76.441299 1.346200
v 109.167068 76.436241 1.346200
v 109.267677 76.420357 1.346200
v 109.343834 76.400803 1.346200
v 109.419670 76.374420 1.346200
v 109.494278 76.341118 1.346200
v 109.566750 76.300926 1.346200
v 109.636147 76.254082 1.346200
v 109.701576 76.200958 1.346200
v 109.762207 76.142097 1.346200
v 109.817307 76.078186 1.346200
v 109.866295 76.010017 1.346200
v 109.908722 75.938461 1.346200
v 109.944344 75.864464 1.346200
v 109.973030 75.788933 1.346200
v 109.994843 75.712791 1.346200
v 110.009972 75.636894 1.346200
v 110.018738 75.562004 1.346200
v 108.120407 75.403214 1.320800
v 108.132462 75.315475 1.320800
v 108.153320 75.226707 1.320800
v 108.183434 75.138191 1.320800
v 108.222969 75.051315 1.320800
v 108.271820 74.967583 1.320800
v 108.329575 74.888443 1.320800
v 108.395531 74.815285 1.320800
v 108.468697 74.749321 1.320800
v 108.547836 74.691559 1.320800
v 108.631577 74.642708 1.320800
v 108.718437 74.603180 1.320800
v 108.806961 74.573067 1.320800
v 108.895737 74.552200 1.320800
v 108.983459 74.540154 1.320800
v 109.069061 74.536301 1.320800
v 109.154640 74.540154 1.320800
v 109.242371 74.552200 1.320800
v 109.331146 74.573067 1.320800
v 109.419670 74.603180 1.320800
v 109.506531 74.642708 1.320800
v 109.590263 74.691559 1.320800
v 109.669411 74.749321 1.320800
v 109.742577 74.815285 1.320800
v 109.808525 74.888443 1.320800
v 109.866295 74.967583 1.320800
v 109.915138 75.051315 1.320800
v 109.954674 75.138191 1.320800
v 109.984787 75.226707 1.320800
v 110.005646 75.315475 1.320800
v 110.017700 75.403214 1.320800
v 110.017700 75.403214 1.371600
v 110.005646 75.315475 1.371600
v 109.984787 75.226707 1.371600
v 109.954674 75.138191 1.371600
v 109.915138 75.051315 1.371600
v 109.866295 74.967583 1.371600
v 109.808525 74.888443 1.371600
v 109.742577 74.815285 1.371600
v 109.669411 74.749321 1.371600
v 109.590263 74.691559 1.371600
v 109.506531 74.642708 1.371600
v 109.419670 74.603180 1.371600
v 109.331146 74.573067 1.371600
v 109.242371 74.552200 1.371600
v 109.154640 74.540154 1.371600
v 109.069061 74.536301 1.371600
v 108.983459 74.540154 1.371600
v 108.895737 74.552200 1.371600
v 108.806961 74.573067 1.371600
v 108.718437 74.603180 1.371600
v 108.631577 74.642708 1.371600
v 108.547836 74.691559 1.371600
v 108.468697 74.749321 1.371600
v 108.395531 74.815285 1.371600
v 108.329575 74.888443 1.371600
v 108.271820 74.967583 1.371600
v 108.222969 75.051315 1.371600
v 108.183434 75.138191 1.371600
v 108.153320 75.226707 1.371600
v 108.132462 75.315475 1.371600
v 108.120407 75.403214 1.371600
v 108.128136 75.340706 1.346200
v 108.119370 75.415596 1.346200
v 108.143265 75.264801 1.346200
v 108.165070 75.188660 1.346200
v 108.193764 75.113136 1.346200
v 108.229378 75.039131 1.346200
v 108.271820 74.967583 1.346200
v 108.320801 74.899406 1.346200
v 108.375900 74.835503 1.346200
v 108.436531 74.776634 1.346200
v 108.501961 74.723511 1.346200
v 108.571358 74.676674 1.346200
v 108.643829 74.636482 1.346200
v 108.718437 74.603180 1.346200
v 108.794266 74.576797 1.346200
v 108.870430 74.557243 1.346200
v 108.971039 74.541351 1.346200
v 109.069061 74.536301 1.346200
v 109.167068 74.541351 1.346200
v 109.267677 74.557243 1.346200
v 109.369186 74.584824 1.346200
v 109.469597 74.624611 1.346200
v 109.566750 74.676674 1.346200
v 109.658440 74.740547 1.346200
v 109.742577 74.815285 1.346200
v 109.817307 74.899406 1.346200
v 109.881180 74.991096 1.346200
v 109.933243 75.088257 1.346200
v 109.973030 75.188660 1.346200
v 110.000610 75.290169 1.346200
v 110.016502 75.390785 1.346200
v 109.069061 75.488800 1.371600
v 109.069061 75.488800 1.320800
f 9075 9076 9140
f 9140 9076 9141
f 9140 9141 9139
f 9139 9141 9142
f 9139 9142 9138
f 9138 9142 9143
f 9138 9143 9137
f 9137 9143 9144
f 9137 9144 9136
f 9136 9144 9145
f 9136 9145 9135
f 9135 9145 9146
f 9135 9146 9134
f 9134 9146 9147
f 9134 9147 9133
f 9133 9147 9132
f 9132 9147 9148
f 9132 9148 9131
f 9131 9148 9149
f 9131 9149 9130
f 9130 9149 9150
f 9130 9150 9129
f 9129 9150 9151
f 9129 9151 9128
f 9128 9151 9152
f 9128 9152 9127
f 9127 9152 9153
f 9127 9153 9126
f 9126 9153 9154
f 9126 9154 9125
f 9125 9154 9124
f 9124 9154 9155
f 9124 9155 9123
f 9123 9155 9156
f 9123 9156 9122
f 9122 9156 9157
f 9122 9157 9121
f 9121 9157 9158
f 9121 9158 9159
f 9159 9158 9096
f 9159 9096 9097
f 9076 9077 9141
f 9141 9077 9078
f 9141 9078 9142
f 9142 9078 9079
f 9142 9079 9143
f 9143 9079 9080
f 9143 9080 9144
f 9144 9080 9081
f 9144 9081 9145
f 9145 9081 9082
f 9145 9082 9146
f 9146 9082 9083
f 9146 9083 9147
f 9147 9083 9084
f 9147 9084 9085
f 9147 9085 9148
f 9148 9085 9086
f 9148 9086 9149
f 9149 9086 9087
f 9149 9087 9150
f 9150 9087 9088
f 9150 9088 9151
f 9151 9088 9089
f 9151 9089 9152
f 9152 9089 9090
f 9152 9090 9153
f 9153 9090 9091
f 9153 9091 9154
f 9154 9091 9092
f 9154 9092 9093
f 9154 9093 9155
f 9155 9093 9094
f 9155 9094 9156
f 9156 9094 9095
f 9156 9095 9157
f 9157 9095 9096
f 9157 9096 9158
f 9159 9097 9160
f 9160 9097 9098
f 9160 9098 9161
f 9161 9098 9099
f 9161 9099 9162
f 9162 9099 9100
f 9162 9100 9163
f 9163 9100 9101
f 9163 9101 9164
f 9164 9101 9102
f 9164 9102 9165
f 9165 9102 9166
f 9165 9166 9115
f 9115 9166 9114
f 9114 9166 9167
f 9114 9167 9113
f 9113 9167 9168
f 9113 9168 9112
f 9112 9168 9169
f 9112 9169 9111
f 9111 9169 9170
f 9111 9170 9110
f 9110 9170 9171
f 9110 9171 9109
f 9109 9171 9108
f 9108 9171 9107
f 9107 9171 9170
f 9107 9170 9106
f 9106 9170 9169
f 9106 9169 9105
f 9105 9169 9168
f 9105 9168 9104
f 9104 9168 9167
f 9104 9167 9103
f 9103 9167 9166
f 9103 9166 9102
f 9165 9115 9164
f 9164 9115 9116
f 9164 9116 9163
f 9163 9116 9117
f 9163 9117 9162
f 9162 9117 9118
f 9162 9118 9161
f 9161 9118 9119
f 9161 9119 9160
f 9160 9119 9120
f 9160 9120 9159
f 9159 9120 9121
f 9233 9076 9235
f 9235 9076 9075
f 9235 9075 9172
f 9235 9172 9234
f 9234 9172 9173
f 9234 9173 9236
f 9236 9173 9174
f 9236 9174 9237
f 9237 9174 9175
f 9237 9175 9238
f 9238 9175 9176
f 9238 9176 9239
f 9239 9176 9177
f 9239 9177 9240
f 9240 9177 9241
f 9240 9241 9228
f 9228 9241 9227
f 9227 9241 9242
f 9227 9242 9226
f 9226 9242 9243
f 9226 9243 9225
f 9225 9243 9244
f 9225 9244 9224
f 9224 9244 9245
f 9224 9245 9223
f 9223 9245 9246
f 9223 9246 9222
f 9222 9246 9247
f 9222 9247 9248
f 9248 9247 9183
f 9248 9183 9184
f 9177 9178 9241
f 9241 9178 9242
f 9178 9179 9242
f 9242 9179 9243
f 9179 9180 9243
f 9243 9180 9244
f 9180 9181 9244
f 9244 9181 9245
f 9181 9182 9245
f 9245 9182 9246
f 9182 9183 9246
f 9246 9183 9247
f 9248 9184 9249
f 9249 9184 9185
f 9249 9185 9250
f 9250 9185 9186
f 9250 9186 9251
f 9251 9186 9187
f 9251 9187 9188
f 9251 9188 9252
f 9252 9188 9189
f 9252 9189 9253
f 9253 9189 9190
f 9253 9190 9254
f 9254 9190 9191
f 9254 9191 9255
f 9255 9191 9192
f 9255 9192 9256
f 9256 9192 9193
f 9256 9193 9257
f 9257 9193 9194
f 9257 9194 9258
f 9258 9194 9195
f 9258 9195 9196
f 9258 9196 9259
f 9259 9196 9197
f 9259 9197 9260
f 9260 9197 9198
f 9260 9198 9261
f 9261 9198 9199
f 9261 9199 9262
f 9262 9199 9200
f 9262 9200 9263
f 9263 9200 9201
f 9263 9201 9264
f 9264 9201 9202
f 9264 9202 9108
f 9108 9202 9109
f 9108 9203 9264
f 9264 9203 9204
f 9264 9204 9263
f 9263 9204 9205
f 9263 9205 9262
f 9262 9205 9206
f 9262 9206 9261
f 9261 9206 9207
f 9261 9207 9260
f 9260 9207 9208
f 9260 9208 9259
f 9259 9208 9209
f 9259 9209 9258
f 9258 9209 9210
f 9258 9210 9211
f 9258 9211 9257
f 9257 9211 9212
f 9257 9212 9256
f 9256 9212 9213
f 9256 9213 9255
f 9255 9213 9214
f 9255 9214 9254
f 9254 9214 9215
f 9254 9215 9253
f 9253 9215 9216
f 9253 9216 9252
f 9252 9216 9217
f 9252 9217 9251
f 9251 9217 9218
f 9251 9218 9219
f 9251 9219 9250
f 9250 9219 9220
f 9250 9220 9249
f 9249 9220 9221
f 9249 9221 9248
f 9248 9221 9222
f 9240 9228 9239
f 9239 9228 9229
f 9239 9229 9238
f 9238 9229 9230
f 9238 9230 9237
f 9237 9230 9231
f 9237 9231 9236
f 9236 9231 9232
f 9236 9232 9234
f 9234 9232 9233
f 9234 9233 9235
f 9203 9108 9265
f 9265 9108 9107
f 9265 9107 9106
f 9106 9105 9265
f 9265 9105 9104
f 9265 9104 9103
f 9103 9102 9265
f 9265 9102 9101
f 9265 9101 9100
f 9100 9099 9265
f 9265 9099 9098
f 9265 9098 9097
f 9097 9096 9265
f 9265 9096 9095
f 9265 9095 9094
f 9094 9093 9265
f 9265 9093 9092
f 9265 9092 9091
f 9091 9090 9265
f 9265 9090 9089
f 9265 9089 9088
f 9088 9087 9265
f 9265 9087 9086
f 9265 9086 9085
f 9085 9084 9265
f 9265 9084 9083
f 9265 9083 9082
f 9082 9081 9265
f 9265 9081 9080
f 9265 9080 9079
f 9079 9078 9265
f 9265 9078 9077
f 9265 9077 9076
f 9076 9233 9265
f 9265 9233 9232
f 9265 9232 9231
f 9231 9230 9265
f 9265 9230 9229
f 9265 9229 9228
f 9228 9227 9265
f 9265 9227 9226
f 9265 9226 9225
f 9225 9224 9265
f 9265 9224 9223
f 9265 9223 9222
f 9222 9221 9265
f 9265 9221 9220
f 9265 9220 9219
f 9219 9218 9265
f 9265 9218 9217
f 9265 9217 9216
f 9216 9215 9265
f 9265 9215 9214
f 9265 9214 9213
f 9213 9212 9265
f 9265 9212 9211
f 9265 9211 9210
f 9210 9209 9265
f 9265 9209 9208
f 9265 9208 9207
f 9207 9206 9265
f 9265 9206 9205
f 9265 9205 9204
f 9204 9203 9265
f 9172 9075 9266
f 9266 9075 9140
f 9266 9140 9139
f 9139 9138 9266
f 9266 9138 9137
f 9266 9137 9136
f 9136 9135 9266
f 9266 9135 9134
f 9266 9134 9133
f 9133 9132 9266
f 9266 9132 9131
f 9266 9131 9130
f 9130 9129 9266
f 9266 9129 9128
f 9266 9128 9127
f 9127 9126 9266
f 9266 9126 9125
f 9266 9125 9124
f 9124 9123 9266
f 9266 9123 9122
f 9266 9122 9121
f 9121 9120 9266
f 9266 9120 9119
f 9266 9119 9118
f 9118 9117 9266
f 9266 9117 9116
f 9266 9116 9115
f 9115 9114 9266
f 9266 9114 9113
f 9266 9113 9112
f 9112 9111 9266
f 9266 9111 9110
f 9266 9110 9109
f 9109 9202 9266
f 9266 9202 9201
f 9266 9201 9200
f 9200 9199 9266
f 9266 9199 9198
f 9266 9198 9197
f 9197 9196 9266
f 9266 9196 9195
f 9266 9195 9194
f 9194 9193 9266
f 9266 9193 9192
f 9266 9192 9191
f 9191 9190 9266
f 9266 9190 9189
f 9266 9189 9188
f 9188 9187 9266
f 9266 9187 9186
f 9266 9186 9185
f 9185 9184 9266
f 9266 9184 9183
f 9266 9183 9182
f 9182 9181 9266
f 9266 9181 9180
f 9266 9180 9179
f 9179 9178 9266
f 9266 9178 9177
f 9266 9177 9176
f 9176 9175 9266
f 9266 9175 9174
f 9266 9174 9173
f 9173 9172 9266
g MeshBody48

v 208.497345 200.964798 1.320800
v 208.497345 200.964798 1.371600
v 208.501205 201.050385 1.371600
v 208.513260 201.138107 1.371600
v 208.534134 201.226883 1.371600
v 208.564224 201.315399 1.371600
v 208.603760 201.402283 1.371600
v 208.652603 201.486008 1.371600
v 208.710373 201.565155 1.371600
v 208.776321 201.638306 1.371600
v 208.849503 201.704269 1.371600
v 208.928635 201.762039 1.371600
v 209.012375 201.810898 1.371600
v 209.099243 201.850433 1.371600
v 209.187775 201.880524 1.371600
v 209.276520 201.901398 1.371600
v 209.364273 201.913452 1.371600
v 209.449844 201.917297 1.371600
v 209.535446 201.913452 1.371600
v 209.623169 201.901398 1.371600
v 209.711945 201.880524 1.371600
v 209.800461 201.850433 1.371600
v 209.887314 201.810898 1.371600
v 209.971069 201.762039 1.371600
v 210.050217 201.704269 1.371600
v 210.123367 201.638306 1.371600
v 210.189331 201.565155 1.371600
v 210.247086 201.486008 1.371600
v 210.295944 201.402283 1.371600
v 210.335480 201.315399 1.371600
v 210.365585 201.226883 1.371600
v 210.386459 201.138107 1.371600
v 210.398499 201.050385 1.371600
v 210.402344 200.964798 1.371600
v 210.402344 200.964798 1.320800
v 210.398499 201.050385 1.320800
v 210.386459 201.138107 1.320800
v 210.365585 201.226883 1.320800
v 210.335480 201.315399 1.320800
v 210.295944 201.402283 1.320800
v 210.247086 201.486008 1.320800
v 210.189331 201.565155 1.320800
v 210.123367 201.638306 1.320800
v 210.050217 201.704269 1.320800
v 209.971069 201.762039 1.320800
v 209.887314 201.810898 1.320800
v 209.800461 201.850433 1.320800
v 209.711945 201.880524 1.320800
v 209.623169 201.901398 1.320800
v 209.535446 201.913452 1.320800
v 209.449844 201.917297 1.320800
v 209.364273 201.913452 1.320800
v 209.276520 201.901398 1.320800
v 209.187775 201.880524 1.320800
v 209.099243 201.850433 1.320800
v 209.012375 201.810898 1.320800
v 208.928635 201.762039 1.320800
v 208.849503 201.704269 1.320800
v 208.776321 201.638306 1.320800
v 208.710373 201.565155 1.320800
v 208.652603 201.486008 1.320800
v 208.603760 201.402283 1.320800
v 208.564224 201.315399 1.320800
v 208.534134 201.226883 1.320800
v 208.513260 201.138107 1.320800
v 208.501205 201.050385 1.320800
v 208.502411 201.062805 1.346200
v 208.518295 201.163437 1.346200
v 208.545868 201.264938 1.346200
v 208.585663 201.365341 1.346200
v 208.637726 201.462494 1.346200
v 208.701599 201.554184 1.346200
v 208.776321 201.638306 1.346200
v 208.860458 201.713058 1.346200
v 208.952148 201.776932 1.346200
v 209.049316 201.828979 1.346200
v 209.149704 201.868774 1.346200
v 209.251221 201.896362 1.346200
v 209.351837 201.912247 1.346200
v 209.449844 201.917297 1.346200
v 209.547867 201.912247 1.346200
v 209.648483 201.896362 1.346200
v 209.724640 201.876801 1.346200
v 209.800461 201.850433 1.346200
v 209.875076 201.817123 1.346200
v 209.947556 201.776932 1.346200
v 210.016953 201.730087 1.346200
v 210.082367 201.676956 1.346200
v 210.143005 201.618103 1.346200
v 210.198090 201.554184 1.346200
v 210.247086 201.486008 1.346200
v 210.289520 201.414459 1.346200
v 210.325150 201.340454 1.346200
v 210.353821 201.264938 1.346200
v 210.375641 201.188797 1.346200
v 210.390762 201.112900 1.346200
v 210.399536 201.037994 1.346200
v 208.501205 200.879211 1.320800
v 208.513260 200.791489 1.320800
v 208.534134 200.702713 1.320800
v 208.564224 200.614182 1.320800
v 208.603760 200.527313 1.320800
v 208.652603 200.443573 1.320800
v 208.710373 200.364441 1.320800
v 208.776321 200.291275 1.320800
v 208.849503 200.225311 1.320800
v 208.928635 200.167572 1.320800
v 209.012375 200.118713 1.320800
v 209.099243 200.079178 1.320800
v 209.187775 200.049072 1.320800
v 209.276520 200.028198 1.320800
v 209.364273 200.016144 1.320800
v 209.449844 200.012299 1.320800
v 209.535446 200.016144 1.320800
v 209.623169 200.028198 1.320800
v 209.711945 200.049072 1.320800
v 209.800461 200.079178 1.320800
v 209.887314 200.118713 1.320800
v 209.971069 200.167572 1.320800
v 210.050217 200.225311 1.320800
v 210.123367 200.291275 1.320800
v 210.189331 200.364441 1.320800
v 210.247086 200.443573 1.320800
v 210.295944 200.527313 1.320800
v 210.335480 200.614182 1.320800
v 210.365585 200.702713 1.320800
v 210.386459 200.791489 1.320800
v 210.398499 200.879211 1.320800
v 210.398499 200.879211 1.371600
v 210.386459 200.791489 1.371600
v 210.365585 200.702713 1.371600
v 210.335480 200.614182 1.371600
v 210.295944 200.527313 1.371600
v 210.247086 200.443573 1.371600
v 210.189331 200.364441 1.371600
v 210.123367 200.291275 1.371600
v 210.050217 200.225311 1.371600
v 209.971069 200.167572 1.371600
v 209.887314 200.118713 1.371600
v 209.800461 200.079178 1.371600
v 209.711945 200.049072 1.371600
v 209.623169 200.028198 1.371600
v 209.535446 200.016144 1.371600
v 209.449844 200.012299 1.371600
v 209.364273 200.016144 1.371600
v 209.276520 200.028198 1.371600
v 209.187775 200.049072 1.371600
v 209.099243 200.079178 1.371600
v 209.012375 200.118713 1.371600
v 208.928635 200.167572 1.371600
v 208.849503 200.225311 1.371600
v 208.776321 200.291275 1.371600
v 208.710373 200.364441 1.371600
v 208.652603 200.443573 1.371600
v 208.603760 200.527313 1.371600
v 208.564224 200.614182 1.371600
v 208.534134 200.702713 1.371600
v 208.513260 200.791489 1.371600
v 208.501205 200.879211 1.371600
v 208.508942 200.816696 1.346200
v 208.500183 200.891586 1.346200
v 208.524078 200.740799 1.346200
v 208.545868 200.664673 1.346200
v 208.574554 200.589127 1.346200
v 208.610168 200.515121 1.346200
v 208.652603 200.443573 1.346200
v 208.701599 200.375397 1.346200
v 208.756714 200.311493 1.346200
v 208.817322 200.252640 1.346200
v 208.882751 200.199524 1.346200
v 208.952148 200.152664 1.346200
v 209.024628 200.112488 1.346200
v 209.099243 200.079178 1.346200
v 209.175079 200.052780 1.346200
v 209.251221 200.033234 1.346200
v 209.351837 200.017365 1.346200
v 209.449844 200.012299 1.346200
v 209.547867 200.017365 1.346200
v 209.648483 200.033234 1.346200
v 209.749985 200.060822 1.346200
v 209.850403 200.100616 1.346200
v 209.947556 200.152664 1.346200
v 210.039246 200.216553 1.346200
v 210.123367 200.291275 1.346200
v 210.198090 200.375397 1.346200
v 210.261993 200.467102 1.346200
v 210.314041 200.564240 1.346200
v 210.353821 200.664673 1.346200
v 210.381424 200.766174 1.346200
v 210.397293 200.866791 1.346200
v 209.449844 200.964798 1.371600
v 209.449844 200.964798 1.320800
f 9267 9268 9332
f 9332 9268 9333
f 9332 9333 9331
f 9331 9333 9334
f 9331 9334 9330
f 9330 9334 9335
f 9330 9335 9329
f 9329 9335 9336
f 9329 9336 9328
f 9328 9336 9337
f 9328 9337 9327
f 9327 9337 9338
f 9327 9338 9326
f 9326 9338 9339
f 9326 9339 9325
f 9325 9339 9324
f 9324 9339 9340
f 9324 9340 9323
f 9323 9340 9341
f 9323 9341 9322
f 9322 9341 9342
f 9322 9342 9321
f 9321 9342 9343
f 9321 9343 9320
f 9320 9343 9344
f 9320 9344 9319
f 9319 9344 9345
f 9319 9345 9318
f 9318 9345 9346
f 9318 9346 9317
f 9317 9346 9316
f 9316 9346 9347
f 9316 9347 9315
f 9315 9347 9348
f 9315 9348 9314
f 9314 9348 9349
f 9314 9349 9313
f 9313 9349 9350
f 9313 9350 9351
f 9351 9350 9288
f 9351 9288 9289
f 9268 9269 9333
f 9333 9269 9270
f 9333 9270 9334
f 9334 9270 9271
f 9334 9271 9335
f 9335 9271 9272
f 9335 9272 9336
f 9336 9272 9273
f 9336 9273 9337
f 9337 9273 9274
f 9337 9274 9338
f 9338 9274 9275
f 9338 9275 9339
f 9339 9275 9276
f 9339 9276 9277
f 9339 9277 9340
f 9340 9277 9278
f 9340 9278 9341
f 9341 9278 9279
f 9341 9279 9342
f 9342 9279 9280
f 9342 9280 9343
f 9343 9280 9281
f 9343 9281 9344
f 9344 9281 9282
f 9344 9282 9345
f 9345 9282 9283
f 9345 9283 9346
f 9346 9283 9284
f 9346 9284 9285
f 9346 9285 9347
f 9347 9285 9286
f 9347 9286 9348
f 9348 9286 9287
f 9348 9287 9349
f 9349 9287 9288
f 9349 9288 9350
f 9351 9289 9352
f 9352 9289 9290
f 9352 9290 9353
f 9353 9290 9291
f 9353 9291 9354
f 9354 9291 9292
f 9354 9292 9355
f 9355 9292 9293
f 9355 9293 9356
f 9356 9293 9294
f 9356 9294 9357
f 9357 9294 9358
f 9357 9358 9307
f 9307 9358 9306
f 9306 9358 9359
f 9306 9359 9305
f 9305 9359 9360
f 9305 9360 9304
f 9304 9360 9361
f 9304 9361 9303
f 9303 9361 9362
f 9303 9362 9302
f 9302 9362 9363
f 9302 9363 9301
f 9301 9363 9300
f 9300 9363 9299
f 9299 9363 9362
f 9299 9362 9298
f 9298 9362 9361
f 9298 9361 9297
f 9297 9361 9360
f 9297 9360 9296
f 9296 9360 9359
f 9296 9359 9295
f 9295 9359 9358
f 9295 9358 9294
f 9357 9307 9356
f 9356 9307 9308
f 9356 9308 9355
f 9355 9308 9309
f 9355 9309 9354
f 9354 9309 9310
f 9354 9310 9353
f 9353 9310 9311
f 9353 9311 9352
f 9352 9311 9312
f 9352 9312 9351
f 9351 9312 9313
f 9425 9268 9427
f 9427 9268 9267
f 9427 9267 9364
f 9427 9364 9426
f 9426 9364 9365
f 9426 9365 9428
f 9428 9365 9366
f 9428 9366 9429
f 9429 9366 9367
f 9429 9367 9430
f 9430 9367 9368
f 9430 9368 9431
f 9431 9368 9369
f 9431 9369 9432
f 9432 9369 9433
f 9432 9433 9420
f 9420 9433 9419
f 9419 9433 9434
f 9419 9434 9418
f 9418 9434 9435
f 9418 9435 9417
f 9417 9435 9436
f 9417 9436 9416
f 9416 9436 9437
f 9416 9437 9415
f 9415 9437 9438
f 9415 9438 9414
f 9414 9438 9439
f 9414 9439 9440
f 9440 9439 9375
f 9440 9375 9376
f 9369 9370 9433
f 9433 9370 9434
f 9370 9371 9434
f 9434 9371 9435
f 9371 9372 9435
f 9435 9372 9436
f 9372 9373 9436
f 9436 9373 9437
f 9373 9374 9437
f 9437 9374 9438
f 9374 9375 9438
f 9438 9375 9439
f 9440 9376 9441
f 9441 9376 9377
f 9441 9377 9442
f 9442 9377 9378
f 9442 9378 9443
f 9443 9378 9379
f 9443 9379 9380
f 9443 9380 9444
f 9444 9380 9381
f 9444 9381 9445
f 9445 9381 9382
f 9445 9382 9446
f 9446 9382 9383
f 9446 9383 9447
f 9447 9383 9384
f 9447 9384 9448
f 9448 9384 9385
f 9448 9385 9449
f 9449 9385 9386
f 9449 9386 9450
f 9450 9386 9387
f 9450 9387 9388
f 9450 9388 9451
f 9451 9388 9389
f 9451 9389 9452
f 9452 9389 9390
f 9452 9390 9453
f 9453 9390 9391
f 9453 9391 9454
f 9454 9391 9392
f 9454 9392 9455
f 9455 9392 9393
f 9455 9393 9456
f 9456 9393 9394
f 9456 9394 9300
f 9300 9394 9301
f 9300 9395 9456
f 9456 9395 9396
f 9456 9396 9455
f 9455 9396 9397
f 9455 9397 9454
f 9454 9397 9398
f 9454 9398 9453
f 9453 9398 9399
f 9453 9399 9452
f 9452 9399 9400
f 9452 9400 9451
f 9451 9400 9401
f 9451 9401 9450
f 9450 9401 9402
f 9450 9402 9403
f 9450 9403 9449
f 9449 9403 9404
f 9449 9404 9448
f 9448 9404 9405
f 9448 9405 9447
f 9447 9405 9406
f 9447 9406 9446
f 9446 9406 9407
f 9446 9407 9445
f 9445 9407 9408
f 9445 9408 9444
f 9444 9408 9409
f 9444 9409 9443
f 9443 9409 9410
f 9443 9410 9411
f 9443 9411 9442
f 9442 9411 9412
f 9442 9412 9441
f 9441 9412 9413
f 9441 9413 9440
f 9440 9413 9414
f 9432 9420 9431
f 9431 9420 9421
f 9431 9421 9430
f 9430 9421 9422
f 9430 9422 9429
f 9429 9422 9423
f 9429 9423 9428
f 9428 9423 9424
f 9428 9424 9426
f 9426 9424 9425
f 9426 9425 9427
f 9395 9300 9457
f 9457 9300 9299
f 9457 9299 9298
f 9298 9297 9457
f 9457 9297 9296
f 9457 9296 9295
f 9295 9294 9457
f 9457 9294 9293
f 9457 9293 9292
f 9292 9291 9457
f 9457 9291 9290
f 9457 9290 9289
f 9289 9288 9457
f 9457 9288 9287
f 9457 9287 9286
f 9286 9285 9457
f 9457 9285 9284
f 9457 9284 9283
f 9283 9282 9457
f 9457 9282 9281
f 9457 9281 9280
f 9280 9279 9457
f 9457 9279 9278
f 9457 9278 9277
f 9277 9276 9457
f 9457 9276 9275
f 9457 9275 9274
f 9274 9273 9457
f 9457 9273 9272
f 9457 9272 9271
f 9271 9270 9457
f 9457 9270 9269
f 9457 9269 9268
f 9268 9425 9457
f 9457 9425 9424
f 9457 9424 9423
f 9423 9422 9457
f 9457 9422 9421
f 9457 9421 9420
f 9420 9419 9457
f 9457 9419 9418
f 9457 9418 9417
f 9417 9416 9457
f 9457 9416 9415
f 9457 9415 9414
f 9414 9413 9457
f 9457 9413 9412
f 9457 9412 9411
f 9411 9410 9457
f 9457 9410 9409
f 9457 9409 9408
f 9408 9407 9457
f 9457 9407 9406
f 9457 9406 9405
f 9405 9404 9457
f 9457 9404 9403
f 9457 9403 9402
f 9402 9401 9457
f 9457 9401 9400
f 9457 9400 9399
f 9399 9398 9457
f 9457 9398 9397
f 9457 9397 9396
f 9396 9395 9457
f 9364 9267 9458
f 9458 9267 9332
f 9458 9332 9331
f 9331 9330 9458
f 9458 9330 9329
f 9458 9329 9328
f 9328 9327 9458
f 9458 9327 9326
f 9458 9326 9325
f 9325 9324 9458
f 9458 9324 9323
f 9458 9323 9322
f 9322 9321 9458
f 9458 9321 9320
f 9458 9320 9319
f 9319 9318 9458
f 9458 9318 9317
f 9458 9317 9316
f 9316 9315 9458
f 9458 9315 9314
f 9458 9314 9313
f 9313 9312 9458
f 9458 9312 9311
f 9458 9311 9310
f 9310 9309 9458
f 9458 9309 9308
f 9458 9308 9307
f 9307 9306 9458
f 9458 9306 9305
f 9458 9305 9304
f 9304 9303 9458
f 9458 9303 9302
f 9458 9302 9301
f 9301 9394 9458
f 9458 9394 9393
f 9458 9393 9392
f 9392 9391 9458
f 9458 9391 9390
f 9458 9390 9389
f 9389 9388 9458
f 9458 9388 9387
f 9458 9387 9386
f 9386 9385 9458
f 9458 9385 9384
f 9458 9384 9383
f 9383 9382 9458
f 9458 9382 9381
f 9458 9381 9380
f 9380 9379 9458
f 9458 9379 9378
f 9458 9378 9377
f 9377 9376 9458
f 9458 9376 9375
f 9458 9375 9374
f 9374 9373 9458
f 9458 9373 9372
f 9458 9372 9371
f 9371 9370 9458
f 9458 9370 9369
f 9458 9369 9368
f 9368 9367 9458
f 9458 9367 9366
f 9458 9366 9365
f 9365 9364 9458
g MeshBody49

v 108.116554 50.393600 1.320800
v 108.116554 50.393600 1.371600
v 108.120407 50.479187 1.371600
v 108.132462 50.566917 1.371600
v 108.153320 50.655685 1.371600
v 108.183434 50.744209 1.371600
v 108.222969 50.831078 1.371600
v 108.271820 50.914818 1.371600
v 108.329575 50.993961 1.371600
v 108.395531 51.067120 1.371600
v 108.468697 51.133076 1.371600
v 108.547836 51.190838 1.371600
v 108.631577 51.239693 1.371600
v 108.718437 51.279224 1.371600
v 108.806961 51.309334 1.371600
v 108.895737 51.330200 1.371600
v 108.983459 51.342247 1.371600
v 109.069061 51.346100 1.371600
v 109.154640 51.342247 1.371600
v 109.242371 51.330200 1.371600
v 109.331146 51.309334 1.371600
v 109.419670 51.279224 1.371600
v 109.506531 51.239693 1.371600
v 109.590263 51.190838 1.371600
v 109.669411 51.133076 1.371600
v 109.742577 51.067120 1.371600
v 109.808525 50.993961 1.371600
v 109.866295 50.914818 1.371600
v 109.915138 50.831078 1.371600
v 109.954674 50.744209 1.371600
v 109.984787 50.655685 1.371600
v 110.005646 50.566917 1.371600
v 110.017700 50.479187 1.371600
v 110.021561 50.393600 1.371600
v 110.021561 50.393600 1.320800
v 110.017700 50.479187 1.320800
v 110.005646 50.566917 1.320800
v 109.984787 50.655685 1.320800
v 109.954674 50.744209 1.320800
v 109.915138 50.831078 1.320800
v 109.866295 50.914818 1.320800
v 109.808525 50.993961 1.320800
v 109.742577 51.067120 1.320800
v 109.669411 51.133076 1.320800
v 109.590263 51.190838 1.320800
v 109.506531 51.239693 1.320800
v 109.419670 51.279224 1.320800
v 109.331146 51.309334 1.320800
v 109.242371 51.330200 1.320800
v 109.154640 51.342247 1.320800
v 109.069061 51.346100 1.320800
v 108.983459 51.342247 1.320800
v 108.895737 51.330200 1.320800
v 108.806961 51.309334 1.320800
v 108.718437 51.279224 1.320800
v 108.631577 51.239693 1.320800
v 108.547836 51.190838 1.320800
v 108.468697 51.133076 1.320800
v 108.395531 51.067120 1.320800
v 108.329575 50.993961 1.320800
v 108.271820 50.914818 1.320800
v 108.222969 50.831078 1.320800
v 108.183434 50.744209 1.320800
v 108.153320 50.655685 1.320800
v 108.132462 50.566917 1.320800
v 108.120407 50.479187 1.320800
v 108.121605 50.491611 1.346200
v 108.137497 50.592232 1.346200
v 108.165070 50.693737 1.346200
v 108.204865 50.794147 1.346200
v 108.256927 50.891296 1.346200
v 108.320801 50.982986 1.346200
v 108.395531 51.067120 1.346200
v 108.479668 51.141850 1.346200
v 108.571358 51.205730 1.346200
v 108.668510 51.257786 1.346200
v 108.768921 51.297577 1.346200
v 108.870430 51.325157 1.346200
v 108.971039 51.341042 1.346200
v 109.069061 51.346100 1.346200
v 109.167068 51.341042 1.346200
v 109.267677 51.325157 1.346200
v 109.343834 51.305603 1.346200
v 109.419670 51.279224 1.346200
v 109.494278 51.245911 1.346200
v 109.566750 51.205730 1.346200
v 109.636147 51.158882 1.346200
v 109.701576 51.105762 1.346200
v 109.762207 51.046902 1.346200
v 109.817307 50.982986 1.346200
v 109.866295 50.914818 1.346200
v 109.908722 50.843266 1.346200
v 109.944344 50.769260 1.346200
v 109.973030 50.693737 1.346200
v 109.994843 50.617599 1.346200
v 110.009972 50.541695 1.346200
v 110.018738 50.466801 1.346200
v 108.120407 50.308014 1.320800
v 108.132462 50.220284 1.320800
v 108.153320 50.131512 1.320800
v 108.183434 50.042992 1.320800
v 108.222969 49.956123 1.320800
v 108.271820 49.872383 1.320800
v 108.329575 49.793240 1.320800
v 108.395531 49.720081 1.320800
v 108.468697 49.654125 1.320800
v 108.547836 49.596363 1.320800
v 108.631577 49.547508 1.320800
v 108.718437 49.507977 1.320800
v 108.806961 49.477867 1.320800
v 108.895737 49.457001 1.320800
v 108.983459 49.444950 1.320800
v 109.069061 49.441101 1.320800
v 109.154640 49.444950 1.320800
v 109.242371 49.457001 1.320800
v 109.331146 49.477867 1.320800
v 109.419670 49.507977 1.320800
v 109.506531 49.547508 1.320800
v 109.590263 49.596363 1.320800
v 109.669411 49.654125 1.320800
v 109.742577 49.720081 1.320800
v 109.808525 49.793240 1.320800
v 109.866295 49.872383 1.320800
v 109.915138 49.956123 1.320800
v 109.954674 50.042992 1.320800
v 109.984787 50.131512 1.320800
v 110.005646 50.220284 1.320800
v 110.017700 50.308014 1.320800
v 110.017700 50.308014 1.371600
v 110.005646 50.220284 1.371600
v 109.984787 50.131512 1.371600
v 109.954674 50.042992 1.371600
v 109.915138 49.956123 1.371600
v 109.866295 49.872383 1.371600
v 109.808525 49.793240 1.371600
v 109.742577 49.720081 1.371600
v 109.669411 49.654125 1.371600
v 109.590263 49.596363 1.371600
v 109.506531 49.547508 1.371600
v 109.419670 49.507977 1.371600
v 109.331146 49.477867 1.371600
v 109.242371 49.457001 1.371600
v 109.154640 49.444950 1.371600
v 109.069061 49.441101 1.371600
v 108.983459 49.444950 1.371600
v 108.895737 49.457001 1.371600
v 108.806961 49.477867 1.371600
v 108.718437 49.507977 1.371600
v 108.631577 49.547508 1.371600
v 108.547836 49.596363 1.371600
v 108.468697 49.654125 1.371600
v 108.395531 49.720081 1.371600
v 108.329575 49.793240 1.371600
v 108.271820 49.872383 1.371600
v 108.222969 49.956123 1.371600
v 108.183434 50.042992 1.371600
v 108.153320 50.131512 1.371600
v 108.132462 50.220284 1.371600
v 108.120407 50.308014 1.371600
v 108.128136 50.245502 1.346200
v 108.119370 50.320396 1.346200
v 108.143265 50.169601 1.346200
v 108.165070 50.093464 1.346200
v 108.193764 50.017941 1.346200
v 108.229378 49.943932 1.346200
v 108.271820 49.872383 1.346200
v 108.320801 49.804211 1.346200
v 108.375900 49.740295 1.346200
v 108.436531 49.681438 1.346200
v 108.501961 49.628319 1.346200
v 108.571358 49.581470 1.346200
v 108.643829 49.541286 1.346200
v 108.718437 49.507977 1.346200
v 108.794266 49.481598 1.346200
v 108.870430 49.462040 1.346200
v 108.971039 49.446159 1.346200
v 109.069061 49.441101 1.346200
v 109.167068 49.446159 1.346200
v 109.267677 49.462040 1.346200
v 109.369186 49.489624 1.346200
v 109.469597 49.529411 1.346200
v 109.566750 49.581470 1.346200
v 109.658440 49.645351 1.346200
v 109.742577 49.720081 1.346200
v 109.817307 49.804211 1.346200
v 109.881180 49.895901 1.346200
v 109.933243 49.993053 1.346200
v 109.973030 50.093464 1.346200
v 110.000610 50.194969 1.346200
v 110.016502 50.295586 1.346200
v 109.069061 50.393600 1.371600
v 109.069061 50.393600 1.320800
f 9459 9460 9524
f 9524 9460 9525
f 9524 9525 9523
f 9523 9525 9526
f 9523 9526 9522
f 9522 9526 9527
f 9522 9527 9521
f 9521 9527 9528
f 9521 9528 9520
f 9520 9528 9529
f 9520 9529 9519
f 9519 9529 9530
f 9519 9530 9518
f 9518 9530 9531
f 9518 9531 9517
f 9517 9531 9516
f 9516 9531 9532
f 9516 9532 9515
f 9515 9532 9533
f 9515 9533 9514
f 9514 9533 9534
f 9514 9534 9513
f 9513 9534 9535
f 9513 9535 9512
f 9512 9535 9536
f 9512 9536 9511
f 9511 9536 9537
f 9511 9537 9510
f 9510 9537 9538
f 9510 9538 9509
f 9509 9538 9508
f 9508 9538 9539
f 9508 9539 9507
f 9507 9539 9540
f 9507 9540 9506
f 9506 9540 9541
f 9506 9541 9505
f 9505 9541 9542
f 9505 9542 9543
f 9543 9542 9480
f 9543 9480 9481
f 9460 9461 9525
f 9525 9461 9462
f 9525 9462 9526
f 9526 9462 9463
f 9526 9463 9527
f 9527 9463 9464
f 9527 9464 9528
f 9528 9464 9465
f 9528 9465 9529
f 9529 9465 9466
f 9529 9466 9530
f 9530 9466 9467
f 9530 9467 9531
f 9531 9467 9468
f 9531 9468 9469
f 9531 9469 9532
f 9532 9469 9470
f 9532 9470 9533
f 9533 9470 9471
f 9533 9471 9534
f 9534 9471 9472
f 9534 9472 9535
f 9535 9472 9473
f 9535 9473 9536
f 9536 9473 9474
f 9536 9474 9537
f 9537 9474 9475
f 9537 9475 9538
f 9538 9475 9476
f 9538 9476 9477
f 9538 9477 9539
f 9539 9477 9478
f 9539 9478 9540
f 9540 9478 9479
f 9540 9479 9541
f 9541 9479 9480
f 9541 9480 9542
f 9543 9481 9544
f 9544 9481 9482
f 9544 9482 9545
f 9545 9482 9483
f 9545 9483 9546
f 9546 9483 9484
f 9546 9484 9547
f 9547 9484 9485
f 9547 9485 9548
f 9548 9485 9486
f 9548 9486 9549
f 9549 9486 9550
f 9549 9550 9499
f 9499 9550 9498
f 9498 9550 9551
f 9498 9551 9497
f 9497 9551 9552
f 9497 9552 9496
f 9496 9552 9553
f 9496 9553 9495
f 9495 9553 9554
f 9495 9554 9494
f 9494 9554 9555
f 9494 9555 9493
f 9493 9555 9492
f 9492 9555 9491
f 9491 9555 9554
f 9491 9554 9490
f 9490 9554 9553
f 9490 9553 9489
f 9489 9553 9552
f 9489 9552 9488
f 9488 9552 9551
f 9488 9551 9487
f 9487 9551 9550
f 9487 9550 9486
f 9549 9499 9548
f 9548 9499 9500
f 9548 9500 9547
f 9547 9500 9501
f 9547 9501 9546
f 9546 9501 9502
f 9546 9502 9545
f 9545 9502 9503
f 9545 9503 9544
f 9544 9503 9504
f 9544 9504 9543
f 9543 9504 9505
f 9617 9460 9619
f 9619 9460 9459
f 9619 9459 9556
f 9619 9556 9618
f 9618 9556 9557
f 9618 9557 9620
f 9620 9557 9558
f 9620 9558 9621
f 9621 9558 9559
f 9621 9559 9622
f 9622 9559 9560
f 9622 9560 9623
f 9623 9560 9561
f 9623 9561 9624
f 9624 9561 9625
f 9624 9625 9612
f 9612 9625 9611
f 9611 9625 9626
f 9611 9626 9610
f 9610 9626 9627
f 9610 9627 9609
f 9609 9627 9628
f 9609 9628 9608
f 9608 9628 9629
f 9608 9629 9607
f 9607 9629 9630
f 9607 9630 9606
f 9606 9630 9631
f 9606 9631 9632
f 9632 9631 9567
f 9632 9567 9568
f 9561 9562 9625
f 9625 9562 9626
f 9562 9563 9626
f 9626 9563 9627
f 9563 9564 9627
f 9627 9564 9628
f 9564 9565 9628
f 9628 9565 9629
f 9565 9566 9629
f 9629 9566 9630
f 9566 9567 9630
f 9630 9567 9631
f 9632 9568 9633
f 9633 9568 9569
f 9633 9569 9634
f 9634 9569 9570
f 9634 9570 9635
f 9635 9570 9571
f 9635 9571 9572
f 9635 9572 9636
f 9636 9572 9573
f 9636 9573 9637
f 9637 9573 9574
f 9637 9574 9638
f 9638 9574 9575
f 9638 9575 9639
f 9639 9575 9576
f 9639 9576 9640
f 9640 9576 9577
f 9640 9577 9641
f 9641 9577 9578
f 9641 9578 9642
f 9642 9578 9579
f 9642 9579 9580
f 9642 9580 9643
f 9643 9580 9581
f 9643 9581 9644
f 9644 9581 9582
f 9644 9582 9645
f 9645 9582 9583
f 9645 9583 9646
f 9646 9583 9584
f 9646 9584 9647
f 9647 9584 9585
f 9647 9585 9648
f 9648 9585 9586
f 9648 9586 9492
f 9492 9586 9493
f 9492 9587 9648
f 9648 9587 9588
f 9648 9588 9647
f 9647 9588 9589
f 9647 9589 9646
f 9646 9589 9590
f 9646 9590 9645
f 9645 9590 9591
f 9645 9591 9644
f 9644 9591 9592
f 9644 9592 9643
f 9643 9592 9593
f 9643 9593 9642
f 9642 9593 9594
f 9642 9594 9595
f 9642 9595 9641
f 9641 9595 9596
f 9641 9596 9640
f 9640 9596 9597
f 9640 9597 9639
f 9639 9597 9598
f 9639 9598 9638
f 9638 9598 9599
f 9638 9599 9637
f 9637 9599 9600
f 9637 9600 9636
f 9636 9600 9601
f 9636 9601 9635
f 9635 9601 9602
f 9635 9602 9603
f 9635 9603 9634
f 9634 9603 9604
f 9634 9604 9633
f 9633 9604 9605
f 9633 9605 9632
f 9632 9605 9606
f 9624 9612 9623
f 9623 9612 9613
f 9623 9613 9622
f 9622 9613 9614
f 9622 9614 9621
f 9621 9614 9615
f 9621 9615 9620
f 9620 9615 9616
f 9620 9616 9618
f 9618 9616 9617
f 9618 9617 9619
f 9587 9492 9649
f 9649 9492 9491
f 9649 9491 9490
f 9490 9489 9649
f 9649 9489 9488
f 9649 9488 9487
f 9487 9486 9649
f 9649 9486 9485
f 9649 9485 9484
f 9484 9483 9649
f 9649 9483 9482
f 9649 9482 9481
f 9481 9480 9649
f 9649 9480 9479
f 9649 9479 9478
f 9478 9477 9649
f 9649 9477 9476
f 9649 9476 9475
f 9475 9474 9649
f 9649 9474 9473
f 9649 9473 9472
f 9472 9471 9649
f 9649 9471 9470
f 9649 9470 9469
f 9469 9468 9649
f 9649 9468 9467
f 9649 9467 9466
f 9466 9465 9649
f 9649 9465 9464
f 9649 9464 9463
f 9463 9462 9649
f 9649 9462 9461
f 9649 9461 9460
f 9460 9617 9649
f 9649 9617 9616
f 9649 9616 9615
f 9615 9614 9649
f 9649 9614 9613
f 9649 9613 9612
f 9612 9611 9649
f 9649 9611 9610
f 9649 9610 9609
f 9609 9608 9649
f 9649 9608 9607
f 9649 9607 9606
f 9606 9605 9649
f 9649 9605 9604
f 9649 9604 9603
f 9603 9602 9649
f 9649 9602 9601
f 9649 9601 9600
f 9600 9599 9649
f 9649 9599 9598
f 9649 9598 9597
f 9597 9596 9649
f 9649 9596 9595
f 9649 9595 9594
f 9594 9593 9649
f 9649 9593 9592
f 9649 9592 9591
f 9591 9590 9649
f 9649 9590 9589
f 9649 9589 9588
f 9588 9587 9649
f 9556 9459 9650
f 9650 9459 9524
f 9650 9524 9523
f 9523 9522 9650
f 9650 9522 9521
f 9650 9521 9520
f 9520 9519 9650
f 9650 9519 9518
f 9650 9518 9517
f 9517 9516 9650
f 9650 9516 9515
f 9650 9515 9514
f 9514 9513 9650
f 9650 9513 9512
f 9650 9512 9511
f 9511 9510 9650
f 9650 9510 9509
f 9650 9509 9508
f 9508 9507 9650
f 9650 9507 9506
f 9650 9506 9505
f 9505 9504 9650
f 9650 9504 9503
f 9650 9503 9502
f 9502 9501 9650
f 9650 9501 9500
f 9650 9500 9499
f 9499 9498 9650
f 9650 9498 9497
f 9650 9497 9496
f 9496 9495 9650
f 9650 9495 9494
f 9650 9494 9493
f 9493 9586 9650
f 9650 9586 9585
f 9650 9585 9584
f 9584 9583 9650
f 9650 9583 9582
f 9650 9582 9581
f 9581 9580 9650
f 9650 9580 9579
f 9650 9579 9578
f 9578 9577 9650
f 9650 9577 9576
f 9650 9576 9575
f 9575 9574 9650
f 9650 9574 9573
f 9650 9573 9572
f 9572 9571 9650
f 9650 9571 9570
f 9650 9570 9569
f 9569 9568 9650
f 9650 9568 9567
f 9650 9567 9566
f 9566 9565 9650
f 9650 9565 9564
f 9650 9564 9563
f 9563 9562 9650
f 9650 9562 9561
f 9650 9561 9560
f 9560 9559 9650
f 9650 9559 9558
f 9650 9558 9557
f 9557 9556 9650
g MeshBody50

v 108.116554 25.298399 1.320800
v 108.116554 25.298399 1.371600
v 108.120407 25.383986 1.371600
v 108.132462 25.471720 1.371600
v 108.153320 25.560490 1.371600
v 108.183434 25.649010 1.371600
v 108.222969 25.735878 1.371600
v 108.271820 25.819618 1.371600
v 108.329575 25.898758 1.371600
v 108.395531 25.971920 1.371600
v 108.468697 26.037874 1.371600
v 108.547836 26.095638 1.371600
v 108.631577 26.144489 1.371600
v 108.718437 26.184025 1.371600
v 108.806961 26.214130 1.371600
v 108.895737 26.234997 1.371600
v 108.983459 26.247046 1.371600
v 109.069061 26.250900 1.371600
v 109.154640 26.247046 1.371600
v 109.242371 26.234997 1.371600
v 109.331146 26.214130 1.371600
v 109.419670 26.184025 1.371600
v 109.506531 26.144489 1.371600
v 109.590263 26.095638 1.371600
v 109.669411 26.037874 1.371600
v 109.742577 25.971920 1.371600
v 109.808525 25.898758 1.371600
v 109.866295 25.819618 1.371600
v 109.915138 25.735878 1.371600
v 109.954674 25.649010 1.371600
v 109.984787 25.560490 1.371600
v 110.005646 25.471720 1.371600
v 110.017700 25.383986 1.371600
v 110.021561 25.298399 1.371600
v 110.021561 25.298399 1.320800
v 110.017700 25.383986 1.320800
v 110.005646 25.471720 1.320800
v 109.984787 25.560490 1.320800
v 109.954674 25.649010 1.320800
v 109.915138 25.735878 1.320800
v 109.866295 25.819618 1.320800
v 109.808525 25.898758 1.320800
v 109.742577 25.971920 1.320800
v 109.669411 26.037874 1.320800
v 109.590263 26.095638 1.320800
v 109.506531 26.144489 1.320800
v 109.419670 26.184025 1.320800
v 109.331146 26.214130 1.320800
v 109.242371 26.234997 1.320800
v 109.154640 26.247046 1.320800
v 109.069061 26.250900 1.320800
v 108.983459 26.247046 1.320800
v 108.895737 26.234997 1.320800
v 108.806961 26.214130 1.320800
v 108.718437 26.184025 1.320800
v 108.631577 26.144489 1.320800
v 108.547836 26.095638 1.320800
v 108.468697 26.037874 1.320800
v 108.395531 25.971920 1.320800
v 108.329575 25.898758 1.320800
v 108.271820 25.819618 1.320800
v 108.222969 25.735878 1.320800
v 108.183434 25.649010 1.320800
v 108.153320 25.560490 1.320800
v 108.132462 25.471720 1.320800
v 108.120407 25.383986 1.320800
v 108.121605 25.396412 1.346200
v 108.137497 25.497028 1.346200
v 108.165070 25.598536 1.346200
v 108.204865 25.698944 1.346200
v 108.256927 25.796097 1.346200
v 108.320801 25.887787 1.346200
v 108.395531 25.971920 1.346200
v 108.479668 26.046648 1.346200
v 108.571358 26.110527 1.346200
v 108.668510 26.162586 1.346200
v 108.768921 26.202375 1.346200
v 108.870430 26.229959 1.346200
v 108.971039 26.245844 1.346200
v 109.069061 26.250900 1.346200
v 109.167068 26.245844 1.346200
v 109.267677 26.229959 1.346200
v 109.343834 26.210403 1.346200
v 109.419670 26.184025 1.346200
v 109.494278 26.150715 1.346200
v 109.566750 26.110527 1.346200
v 109.636147 26.063683 1.346200
v 109.701576 26.010561 1.346200
v 109.762207 25.951700 1.346200
v 109.817307 25.887787 1.346200
v 109.866295 25.819618 1.346200
v 109.908722 25.748068 1.346200
v 109.944344 25.674063 1.346200
v 109.973030 25.598536 1.346200
v 109.994843 25.522396 1.346200
v 110.009972 25.446493 1.346200
v 110.018738 25.371605 1.346200
v 108.120407 25.212814 1.320800
v 108.132462 25.125080 1.320800
v 108.153320 25.036310 1.320800
v 108.183434 24.947788 1.320800
v 108.222969 24.860922 1.320800
v 108.271820 24.777182 1.320800
v 108.329575 24.698042 1.320800
v 108.395531 24.624880 1.320800
v 108.468697 24.558922 1.320800
v 108.547836 24.501162 1.320800
v 108.631577 24.452309 1.320800
v 108.718437 24.412775 1.320800
v 108.806961 24.382668 1.320800
v 108.895737 24.361803 1.320800
v 108.983459 24.349754 1.320800
v 109.069061 24.345900 1.320800
v 109.154640 24.349754 1.320800
v 109.242371 24.361803 1.320800
v 109.331146 24.382668 1.320800
v 109.419670 24.412775 1.320800
v 109.506531 24.452309 1.320800
v 109.590263 24.501162 1.320800
v 109.669411 24.558922 1.320800
v 109.742577 24.624880 1.320800
v 109.808525 24.698042 1.320800
v 109.866295 24.777182 1.320800
v 109.915138 24.860922 1.320800
v 109.954674 24.947788 1.320800
v 109.984787 25.036310 1.320800
v 110.005646 25.125080 1.320800
v 110.017700 25.212814 1.320800
v 110.017700 25.212814 1.371600
v 110.005646 25.125080 1.371600
v 109.984787 25.036310 1.371600
v 109.954674 24.947788 1.371600
v 109.915138 24.860922 1.371600
v 109.866295 24.777182 1.371600
v 109.808525 24.698042 1.371600
v 109.742577 24.624880 1.371600
v 109.669411 24.558922 1.371600
v 109.590263 24.501162 1.371600
v 109.506531 24.452309 1.371600
v 109.419670 24.412775 1.371600
v 109.331146 24.382668 1.371600
v 109.242371 24.361803 1.371600
v 109.154640 24.349754 1.371600
v 109.069061 24.345900 1.371600
v 108.983459 24.349754 1.371600
v 108.895737 24.361803 1.371600
v 108.806961 24.382668 1.371600
v 108.718437 24.412775 1.371600
v 108.631577 24.452309 1.371600
v 108.547836 24.501162 1.371600
v 108.468697 24.558922 1.371600
v 108.395531 24.624880 1.371600
v 108.329575 24.698042 1.371600
v 108.271820 24.777182 1.371600
v 108.222969 24.860922 1.371600
v 108.183434 24.947788 1.371600
v 108.153320 25.036310 1.371600
v 108.132462 25.125080 1.371600
v 108.120407 25.212814 1.371600
v 108.128136 25.150303 1.346200
v 108.119370 25.225195 1.346200
v 108.143265 25.074404 1.346200
v 108.165070 24.998262 1.346200
v 108.193764 24.922737 1.346200
v 108.229378 24.848732 1.346200
v 108.271820 24.777182 1.346200
v 108.320801 24.709013 1.346200
v 108.375900 24.645100 1.346200
v 108.436531 24.586239 1.346200
v 108.501961 24.533117 1.346200
v 108.571358 24.486271 1.346200
v 108.643829 24.446085 1.346200
v 108.718437 24.412775 1.346200
v 108.794266 24.386396 1.346200
v 108.870430 24.366840 1.346200
v 108.971039 24.350956 1.346200
v 109.069061 24.345900 1.346200
v 109.167068 24.350956 1.346200
v 109.267677 24.366840 1.346200
v 109.369186 24.394421 1.346200
v 109.469597 24.434214 1.346200
v 109.566750 24.486271 1.346200
v 109.658440 24.550150 1.346200
v 109.742577 24.624880 1.346200
v 109.817307 24.709013 1.346200
v 109.881180 24.800703 1.346200
v 109.933243 24.897856 1.346200
v 109.973030 24.998262 1.346200
v 110.000610 25.099771 1.346200
v 110.016502 25.200388 1.346200
v 109.069061 25.298399 1.371600
v 109.069061 25.298399 1.320800
f 9651 9652 9716
f 9716 9652 9717
f 9716 9717 9715
f 9715 9717 9718
f 9715 9718 9714
f 9714 9718 9719
f 9714 9719 9713
f 9713 9719 9720
f 9713 9720 9712
f 9712 9720 9721
f 9712 9721 9711
f 9711 9721 9722
f 9711 9722 9710
f 9710 9722 9723
f 9710 9723 9709
f 9709 9723 9708
f 9708 9723 9724
f 9708 9724 9707
f 9707 9724 9725
f 9707 9725 9706
f 9706 9725 9726
f 9706 9726 9705
f 9705 9726 9727
f 9705 9727 9704
f 9704 9727 9728
f 9704 9728 9703
f 9703 9728 9729
f 9703 9729 9702
f 9702 9729 9730
f 9702 9730 9701
f 9701 9730 9700
f 9700 9730 9731
f 9700 9731 9699
f 9699 9731 9732
f 9699 9732 9698
f 9698 9732 9733
f 9698 9733 9697
f 9697 9733 9734
f 9697 9734 9735
f 9735 9734 9672
f 9735 9672 9673
f 9652 9653 9717
f 9717 9653 9654
f 9717 9654 9718
f 9718 9654 9655
f 9718 9655 9719
f 9719 9655 9656
f 9719 9656 9720
f 9720 9656 9657
f 9720 9657 9721
f 9721 9657 9658
f 9721 9658 9722
f 9722 9658 9659
f 9722 9659 9723
f 9723 9659 9660
f 9723 9660 9661
f 9723 9661 9724
f 9724 9661 9662
f 9724 9662 9725
f 9725 9662 9663
f 9725 9663 9726
f 9726 9663 9664
f 9726 9664 9727
f 9727 9664 9665
f 9727 9665 9728
f 9728 9665 9666
f 9728 9666 9729
f 9729 9666 9667
f 9729 9667 9730
f 9730 9667 9668
f 9730 9668 9669
f 9730 9669 9731
f 9731 9669 9670
f 9731 9670 9732
f 9732 9670 9671
f 9732 9671 9733
f 9733 9671 9672
f 9733 9672 9734
f 9735 9673 9736
f 9736 9673 9674
f 9736 9674 9737
f 9737 9674 9675
f 9737 9675 9738
f 9738 9675 9676
f 9738 9676 9739
f 9739 9676 9677
f 9739 9677 9740
f 9740 9677 9678
f 9740 9678 9741
f 9741 9678 9742
f 9741 9742 9691
f 9691 9742 9690
f 9690 9742 9743
f 9690 9743 9689
f 9689 9743 9744
f 9689 9744 9688
f 9688 9744 9745
f 9688 9745 9687
f 9687 9745 9746
f 9687 9746 9686
f 9686 9746 9747
f 9686 9747 9685
f 9685 9747 9684
f 9684 9747 9683
f 9683 9747 9746
f 9683 9746 9682
f 9682 9746 9745
f 9682 9745 9681
f 9681 9745 9744
f 9681 9744 9680
f 9680 9744 9743
f 9680 9743 9679
f 9679 9743 9742
f 9679 9742 9678
f 9741 9691 9740
f 9740 9691 9692
f 9740 9692 9739
f 9739 9692 9693
f 9739 9693 9738
f 9738 9693 9694
f 9738 9694 9737
f 9737 9694 9695
f 9737 9695 9736
f 9736 9695 9696
f 9736 9696 9735
f 9735 9696 9697
f 9809 9652 9811
f 9811 9652 9651
f 9811 9651 9748
f 9811 9748 9810
f 9810 9748 9749
f 9810 9749 9812
f 9812 9749 9750
f 9812 9750 9813
f 9813 9750 9751
f 9813 9751 9814
f 9814 9751 9752
f 9814 9752 9815
f 9815 9752 9753
f 9815 9753 9816
f 9816 9753 9817
f 9816 9817 9804
f 9804 9817 9803
f 9803 9817 9818
f 9803 9818 9802
f 9802 9818 9819
f 9802 9819 9801
f 9801 9819 9820
f 9801 9820 9800
f 9800 9820 9821
f 9800 9821 9799
f 9799 9821 9822
f 9799 9822 9798
f 9798 9822 9823
f 9798 9823 9824
f 9824 9823 9759
f 9824 9759 9760
f 9753 9754 9817
f 9817 9754 9818
f 9754 9755 9818
f 9818 9755 9819
f 9755 9756 9819
f 9819 9756 9820
f 9756 9757 9820
f 9820 9757 9821
f 9757 9758 9821
f 9821 9758 9822
f 9758 9759 9822
f 9822 9759 9823
f 9824 9760 9825
f 9825 9760 9761
f 9825 9761 9826
f 9826 9761 9762
f 9826 9762 9827
f 9827 9762 9763
f 9827 9763 9764
f 9827 9764 9828
f 9828 9764 9765
f 9828 9765 9829
f 9829 9765 9766
f 9829 9766 9830
f 9830 9766 9767
f 9830 9767 9831
f 9831 9767 9768
f 9831 9768 9832
f 9832 9768 9769
f 9832 9769 9833
f 9833 9769 9770
f 9833 9770 9834
f 9834 9770 9771
f 9834 9771 9772
f 9834 9772 9835
f 9835 9772 9773
f 9835 9773 9836
f 9836 9773 9774
f 9836 9774 9837
f 9837 9774 9775
f 9837 9775 9838
f 9838 9775 9776
f 9838 9776 9839
f 9839 9776 9777
f 9839 9777 9840
f 9840 9777 9778
f 9840 9778 9684
f 9684 9778 9685
f 9684 9779 9840
f 9840 9779 9780
f 9840 9780 9839
f 9839 9780 9781
f 9839 9781 9838
f 9838 9781 9782
f 9838 9782 9837
f 9837 9782 9783
f 9837 9783 9836
f 9836 9783 9784
f 9836 9784 9835
f 9835 9784 9785
f 9835 9785 9834
f 9834 9785 9786
f 9834 9786 9787
f 9834 9787 9833
f 9833 9787 9788
f 9833 9788 9832
f 9832 9788 9789
f 9832 9789 9831
f 9831 9789 9790
f 9831 9790 9830
f 9830 9790 9791
f 9830 9791 9829
f 9829 9791 9792
f 9829 9792 9828
f 9828 9792 9793
f 9828 9793 9827
f 9827 9793 9794
f 9827 9794 9795
f 9827 9795 9826
f 9826 9795 9796
f 9826 9796 9825
f 9825 9796 9797
f 9825 9797 9824
f 9824 9797 9798
f 9816 9804 9815
f 9815 9804 9805
f 9815 9805 9814
f 9814 9805 9806
f 9814 9806 9813
f 9813 9806 9807
f 9813 9807 9812
f 9812 9807 9808
f 9812 9808 9810
f 9810 9808 9809
f 9810 9809 9811
f 9779 9684 9841
f 9841 9684 9683
f 9841 9683 9682
f 9682 9681 9841
f 9841 9681 9680
f 9841 9680 9679
f 9679 9678 9841
f 9841 9678 9677
f 9841 9677 9676
f 9676 9675 9841
f 9841 9675 9674
f 9841 9674 9673
f 9673 9672 9841
f 9841 9672 9671
f 9841 9671 9670
f 9670 9669 9841
f 9841 9669 9668
f 9841 9668 9667
f 9667 9666 9841
f 9841 9666 9665
f 9841 9665 9664
f 9664 9663 9841
f 9841 9663 9662
f 9841 9662 9661
f 9661 9660 9841
f 9841 9660 9659
f 9841 9659 9658
f 9658 9657 9841
f 9841 9657 9656
f 9841 9656 9655
f 9655 9654 9841
f 9841 9654 9653
f 9841 9653 9652
f 9652 9809 9841
f 9841 9809 9808
f 9841 9808 9807
f 9807 9806 9841
f 9841 9806 9805
f 9841 9805 9804
f 9804 9803 9841
f 9841 9803 9802
f 9841 9802 9801
f 9801 9800 9841
f 9841 9800 9799
f 9841 9799 9798
f 9798 9797 9841
f 9841 9797 9796
f 9841 9796 9795
f 9795 9794 9841
f 9841 9794 9793
f 9841 9793 9792
f 9792 9791 9841
f 9841 9791 9790
f 9841 9790 9789
f 9789 9788 9841
f 9841 9788 9787
f 9841 9787 9786
f 9786 9785 9841
f 9841 9785 9784
f 9841 9784 9783
f 9783 9782 9841
f 9841 9782 9781
f 9841 9781 9780
f 9780 9779 9841
f 9748 9651 9842
f 9842 9651 9716
f 9842 9716 9715
f 9715 9714 9842
f 9842 9714 9713
f 9842 9713 9712
f 9712 9711 9842
f 9842 9711 9710
f 9842 9710 9709
f 9709 9708 9842
f 9842 9708 9707
f 9842 9707 9706
f 9706 9705 9842
f 9842 9705 9704
f 9842 9704 9703
f 9703 9702 9842
f 9842 9702 9701
f 9842 9701 9700
f 9700 9699 9842
f 9842 9699 9698
f 9842 9698 9697
f 9697 9696 9842
f 9842 9696 9695
f 9842 9695 9694
f 9694 9693 9842
f 9842 9693 9692
f 9842 9692 9691
f 9691 9690 9842
f 9842 9690 9689
f 9842 9689 9688
f 9688 9687 9842
f 9842 9687 9686
f 9842 9686 9685
f 9685 9778 9842
f 9842 9778 9777
f 9842 9777 9776
f 9776 9775 9842
f 9842 9775 9774
f 9842 9774 9773
f 9773 9772 9842
f 9842 9772 9771
f 9842 9771 9770
f 9770 9769 9842
f 9842 9769 9768
f 9842 9768 9767
f 9767 9766 9842
f 9842 9766 9765
f 9842 9765 9764
f 9764 9763 9842
f 9842 9763 9762
f 9842 9762 9761
f 9761 9760 9842
f 9842 9760 9759
f 9842 9759 9758
f 9758 9757 9842
f 9842 9757 9756
f 9842 9756 9755
f 9755 9754 9842
f 9842 9754 9753
f 9842 9753 9752
f 9752 9751 9842
f 9842 9751 9750
f 9842 9750 9749
f 9749 9748 9842
g MeshBody51

v 133.211746 200.964798 1.320800
v 133.211746 200.964798 1.371600
v 133.215607 201.050385 1.371600
v 133.227646 201.138107 1.371600
v 133.248520 201.226883 1.371600
v 133.278625 201.315399 1.371600
v 133.318161 201.402283 1.371600
v 133.367020 201.486008 1.371600
v 133.424774 201.565155 1.371600
v 133.490738 201.638306 1.371600
v 133.563889 201.704269 1.371600
v 133.643036 201.762039 1.371600
v 133.726776 201.810898 1.371600
v 133.813644 201.850433 1.371600
v 133.902161 201.880524 1.371600
v 133.990936 201.901398 1.371600
v 134.078659 201.913452 1.371600
v 134.164246 201.917297 1.371600
v 134.249832 201.913452 1.371600
v 134.337570 201.901398 1.371600
v 134.426331 201.880524 1.371600
v 134.514862 201.850433 1.371600
v 134.601730 201.810898 1.371600
v 134.685471 201.762039 1.371600
v 134.764618 201.704269 1.371600
v 134.837769 201.638306 1.371600
v 134.903732 201.565155 1.371600
v 134.961487 201.486008 1.371600
v 135.010345 201.402283 1.371600
v 135.049881 201.315399 1.371600
v 135.079987 201.226883 1.371600
v 135.100845 201.138107 1.371600
v 135.112900 201.050385 1.371600
v 135.116745 200.964798 1.371600
v 135.116745 200.964798 1.320800
v 135.112900 201.050385 1.320800
v 135.100845 201.138107 1.320800
v 135.079987 201.226883 1.320800
v 135.049881 201.315399 1.320800
v 135.010345 201.402283 1.320800
v 134.961487 201.486008 1.320800
v 134.903732 201.565155 1.320800
v 134.837769 201.638306 1.320800
v 134.764618 201.704269 1.320800
v 134.685471 201.762039 1.320800
v 134.601730 201.810898 1.320800
v 134.514862 201.850433 1.320800
v 134.426331 201.880524 1.320800
v 134.337570 201.901398 1.320800
v 134.249832 201.913452 1.320800
v 134.164246 201.917297 1.320800
v 134.078659 201.913452 1.320800
v 133.990936 201.901398 1.320800
v 133.902161 201.880524 1.320800
v 133.813644 201.850433 1.320800
v 133.726776 201.810898 1.320800
v 133.643036 201.762039 1.320800
v 133.563889 201.704269 1.320800
v 133.490738 201.638306 1.320800
v 133.424774 201.565155 1.320800
v 133.367020 201.486008 1.320800
v 133.318161 201.402283 1.320800
v 133.278625 201.315399 1.320800
v 133.248520 201.226883 1.320800
v 133.227646 201.138107 1.320800
v 133.215607 201.050385 1.320800
v 133.216812 201.062805 1.346200
v 133.232697 201.163437 1.346200
v 133.260269 201.264938 1.346200
v 133.300064 201.365341 1.346200
v 133.352127 201.462494 1.346200
v 133.416000 201.554184 1.346200
v 133.490738 201.638306 1.346200
v 133.574875 201.713058 1.346200
v 133.666565 201.776932 1.346200
v 133.763702 201.828979 1.346200
v 133.864120 201.868774 1.346200
v 133.965622 201.896362 1.346200
v 134.066238 201.912247 1.346200
v 134.164246 201.917297 1.346200
v 134.262268 201.912247 1.346200
v 134.362885 201.896362 1.346200
v 134.439026 201.876801 1.346200
v 134.514862 201.850433 1.346200
v 134.589478 201.817123 1.346200
v 134.661957 201.776932 1.346200
v 134.731354 201.730087 1.346200
v 134.796768 201.676956 1.346200
v 134.857391 201.618103 1.346200
v 134.912506 201.554184 1.346200
v 134.961487 201.486008 1.346200
v 135.003922 201.414459 1.346200
v 135.039551 201.340454 1.346200
v 135.068222 201.264938 1.346200
v 135.090042 201.188797 1.346200
v 135.105179 201.112900 1.346200
v 135.113937 201.037994 1.346200
v 133.215607 200.879211 1.320800
v 133.227646 200.791489 1.320800
v 133.248520 200.702713 1.320800
v 133.278625 200.614182 1.320800
v 133.318161 200.527313 1.320800
v 133.367020 200.443573 1.320800
v 133.424774 200.364441 1.320800
v 133.490738 200.291275 1.320800
v 133.563889 200.225311 1.320800
v 133.643036 200.167572 1.320800
v 133.726776 200.118713 1.320800
v 133.813644 200.079178 1.320800
v 133.902161 200.049072 1.320800
v 133.990936 200.028198 1.320800
v 134.078659 200.016144 1.320800
v 134.164246 200.012299 1.320800
v 134.249832 200.016144 1.320800
v 134.337570 200.028198 1.320800
v 134.426331 200.049072 1.320800
v 134.514862 200.079178 1.320800
v 134.601730 200.118713 1.320800
v 134.685471 200.167572 1.320800
v 134.764618 200.225311 1.320800
v 134.837769 200.291275 1.320800
v 134.903732 200.364441 1.320800
v 134.961487 200.443573 1.320800
v 135.010345 200.527313 1.320800
v 135.049881 200.614182 1.320800
v 135.079987 200.702713 1.320800
v 135.100845 200.791489 1.320800
v 135.112900 200.879211 1.320800
v 135.112900 200.879211 1.371600
v 135.100845 200.791489 1.371600
v 135.079987 200.702713 1.371600
v 135.049881 200.614182 1.371600
v 135.010345 200.527313 1.371600
v 134.961487 200.443573 1.371600
v 134.903732 200.364441 1.371600
v 134.837769 200.291275 1.371600
v 134.764618 200.225311 1.371600
v 134.685471 200.167572 1.371600
v 134.601730 200.118713 1.371600
v 134.514862 200.079178 1.371600
v 134.426331 200.049072 1.371600
v 134.337570 200.028198 1.371600
v 134.249832 200.016144 1.371600
v 134.164246 200.012299 1.371600
v 134.078659 200.016144 1.371600
v 133.990936 200.028198 1.371600
v 133.902161 200.049072 1.371600
v 133.813644 200.079178 1.371600
v 133.726776 200.118713 1.371600
v 133.643036 200.167572 1.371600
v 133.563889 200.225311 1.371600
v 133.490738 200.291275 1.371600
v 133.424774 200.364441 1.371600
v 133.367020 200.443573 1.371600
v 133.318161 200.527313 1.371600
v 133.278625 200.614182 1.371600
v 133.248520 200.702713 1.371600
v 133.227646 200.791489 1.371600
v 133.215607 200.879211 1.371600
v 133.223343 200.816696 1.346200
v 133.214569 200.891586 1.346200
v 133.238464 200.740799 1.346200
v 133.260269 200.664673 1.346200
v 133.288971 200.589127 1.346200
v 133.324570 200.515121 1.346200
v 133.367020 200.443573 1.346200
v 133.416000 200.375397 1.346200
v 133.471100 200.311493 1.346200
v 133.531738 200.252640 1.346200
v 133.597153 200.199524 1.346200
v 133.666565 200.152664 1.346200
v 133.739029 200.112488 1.346200
v 133.813644 200.079178 1.346200
v 133.889465 200.052780 1.346200
v 133.965622 200.033234 1.346200
v 134.066238 200.017365 1.346200
v 134.164246 200.012299 1.346200
v 134.262268 200.017365 1.346200
v 134.362885 200.033234 1.346200
v 134.464386 200.060822 1.346200
v 134.564804 200.100616 1.346200
v 134.661957 200.152664 1.346200
v 134.753647 200.216553 1.346200
v 134.837769 200.291275 1.346200
v 134.912506 200.375397 1.346200
v 134.976379 200.467102 1.346200
v 135.028442 200.564240 1.346200
v 135.068222 200.664673 1.346200
v 135.095810 200.766174 1.346200
v 135.111694 200.866791 1.346200
v 134.164246 200.964798 1.371600
v 134.164246 200.964798 1.320800
f 9843 9844 9908
f 9908 9844 9909
f 9908 9909 9907
f 9907 9909 9910
f 9907 9910 9906
f 9906 9910 9911
f 9906 9911 9905
f 9905 9911 9912
f 9905 9912 9904
f 9904 9912 9913
f 9904 9913 9903
f 9903 9913 9914
f 9903 9914 9902
f 9902 9914 9915
f 9902 9915 9901
f 9901 9915 9900
f 9900 9915 9916
f 9900 9916 9899
f 9899 9916 9917
f 9899 9917 9898
f 9898 9917 9918
f 9898 9918 9897
f 9897 9918 9919
f 9897 9919 9896
f 9896 9919 9920
f 9896 9920 9895
f 9895 9920 9921
f 9895 9921 9894
f 9894 9921 9922
f 9894 9922 9893
f 9893 9922 9892
f 9892 9922 9923
f 9892 9923 9891
f 9891 9923 9924
f 9891 9924 9890
f 9890 9924 9925
f 9890 9925 9889
f 9889 9925 9926
f 9889 9926 9927
f 9927 9926 9864
f 9927 9864 9865
f 9844 9845 9909
f 9909 9845 9846
f 9909 9846 9910
f 9910 9846 9847
f 9910 9847 9911
f 9911 9847 9848
f 9911 9848 9912
f 9912 9848 9849
f 9912 9849 9913
f 9913 9849 9850
f 9913 9850 9914
f 9914 9850 9851
f 9914 9851 9915
f 9915 9851 9852
f 9915 9852 9853
f 9915 9853 9916
f 9916 9853 9854
f 9916 9854 9917
f 9917 9854 9855
f 9917 9855 9918
f 9918 9855 9856
f 9918 9856 9919
f 9919 9856 9857
f 9919 9857 9920
f 9920 9857 9858
f 9920 9858 9921
f 9921 9858 9859
f 9921 9859 9922
f 9922 9859 9860
f 9922 9860 9861
f 9922 9861 9923
f 9923 9861 9862
f 9923 9862 9924
f 9924 9862 9863
f 9924 9863 9925
f 9925 9863 9864
f 9925 9864 9926
f 9927 9865 9928
f 9928 9865 9866
f 9928 9866 9929
f 9929 9866 9867
f 9929 9867 9930
f 9930 9867 9868
f 9930 9868 9931
f 9931 9868 9869
f 9931 9869 9932
f 9932 9869 9870
f 9932 9870 9933
f 9933 9870 9934
f 9933 9934 9883
f 9883 9934 9882
f 9882 9934 9935
f 9882 9935 9881
f 9881 9935 9936
f 9881 9936 9880
f 9880 9936 9937
f 9880 9937 9879
f 9879 9937 9938
f 9879 9938 9878
f 9878 9938 9939
f 9878 9939 9877
f 9877 9939 9876
f 9876 9939 9875
f 9875 9939 9938
f 9875 9938 9874
f 9874 9938 9937
f 9874 9937 9873
f 9873 9937 9936
f 9873 9936 9872
f 9872 9936 9935
f 9872 9935 9871
f 9871 9935 9934
f 9871 9934 9870
f 9933 9883 9932
f 9932 9883 9884
f 9932 9884 9931
f 9931 9884 9885
f 9931 9885 9930
f 9930 9885 9886
f 9930 9886 9929
f 9929 9886 9887
f 9929 9887 9928
f 9928 9887 9888
f 9928 9888 9927
f 9927 9888 9889
f 10001 9844 10003
f 10003 9844 9843
f 10003 9843 9940
f 10003 9940 10002
f 10002 9940 9941
f 10002 9941 10004
f 10004 9941 9942
f 10004 9942 10005
f 10005 9942 9943
f 10005 9943 10006
f 10006 9943 9944
f 10006 9944 10007
f 10007 9944 9945
f 10007 9945 10008
f 10008 9945 10009
f 10008 10009 9996
f 9996 10009 9995
f 9995 10009 10010
f 9995 10010 9994
f 9994 10010 10011
f 9994 10011 9993
f 9993 10011 10012
f 9993 10012 9992
f 9992 10012 10013
f 9992 10013 9991
f 9991 10013 10014
f 9991 10014 9990
f 9990 10014 10015
f 9990 10015 10016
f 10016 10015 9951
f 10016 9951 9952
f 9945 9946 10009
f 10009 9946 10010
f 9946 9947 10010
f 10010 9947 10011
f 9947 9948 10011
f 10011 9948 10012
f 9948 9949 10012
f 10012 9949 10013
f 9949 9950 10013
f 10013 9950 10014
f 9950 9951 10014
f 10014 9951 10015
f 10016 9952 10017
f 10017 9952 9953
f 10017 9953 10018
f 10018 9953 9954
f 10018 9954 10019
f 10019 9954 9955
f 10019 9955 9956
f 10019 9956 10020
f 10020 9956 9957
f 10020 9957 10021
f 10021 9957 9958
f 10021 9958 10022
f 10022 9958 9959
f 10022 9959 10023
f 10023 9959 9960
f 10023 9960 10024
f 10024 9960 9961
f 10024 9961 10025
f 10025 9961 9962
f 10025 9962 10026
f 10026 9962 9963
f 10026 9963 9964
f 10026 9964 10027
f 10027 9964 9965
f 10027 9965 10028
f 10028 9965 9966
f 10028 9966 10029
f 10029 9966 9967
f 10029 9967 10030
f 10030 9967 9968
f 10030 9968 10031
f 10031 9968 9969
f 10031 9969 10032
f 10032 9969 9970
f 10032 9970 9876
f 9876 9970 9877
f 9876 9971 10032
f 10032 9971 9972
f 10032 9972 10031
f 10031 9972 9973
f 10031 9973 10030
f 10030 9973 9974
f 10030 9974 10029
f 10029 9974 9975
f 10029 9975 10028
f 10028 9975 9976
f 10028 9976 10027
f 10027 9976 9977
f 10027 9977 10026
f 10026 9977 9978
f 10026 9978 9979
f 10026 9979 10025
f 10025 9979 9980
f 10025 9980 10024
f 10024 9980 9981
f 10024 9981 10023
f 10023 9981 9982
f 10023 9982 10022
f 10022 9982 9983
f 10022 9983 10021
f 10021 9983 9984
f 10021 9984 10020
f 10020 9984 9985
f 10020 9985 10019
f 10019 9985 9986
f 10019 9986 9987
f 10019 9987 10018
f 10018 9987 9988
f 10018 9988 10017
f 10017 9988 9989
f 10017 9989 10016
f 10016 9989 9990
f 10008 9996 10007
f 10007 9996 9997
f 10007 9997 10006
f 10006 9997 9998
f 10006 9998 10005
f 10005 9998 9999
f 10005 9999 10004
f 10004 9999 10000
f 10004 10000 10002
f 10002 10000 10001
f 10002 10001 10003
f 9971 9876 10033
f 10033 9876 9875
f 10033 9875 9874
f 9874 9873 10033
f 10033 9873 9872
f 10033 9872 9871
f 9871 9870 10033
f 10033 9870 9869
f 10033 9869 9868
f 9868 9867 10033
f 10033 9867 9866
f 10033 9866 9865
f 9865 9864 10033
f 10033 9864 9863
f 10033 9863 9862
f 9862 9861 10033
f 10033 9861 9860
f 10033 9860 9859
f 9859 9858 10033
f 10033 9858 9857
f 10033 9857 9856
f 9856 9855 10033
f 10033 9855 9854
f 10033 9854 9853
f 9853 9852 10033
f 10033 9852 9851
f 10033 9851 9850
f 9850 9849 10033
f 10033 9849 9848
f 10033 9848 9847
f 9847 9846 10033
f 10033 9846 9845
f 10033 9845 9844
f 9844 10001 10033
f 10033 10001 10000
f 10033 10000 9999
f 9999 9998 10033
f 10033 9998 9997
f 10033 9997 9996
f 9996 9995 10033
f 10033 9995 9994
f 10033 9994 9993
f 9993 9992 10033
f 10033 9992 9991
f 10033 9991 9990
f 9990 9989 10033
f 10033 9989 9988
f 10033 9988 9987
f 9987 9986 10033
f 10033 9986 9985
f 10033 9985 9984
f 9984 9983 10033
f 10033 9983 9982
f 10033 9982 9981
f 9981 9980 10033
f 10033 9980 9979
f 10033 9979 9978
f 9978 9977 10033
f 10033 9977 9976
f 10033 9976 9975
f 9975 9974 10033
f 10033 9974 9973
f 10033 9973 9972
f 9972 9971 10033
f 9940 9843 10034
f 10034 9843 9908
f 10034 9908 9907
f 9907 9906 10034
f 10034 9906 9905
f 10034 9905 9904
f 9904 9903 10034
f 10034 9903 9902
f 10034 9902 9901
f 9901 9900 10034
f 10034 9900 9899
f 10034 9899 9898
f 9898 9897 10034
f 10034 9897 9896
f 10034 9896 9895
f 9895 9894 10034
f 10034 9894 9893
f 10034 9893 9892
f 9892 9891 10034
f 10034 9891 9890
f 10034 9890 9889
f 9889 9888 10034
f 10034 9888 9887
f 10034 9887 9886
f 9886 9885 10034
f 10034 9885 9884
f 10034 9884 9883
f 9883 9882 10034
f 10034 9882 9881
f 10034 9881 9880
f 9880 9879 10034
f 10034 9879 9878
f 10034 9878 9877
f 9877 9970 10034
f 10034 9970 9969
f 10034 9969 9968
f 9968 9967 10034
f 10034 9967 9966
f 10034 9966 9965
f 9965 9964 10034
f 10034 9964 9963
f 10034 9963 9962
f 9962 9961 10034
f 10034 9961 9960
f 10034 9960 9959
f 9959 9958 10034
f 10034 9958 9957
f 10034 9957 9956
f 9956 9955 10034
f 10034 9955 9954
f 10034 9954 9953
f 9953 9952 10034
f 10034 9952 9951
f 10034 9951 9950
f 9950 9949 10034
f 10034 9949 9948
f 10034 9948 9947
f 9947 9946 10034
f 10034 9946 9945
f 10034 9945 9944
f 9944 9943 10034
f 10034 9943 9942
f 10034 9942 9941
f 9941 9940 10034
g MeshBody52

v 32.830952 150.774399 1.320800
v 32.830952 150.774399 1.371600
v 32.834808 150.859985 1.371600
v 32.846855 150.947723 1.371600
v 32.867722 151.036484 1.371600
v 32.897831 151.125015 1.371600
v 32.937363 151.211868 1.371600
v 32.986214 151.295624 1.371600
v 33.043980 151.374756 1.371600
v 33.109936 151.447922 1.371600
v 33.183094 151.513870 1.371600
v 33.262238 151.571640 1.371600
v 33.345978 151.620499 1.371600
v 33.432846 151.660019 1.371600
v 33.521366 151.690125 1.371600
v 33.610134 151.710999 1.371600
v 33.697868 151.723038 1.371600
v 33.783455 151.726898 1.371600
v 33.869041 151.723038 1.371600
v 33.956772 151.710999 1.371600
v 34.045544 151.690125 1.371600
v 34.134064 151.660019 1.371600
v 34.220932 151.620499 1.371600
v 34.304672 151.571640 1.371600
v 34.383816 151.513870 1.371600
v 34.456974 151.447922 1.371600
v 34.522930 151.374756 1.371600
v 34.580692 151.295624 1.371600
v 34.629543 151.211868 1.371600
v 34.669079 151.125015 1.371600
v 34.699188 151.036484 1.371600
v 34.720055 150.947723 1.371600
v 34.732101 150.859985 1.371600
v 34.735954 150.774399 1.371600
v 34.735954 150.774399 1.320800
v 34.732101 150.859985 1.320800
v 34.720055 150.947723 1.320800
v 34.699188 151.036484 1.320800
v 34.669079 151.125015 1.320800
v 34.629543 151.211868 1.320800
v 34.580692 151.295624 1.320800
v 34.522930 151.374756 1.320800
v 34.456974 151.447922 1.320800
v 34.383816 151.513870 1.320800
v 34.304672 151.571640 1.320800
v 34.220932 151.620499 1.320800
v 34.134064 151.660019 1.320800
v 34.045544 151.690125 1.320800
v 33.956772 151.710999 1.320800
v 33.869041 151.723038 1.320800
v 33.783455 151.726898 1.320800
v 33.697868 151.723038 1.320800
v 33.610134 151.710999 1.320800
v 33.521366 151.690125 1.320800
v 33.432846 151.660019 1.320800
v 33.345978 151.620499 1.320800
v 33.262238 151.571640 1.320800
v 33.183094 151.513870 1.320800
v 33.109936 151.447922 1.320800
v 33.043980 151.374756 1.320800
v 32.986214 151.295624 1.320800
v 32.937363 151.211868 1.320800
v 32.897831 151.125015 1.320800
v 32.867722 151.036484 1.320800
v 32.846855 150.947723 1.320800
v 32.834808 150.859985 1.320800
v 32.836010 150.872406 1.346200
v 32.851894 150.973038 1.346200
v 32.879478 151.074539 1.346200
v 32.919266 151.174942 1.346200
v 32.971325 151.272095 1.346200
v 33.035206 151.363785 1.346200
v 33.109936 151.447922 1.346200
v 33.194065 151.522644 1.346200
v 33.285755 151.586533 1.346200
v 33.382908 151.638580 1.346200
v 33.483318 151.678375 1.346200
v 33.584824 151.705963 1.346200
v 33.685444 151.721848 1.346200
v 33.783455 151.726898 1.346200
v 33.881466 151.721848 1.346200
v 33.982086 151.705963 1.346200
v 34.058235 151.686401 1.346200
v 34.134064 151.660019 1.346200
v 34.208679 151.626709 1.346200
v 34.281155 151.586533 1.346200
v 34.350552 151.539688 1.346200
v 34.415974 151.486557 1.346200
v 34.476601 151.427704 1.346200
v 34.531704 151.363785 1.346200
v 34.580692 151.295624 1.346200
v 34.623131 151.224060 1.346200
v 34.658745 151.150070 1.346200
v 34.687431 151.074539 1.346200
v 34.709244 150.998398 1.346200
v 34.724373 150.922485 1.346200
v 34.733135 150.847595 1.346200
v 32.834808 150.688812 1.320800
v 32.846855 150.601074 1.320800
v 32.867722 150.512314 1.320800
v 32.897831 150.423798 1.320800
v 32.937363 150.336914 1.320800
v 32.986214 150.253174 1.320800
v 33.043980 150.174042 1.320800
v 33.109936 150.100876 1.320800
v 33.183094 150.034912 1.320800
v 33.262238 149.977158 1.320800
v 33.345978 149.928314 1.320800
v 33.432846 149.888779 1.320800
v 33.521366 149.858658 1.320800
v 33.610134 149.837799 1.320800
v 33.697868 149.825745 1.320800
v 33.783455 149.821899 1.320800
v 33.869041 149.825745 1.320800
v 33.956772 149.837799 1.320800
v 34.045544 149.858658 1.320800
v 34.134064 149.888779 1.320800
v 34.220932 149.928314 1.320800
v 34.304672 149.977158 1.320800
v 34.383816 150.034912 1.320800
v 34.456974 150.100876 1.320800
v 34.522930 150.174042 1.320800
v 34.580692 150.253174 1.320800
v 34.629543 150.336914 1.320800
v 34.669079 150.423798 1.320800
v 34.699188 150.512314 1.320800
v 34.720055 150.601074 1.320800
v 34.732101 150.688812 1.320800
v 34.732101 150.688812 1.371600
v 34.720055 150.601074 1.371600
v 34.699188 150.512314 1.371600
v 34.669079 150.423798 1.371600
v 34.629543 150.336914 1.371600
v 34.580692 150.253174 1.371600
v 34.522930 150.174042 1.371600
v 34.456974 150.100876 1.371600
v 34.383816 150.034912 1.371600
v 34.304672 149.977158 1.371600
v 34.220932 149.928314 1.371600
v 34.134064 149.888779 1.371600
v 34.045544 149.858658 1.371600
v 33.956772 149.837799 1.371600
v 33.869041 149.825745 1.371600
v 33.783455 149.821899 1.371600
v 33.697868 149.825745 1.371600
v 33.610134 149.837799 1.371600
v 33.521366 149.858658 1.371600
v 33.432846 149.888779 1.371600
v 33.345978 149.928314 1.371600
v 33.262238 149.977158 1.371600
v 33.183094 150.034912 1.371600
v 33.109936 150.100876 1.371600
v 33.043980 150.174042 1.371600
v 32.986214 150.253174 1.371600
v 32.937363 150.336914 1.371600
v 32.897831 150.423798 1.371600
v 32.867722 150.512314 1.371600
v 32.846855 150.601074 1.371600
v 32.834808 150.688812 1.371600
v 32.842537 150.626297 1.346200
v 32.833775 150.701202 1.346200
v 32.857666 150.550400 1.346200
v 32.879478 150.474258 1.346200
v 32.908161 150.398727 1.346200
v 32.943779 150.324722 1.346200
v 32.986214 150.253174 1.346200
v 33.035206 150.185013 1.346200
v 33.090309 150.121094 1.346200
v 33.150932 150.062241 1.346200
v 33.216358 150.009109 1.346200
v 33.285755 149.962265 1.346200
v 33.358231 149.922089 1.346200
v 33.432846 149.888779 1.346200
v 33.508675 149.862396 1.346200
v 33.584824 149.842834 1.346200
v 33.685444 149.826950 1.346200
v 33.783455 149.821899 1.346200
v 33.881466 149.826950 1.346200
v 33.982086 149.842834 1.346200
v 34.083591 149.870422 1.346200
v 34.184002 149.910202 1.346200
v 34.281155 149.962265 1.346200
v 34.372845 150.026154 1.346200
v 34.456974 150.100876 1.346200
v 34.531704 150.185013 1.346200
v 34.595585 150.276703 1.346200
v 34.647644 150.373856 1.346200
v 34.687431 150.474258 1.346200
v 34.715015 150.575775 1.346200
v 34.730900 150.676376 1.346200
v 33.783455 150.774399 1.371600
v 33.783455 150.774399 1.320800
f 10035 10036 10100
f 10100 10036 10101
f 10100 10101 10099
f 10099 10101 10102
f 10099 10102 10098
f 10098 10102 10103
f 10098 10103 10097
f 10097 10103 10104
f 10097 10104 10096
f 10096 10104 10105
f 10096 10105 10095
f 10095 10105 10106
f 10095 10106 10094
f 10094 10106 10107
f 10094 10107 10093
f 10093 10107 10092
f 10092 10107 10108
f 10092 10108 10091
f 10091 10108 10109
f 10091 10109 10090
f 10090 10109 10110
f 10090 10110 10089
f 10089 10110 10111
f 10089 10111 10088
f 10088 10111 10112
f 10088 10112 10087
f 10087 10112 10113
f 10087 10113 10086
f 10086 10113 10114
f 10086 10114 10085
f 10085 10114 10084
f 10084 10114 10115
f 10084 10115 10083
f 10083 10115 10116
f 10083 10116 10082
f 10082 10116 10117
f 10082 10117 10081
f 10081 10117 10118
f 10081 10118 10119
f 10119 10118 10056
f 10119 10056 10057
f 10036 10037 10101
f 10101 10037 10038
f 10101 10038 10102
f 10102 10038 10039
f 10102 10039 10103
f 10103 10039 10040
f 10103 10040 10104
f 10104 10040 10041
f 10104 10041 10105
f 10105 10041 10042
f 10105 10042 10106
f 10106 10042 10043
f 10106 10043 10107
f 10107 10043 10044
f 10107 10044 10045
f 10107 10045 10108
f 10108 10045 10046
f 10108 10046 10109
f 10109 10046 10047
f 10109 10047 10110
f 10110 10047 10048
f 10110 10048 10111
f 10111 10048 10049
f 10111 10049 10112
f 10112 10049 10050
f 10112 10050 10113
f 10113 10050 10051
f 10113 10051 10114
f 10114 10051 10052
f 10114 10052 10053
f 10114 10053 10115
f 10115 10053 10054
f 10115 10054 10116
f 10116 10054 10055
f 10116 10055 10117
f 10117 10055 10056
f 10117 10056 10118
f 10119 10057 10120
f 10120 10057 10058
f 10120 10058 10121
f 10121 10058 10059
f 10121 10059 10122
f 10122 10059 10060
f 10122 10060 10123
f 10123 10060 10061
f 10123 10061 10124
f 10124 10061 10062
f 10124 10062 10125
f 10125 10062 10126
f 10125 10126 10075
f 10075 10126 10074
f 10074 10126 10127
f 10074 10127 10073
f 10073 10127 10128
f 10073 10128 10072
f 10072 10128 10129
f 10072 10129 10071
f 10071 10129 10130
f 10071 10130 10070
f 10070 10130 10131
f 10070 10131 10069
f 10069 10131 10068
f 10068 10131 10067
f 10067 10131 10130
f 10067 10130 10066
f 10066 10130 10129
f 10066 10129 10065
f 10065 10129 10128
f 10065 10128 10064
f 10064 10128 10127
f 10064 10127 10063
f 10063 10127 10126
f 10063 10126 10062
f 10125 10075 10124
f 10124 10075 10076
f 10124 10076 10123
f 10123 10076 10077
f 10123 10077 10122
f 10122 10077 10078
f 10122 10078 10121
f 10121 10078 10079
f 10121 10079 10120
f 10120 10079 10080
f 10120 10080 10119
f 10119 10080 10081
f 10193 10036 10195
f 10195 10036 10035
f 10195 10035 10132
f 10195 10132 10194
f 10194 10132 10133
f 10194 10133 10196
f 10196 10133 10134
f 10196 10134 10197
f 10197 10134 10135
f 10197 10135 10198
f 10198 10135 10136
f 10198 10136 10199
f 10199 10136 10137
f 10199 10137 10200
f 10200 10137 10201
f 10200 10201 10188
f 10188 10201 10187
f 10187 10201 10202
f 10187 10202 10186
f 10186 10202 10203
f 10186 10203 10185
f 10185 10203 10204
f 10185 10204 10184
f 10184 10204 10205
f 10184 10205 10183
f 10183 10205 10206
f 10183 10206 10182
f 10182 10206 10207
f 10182 10207 10208
f 10208 10207 10143
f 10208 10143 10144
f 10137 10138 10201
f 10201 10138 10202
f 10138 10139 10202
f 10202 10139 10203
f 10139 10140 10203
f 10203 10140 10204
f 10140 10141 10204
f 10204 10141 10205
f 10141 10142 10205
f 10205 10142 10206
f 10142 10143 10206
f 10206 10143 10207
f 10208 10144 10209
f 10209 10144 10145
f 10209 10145 10210
f 10210 10145 10146
f 10210 10146 10211
f 10211 10146 10147
f 10211 10147 10148
f 10211 10148 10212
f 10212 10148 10149
f 10212 10149 10213
f 10213 10149 10150
f 10213 10150 10214
f 10214 10150 10151
f 10214 10151 10215
f 10215 10151 10152
f 10215 10152 10216
f 10216 10152 10153
f 10216 10153 10217
f 10217 10153 10154
f 10217 10154 10218
f 10218 10154 10155
f 10218 10155 10156
f 10218 10156 10219
f 10219 10156 10157
f 10219 10157 10220
f 10220 10157 10158
f 10220 10158 10221
f 10221 10158 10159
f 10221 10159 10222
f 10222 10159 10160
f 10222 10160 10223
f 10223 10160 10161
f 10223 10161 10224
f 10224 10161 10162
f 10224 10162 10068
f 10068 10162 10069
f 10068 10163 10224
f 10224 10163 10164
f 10224 10164 10223
f 10223 10164 10165
f 10223 10165 10222
f 10222 10165 10166
f 10222 10166 10221
f 10221 10166 10167
f 10221 10167 10220
f 10220 10167 10168
f 10220 10168 10219
f 10219 10168 10169
f 10219 10169 10218
f 10218 10169 10170
f 10218 10170 10171
f 10218 10171 10217
f 10217 10171 10172
f 10217 10172 10216
f 10216 10172 10173
f 10216 10173 10215
f 10215 10173 10174
f 10215 10174 10214
f 10214 10174 10175
f 10214 10175 10213
f 10213 10175 10176
f 10213 10176 10212
f 10212 10176 10177
f 10212 10177 10211
f 10211 10177 10178
f 10211 10178 10179
f 10211 10179 10210
f 10210 10179 10180
f 10210 10180 10209
f 10209 10180 10181
f 10209 10181 10208
f 10208 10181 10182
f 10200 10188 10199
f 10199 10188 10189
f 10199 10189 10198
f 10198 10189 10190
f 10198 10190 10197
f 10197 10190 10191
f 10197 10191 10196
f 10196 10191 10192
f 10196 10192 10194
f 10194 10192 10193
f 10194 10193 10195
f 10163 10068 10225
f 10225 10068 10067
f 10225 10067 10066
f 10066 10065 10225
f 10225 10065 10064
f 10225 10064 10063
f 10063 10062 10225
f 10225 10062 10061
f 10225 10061 10060
f 10060 10059 10225
f 10225 10059 10058
f 10225 10058 10057
f 10057 10056 10225
f 10225 10056 10055
f 10225 10055 10054
f 10054 10053 10225
f 10225 10053 10052
f 10225 10052 10051
f 10051 10050 10225
f 10225 10050 10049
f 10225 10049 10048
f 10048 10047 10225
f 10225 10047 10046
f 10225 10046 10045
f 10045 10044 10225
f 10225 10044 10043
f 10225 10043 10042
f 10042 10041 10225
f 10225 10041 10040
f 10225 10040 10039
f 10039 10038 10225
f 10225 10038 10037
f 10225 10037 10036
f 10036 10193 10225
f 10225 10193 10192
f 10225 10192 10191
f 10191 10190 10225
f 10225 10190 10189
f 10225 10189 10188
f 10188 10187 10225
f 10225 10187 10186
f 10225 10186 10185
f 10185 10184 10225
f 10225 10184 10183
f 10225 10183 10182
f 10182 10181 10225
f 10225 10181 10180
f 10225 10180 10179
f 10179 10178 10225
f 10225 10178 10177
f 10225 10177 10176
f 10176 10175 10225
f 10225 10175 10174
f 10225 10174 10173
f 10173 10172 10225
f 10225 10172 10171
f 10225 10171 10170
f 10170 10169 10225
f 10225 10169 10168
f 10225 10168 10167
f 10167 10166 10225
f 10225 10166 10165
f 10225 10165 10164
f 10164 10163 10225
f 10132 10035 10226
f 10226 10035 10100
f 10226 10100 10099
f 10099 10098 10226
f 10226 10098 10097
f 10226 10097 10096
f 10096 10095 10226
f 10226 10095 10094
f 10226 10094 10093
f 10093 10092 10226
f 10226 10092 10091
f 10226 10091 10090
f 10090 10089 10226
f 10226 10089 10088
f 10226 10088 10087
f 10087 10086 10226
f 10226 10086 10085
f 10226 10085 10084
f 10084 10083 10226
f 10226 10083 10082
f 10226 10082 10081
f 10081 10080 10226
f 10226 10080 10079
f 10226 10079 10078
f 10078 10077 10226
f 10226 10077 10076
f 10226 10076 10075
f 10075 10074 10226
f 10226 10074 10073
f 10226 10073 10072
f 10072 10071 10226
f 10226 10071 10070
f 10226 10070 10069
f 10069 10162 10226
f 10226 10162 10161
f 10226 10161 10160
f 10160 10159 10226
f 10226 10159 10158
f 10226 10158 10157
f 10157 10156 10226
f 10226 10156 10155
f 10226 10155 10154
f 10154 10153 10226
f 10226 10153 10152
f 10226 10152 10151
f 10151 10150 10226
f 10226 10150 10149
f 10226 10149 10148
f 10148 10147 10226
f 10226 10147 10146
f 10226 10146 10145
f 10145 10144 10226
f 10226 10144 10143
f 10226 10143 10142
f 10142 10141 10226
f 10226 10141 10140
f 10226 10140 10139
f 10139 10138 10226
f 10226 10138 10137
f 10226 10137 10136
f 10136 10135 10226
f 10226 10135 10134
f 10226 10134 10133
f 10133 10132 10226
g MeshBody53

v 32.830952 175.869598 1.320800
v 32.830952 175.869598 1.371600
v 32.834808 175.955185 1.371600
v 32.846855 176.042908 1.371600
v 32.867722 176.131683 1.371600
v 32.897831 176.220215 1.371600
v 32.937363 176.307083 1.371600
v 32.986214 176.390823 1.371600
v 33.043980 176.469955 1.371600
v 33.109936 176.543121 1.371600
v 33.183094 176.609085 1.371600
v 33.262238 176.666824 1.371600
v 33.345978 176.715683 1.371600
v 33.432846 176.755219 1.371600
v 33.521366 176.785324 1.371600
v 33.610134 176.806198 1.371600
v 33.697868 176.818237 1.371600
v 33.783455 176.822098 1.371600
v 33.869041 176.818237 1.371600
v 33.956772 176.806198 1.371600
v 34.045544 176.785324 1.371600
v 34.134064 176.755219 1.371600
v 34.220932 176.715683 1.371600
v 34.304672 176.666824 1.371600
v 34.383816 176.609085 1.371600
v 34.456974 176.543121 1.371600
v 34.522930 176.469955 1.371600
v 34.580692 176.390823 1.371600
v 34.629543 176.307083 1.371600
v 34.669079 176.220215 1.371600
v 34.699188 176.131683 1.371600
v 34.720055 176.042908 1.371600
v 34.732101 175.955185 1.371600
v 34.735954 175.869598 1.371600
v 34.735954 175.869598 1.320800
v 34.732101 175.955185 1.320800
v 34.720055 176.042908 1.320800
v 34.699188 176.131683 1.320800
v 34.669079 176.220215 1.320800
v 34.629543 176.307083 1.320800
v 34.580692 176.390823 1.320800
v 34.522930 176.469955 1.320800
v 34.456974 176.543121 1.320800
v 34.383816 176.609085 1.320800
v 34.304672 176.666824 1.320800
v 34.220932 176.715683 1.320800
v 34.134064 176.755219 1.320800
v 34.045544 176.785324 1.320800
v 33.956772 176.806198 1.320800
v 33.869041 176.818237 1.320800
v 33.783455 176.822098 1.320800
v 33.697868 176.818237 1.320800
v 33.610134 176.806198 1.320800
v 33.521366 176.785324 1.320800
v 33.432846 176.755219 1.320800
v 33.345978 176.715683 1.320800
v 33.262238 176.666824 1.320800
v 33.183094 176.609085 1.320800
v 33.109936 176.543121 1.320800
v 33.043980 176.469955 1.320800
v 32.986214 176.390823 1.320800
v 32.937363 176.307083 1.320800
v 32.897831 176.220215 1.320800
v 32.867722 176.131683 1.320800
v 32.846855 176.042908 1.320800
v 32.834808 175.955185 1.320800
v 32.836010 175.967606 1.346200
v 32.851894 176.068222 1.346200
v 32.879478 176.169724 1.346200
v 32.919266 176.270142 1.346200
v 32.971325 176.367294 1.346200
v 33.035206 176.459000 1.346200
v 33.109936 176.543121 1.346200
v 33.194065 176.617844 1.346200
v 33.285755 176.681732 1.346200
v 33.382908 176.733780 1.346200
v 33.483318 176.773575 1.346200
v 33.584824 176.801163 1.346200
v 33.685444 176.817032 1.346200
v 33.783455 176.822098 1.346200
v 33.881466 176.817032 1.346200
v 33.982086 176.801163 1.346200
v 34.058235 176.781616 1.346200
v 34.134064 176.755219 1.346200
v 34.208679 176.721909 1.346200
v 34.281155 176.681732 1.346200
v 34.350552 176.634872 1.346200
v 34.415974 176.581757 1.346200
v 34.476601 176.522903 1.346200
v 34.531704 176.459000 1.346200
v 34.580692 176.390823 1.346200
v 34.623131 176.319275 1.346200
v 34.658745 176.245270 1.346200
v 34.687431 176.169724 1.346200
v 34.709244 176.093597 1.346200
v 34.724373 176.017685 1.346200
v 34.733135 175.942810 1.346200
v 32.834808 175.784012 1.320800
v 32.846855 175.696274 1.320800
v 32.867722 175.607513 1.320800
v 32.897831 175.518997 1.320800
v 32.937363 175.432114 1.320800
v 32.986214 175.348389 1.320800
v 33.043980 175.269241 1.320800
v 33.109936 175.196091 1.320800
v 33.183094 175.130127 1.320800
v 33.262238 175.072357 1.320800
v 33.345978 175.023499 1.320800
v 33.432846 174.983963 1.320800
v 33.521366 174.953873 1.320800
v 33.610134 174.932999 1.320800
v 33.697868 174.920944 1.320800
v 33.783455 174.917099 1.320800
v 33.869041 174.920944 1.320800
v 33.956772 174.932999 1.320800
v 34.045544 174.953873 1.320800
v 34.134064 174.983963 1.320800
v 34.220932 175.023499 1.320800
v 34.304672 175.072357 1.320800
v 34.383816 175.130127 1.320800
v 34.456974 175.196091 1.320800
v 34.522930 175.269241 1.320800
v 34.580692 175.348389 1.320800
v 34.629543 175.432114 1.320800
v 34.669079 175.518997 1.320800
v 34.699188 175.607513 1.320800
v 34.720055 175.696274 1.320800
v 34.732101 175.784012 1.320800
v 34.732101 175.784012 1.371600
v 34.720055 175.696274 1.371600
v 34.699188 175.607513 1.371600
v 34.669079 175.518997 1.371600
v 34.629543 175.432114 1.371600
v 34.580692 175.348389 1.371600
v 34.522930 175.269241 1.371600
v 34.456974 175.196091 1.371600
v 34.383816 175.130127 1.371600
v 34.304672 175.072357 1.371600
v 34.220932 175.023499 1.371600
v 34.134064 174.983963 1.371600
v 34.045544 174.953873 1.371600
v 33.956772 174.932999 1.371600
v 33.869041 174.920944 1.371600
v 33.783455 174.917099 1.371600
v 33.697868 174.920944 1.371600
v 33.610134 174.932999 1.371600
v 33.521366 174.953873 1.371600
v 33.432846 174.983963 1.371600
v 33.345978 175.023499 1.371600
v 33.262238 175.072357 1.371600
v 33.183094 175.130127 1.371600
v 33.109936 175.196091 1.371600
v 33.043980 175.269241 1.371600
v 32.986214 175.348389 1.371600
v 32.937363 175.432114 1.371600
v 32.897831 175.518997 1.371600
v 32.867722 175.607513 1.371600
v 32.846855 175.696274 1.371600
v 32.834808 175.784012 1.371600
v 32.842537 175.721497 1.346200
v 32.833775 175.796402 1.346200
v 32.857666 175.645599 1.346200
v 32.879478 175.569458 1.346200
v 32.908161 175.493942 1.346200
v 32.943779 175.419922 1.346200
v 32.986214 175.348389 1.346200
v 33.035206 175.280212 1.346200
v 33.090309 175.216293 1.346200
v 33.150932 175.157440 1.346200
v 33.216358 175.104309 1.346200
v 33.285755 175.057465 1.346200
v 33.358231 175.017273 1.346200
v 33.432846 174.983963 1.346200
v 33.508675 174.957596 1.346200
v 33.584824 174.938034 1.346200
v 33.685444 174.922150 1.346200
v 33.783455 174.917099 1.346200
v 33.881466 174.922150 1.346200
v 33.982086 174.938034 1.346200
v 34.083591 174.965622 1.346200
v 34.184002 175.005402 1.346200
v 34.281155 175.057465 1.346200
v 34.372845 175.121338 1.346200
v 34.456974 175.196091 1.346200
v 34.531704 175.280212 1.346200
v 34.595585 175.371902 1.346200
v 34.647644 175.469055 1.346200
v 34.687431 175.569458 1.346200
v 34.715015 175.670959 1.346200
v 34.730900 175.771591 1.346200
v 33.783455 175.869598 1.371600
v 33.783455 175.869598 1.320800
f 10227 10228 10292
f 10292 10228 10293
f 10292 10293 10291
f 10291 10293 10294
f 10291 10294 10290
f 10290 10294 10295
f 10290 10295 10289
f 10289 10295 10296
f 10289 10296 10288
f 10288 10296 10297
f 10288 10297 10287
f 10287 10297 10298
f 10287 10298 10286
f 10286 10298 10299
f 10286 10299 10285
f 10285 10299 10284
f 10284 10299 10300
f 10284 10300 10283
f 10283 10300 10301
f 10283 10301 10282
f 10282 10301 10302
f 10282 10302 10281
f 10281 10302 10303
f 10281 10303 10280
f 10280 10303 10304
f 10280 10304 10279
f 10279 10304 10305
f 10279 10305 10278
f 10278 10305 10306
f 10278 10306 10277
f 10277 10306 10276
f 10276 10306 10307
f 10276 10307 10275
f 10275 10307 10308
f 10275 10308 10274
f 10274 10308 10309
f 10274 10309 10273
f 10273 10309 10310
f 10273 10310 10311
f 10311 10310 10248
f 10311 10248 10249
f 10228 10229 10293
f 10293 10229 10230
f 10293 10230 10294
f 10294 10230 10231
f 10294 10231 10295
f 10295 10231 10232
f 10295 10232 10296
f 10296 10232 10233
f 10296 10233 10297
f 10297 10233 10234
f 10297 10234 10298
f 10298 10234 10235
f 10298 10235 10299
f 10299 10235 10236
f 10299 10236 10237
f 10299 10237 10300
f 10300 10237 10238
f 10300 10238 10301
f 10301 10238 10239
f 10301 10239 10302
f 10302 10239 10240
f 10302 10240 10303
f 10303 10240 10241
f 10303 10241 10304
f 10304 10241 10242
f 10304 10242 10305
f 10305 10242 10243
f 10305 10243 10306
f 10306 10243 10244
f 10306 10244 10245
f 10306 10245 10307
f 10307 10245 10246
f 10307 10246 10308
f 10308 10246 10247
f 10308 10247 10309
f 10309 10247 10248
f 10309 10248 10310
f 10311 10249 10312
f 10312 10249 10250
f 10312 10250 10313
f 10313 10250 10251
f 10313 10251 10314
f 10314 10251 10252
f 10314 10252 10315
f 10315 10252 10253
f 10315 10253 10316
f 10316 10253 10254
f 10316 10254 10317
f 10317 10254 10318
f 10317 10318 10267
f 10267 10318 10266
f 10266 10318 10319
f 10266 10319 10265
f 10265 10319 10320
f 10265 10320 10264
f 10264 10320 10321
f 10264 10321 10263
f 10263 10321 10322
f 10263 10322 10262
f 10262 10322 10323
f 10262 10323 10261
f 10261 10323 10260
f 10260 10323 10259
f 10259 10323 10322
f 10259 10322 10258
f 10258 10322 10321
f 10258 10321 10257
f 10257 10321 10320
f 10257 10320 10256
f 10256 10320 10319
f 10256 10319 10255
f 10255 10319 10318
f 10255 10318 10254
f 10317 10267 10316
f 10316 10267 10268
f 10316 10268 10315
f 10315 10268 10269
f 10315 10269 10314
f 10314 10269 10270
f 10314 10270 10313
f 10313 10270 10271
f 10313 10271 10312
f 10312 10271 10272
f 10312 10272 10311
f 10311 10272 10273
f 10385 10228 10387
f 10387 10228 10227
f 10387 10227 10324
f 10387 10324 10386
f 10386 10324 10325
f 10386 10325 10388
f 10388 10325 10326
f 10388 10326 10389
f 10389 10326 10327
f 10389 10327 10390
f 10390 10327 10328
f 10390 10328 10391
f 10391 10328 10329
f 10391 10329 10392
f 10392 10329 10393
f 10392 10393 10380
f 10380 10393 10379
f 10379 10393 10394
f 10379 10394 10378
f 10378 10394 10395
f 10378 10395 10377
f 10377 10395 10396
f 10377 10396 10376
f 10376 10396 10397
f 10376 10397 10375
f 10375 10397 10398
f 10375 10398 10374
f 10374 10398 10399
f 10374 10399 10400
f 10400 10399 10335
f 10400 10335 10336
f 10329 10330 10393
f 10393 10330 10394
f 10330 10331 10394
f 10394 10331 10395
f 10331 10332 10395
f 10395 10332 10396
f 10332 10333 10396
f 10396 10333 10397
f 10333 10334 10397
f 10397 10334 10398
f 10334 10335 10398
f 10398 10335 10399
f 10400 10336 10401
f 10401 10336 10337
f 10401 10337 10402
f 10402 10337 10338
f 10402 10338 10403
f 10403 10338 10339
f 10403 10339 10340
f 10403 10340 10404
f 10404 10340 10341
f 10404 10341 10405
f 10405 10341 10342
f 10405 10342 10406
f 10406 10342 10343
f 10406 10343 10407
f 10407 10343 10344
f 10407 10344 10408
f 10408 10344 10345
f 10408 10345 10409
f 10409 10345 10346
f 10409 10346 10410
f 10410 10346 10347
f 10410 10347 10348
f 10410 10348 10411
f 10411 10348 10349
f 10411 10349 10412
f 10412 10349 10350
f 10412 10350 10413
f 10413 10350 10351
f 10413 10351 10414
f 10414 10351 10352
f 10414 10352 10415
f 10415 10352 10353
f 10415 10353 10416
f 10416 10353 10354
f 10416 10354 10260
f 10260 10354 10261
f 10260 10355 10416
f 10416 10355 10356
f 10416 10356 10415
f 10415 10356 10357
f 10415 10357 10414
f 10414 10357 10358
f 10414 10358 10413
f 10413 10358 10359
f 10413 10359 10412
f 10412 10359 10360
f 10412 10360 10411
f 10411 10360 10361
f 10411 10361 10410
f 10410 10361 10362
f 10410 10362 10363
f 10410 10363 10409
f 10409 10363 10364
f 10409 10364 10408
f 10408 10364 10365
f 10408 10365 10407
f 10407 10365 10366
f 10407 10366 10406
f 10406 10366 10367
f 10406 10367 10405
f 10405 10367 10368
f 10405 10368 10404
f 10404 10368 10369
f 10404 10369 10403
f 10403 10369 10370
f 10403 10370 10371
f 10403 10371 10402
f 10402 10371 10372
f 10402 10372 10401
f 10401 10372 10373
f 10401 10373 10400
f 10400 10373 10374
f 10392 10380 10391
f 10391 10380 10381
f 10391 10381 10390
f 10390 10381 10382
f 10390 10382 10389
f 10389 10382 10383
f 10389 10383 10388
f 10388 10383 10384
f 10388 10384 10386
f 10386 10384 10385
f 10386 10385 10387
f 10355 10260 10417
f 10417 10260 10259
f 10417 10259 10258
f 10258 10257 10417
f 10417 10257 10256
f 10417 10256 10255
f 10255 10254 10417
f 10417 10254 10253
f 10417 10253 10252
f 10252 10251 10417
f 10417 10251 10250
f 10417 10250 10249
f 10249 10248 10417
f 10417 10248 10247
f 10417 10247 10246
f 10246 10245 10417
f 10417 10245 10244
f 10417 10244 10243
f 10243 10242 10417
f 10417 10242 10241
f 10417 10241 10240
f 10240 10239 10417
f 10417 10239 10238
f 10417 10238 10237
f 10237 10236 10417
f 10417 10236 10235
f 10417 10235 10234
f 10234 10233 10417
f 10417 10233 10232
f 10417 10232 10231
f 10231 10230 10417
f 10417 10230 10229
f 10417 10229 10228
f 10228 10385 10417
f 10417 10385 10384
f 10417 10384 10383
f 10383 10382 10417
f 10417 10382 10381
f 10417 10381 10380
f 10380 10379 10417
f 10417 10379 10378
f 10417 10378 10377
f 10377 10376 10417
f 10417 10376 10375
f 10417 10375 10374
f 10374 10373 10417
f 10417 10373 10372
f 10417 10372 10371
f 10371 10370 10417
f 10417 10370 10369
f 10417 10369 10368
f 10368 10367 10417
f 10417 10367 10366
f 10417 10366 10365
f 10365 10364 10417
f 10417 10364 10363
f 10417 10363 10362
f 10362 10361 10417
f 10417 10361 10360
f 10417 10360 10359
f 10359 10358 10417
f 10417 10358 10357
f 10417 10357 10356
f 10356 10355 10417
f 10324 10227 10418
f 10418 10227 10292
f 10418 10292 10291
f 10291 10290 10418
f 10418 10290 10289
f 10418 10289 10288
f 10288 10287 10418
f 10418 10287 10286
f 10418 10286 10285
f 10285 10284 10418
f 10418 10284 10283
f 10418 10283 10282
f 10282 10281 10418
f 10418 10281 10280
f 10418 10280 10279
f 10279 10278 10418
f 10418 10278 10277
f 10418 10277 10276
f 10276 10275 10418
f 10418 10275 10274
f 10418 10274 10273
f 10273 10272 10418
f 10418 10272 10271
f 10418 10271 10270
f 10270 10269 10418
f 10418 10269 10268
f 10418 10268 10267
f 10267 10266 10418
f 10418 10266 10265
f 10418 10265 10264
f 10264 10263 10418
f 10418 10263 10262
f 10418 10262 10261
f 10261 10354 10418
f 10418 10354 10353
f 10418 10353 10352
f 10352 10351 10418
f 10418 10351 10350
f 10418 10350 10349
f 10349 10348 10418
f 10418 10348 10347
f 10418 10347 10346
f 10346 10345 10418
f 10418 10345 10344
f 10418 10344 10343
f 10343 10342 10418
f 10418 10342 10341
f 10418 10341 10340
f 10340 10339 10418
f 10418 10339 10338
f 10418 10338 10337
f 10337 10336 10418
f 10418 10336 10335
f 10418 10335 10334
f 10334 10333 10418
f 10418 10333 10332
f 10418 10332 10331
f 10331 10330 10418
f 10418 10330 10329
f 10418 10329 10328
f 10328 10327 10418
f 10418 10327 10326
f 10418 10326 10325
f 10325 10324 10418
g MeshBody54

v 57.926155 100.583992 1.320800
v 57.926155 100.583992 1.371600
v 57.930004 100.669579 1.371600
v 57.942055 100.757317 1.371600
v 57.962921 100.846092 1.371600
v 57.993031 100.934616 1.371600
v 58.032562 101.021477 1.371600
v 58.081413 101.105209 1.371600
v 58.139179 101.184357 1.371600
v 58.205132 101.257523 1.371600
v 58.278297 101.323471 1.371600
v 58.357433 101.381233 1.371600
v 58.441174 101.430084 1.371600
v 58.528046 101.469620 1.371600
v 58.616566 101.499733 1.371600
v 58.705334 101.520592 1.371600
v 58.793068 101.532646 1.371600
v 58.878654 101.536491 1.371600
v 58.964241 101.532646 1.371600
v 59.051975 101.520592 1.371600
v 59.140739 101.499733 1.371600
v 59.229267 101.469620 1.371600
v 59.316132 101.430084 1.371600
v 59.399872 101.381233 1.371600
v 59.479015 101.323471 1.371600
v 59.552174 101.257523 1.371600
v 59.618130 101.184357 1.371600
v 59.675892 101.105209 1.371600
v 59.724747 101.021477 1.371600
v 59.764278 100.934616 1.371600
v 59.794388 100.846092 1.371600
v 59.815254 100.757317 1.371600
v 59.827301 100.669579 1.371600
v 59.831154 100.583992 1.371600
v 59.831154 100.583992 1.320800
v 59.827301 100.669579 1.320800
v 59.815254 100.757317 1.320800
v 59.794388 100.846092 1.320800
v 59.764278 100.934616 1.320800
v 59.724747 101.021477 1.320800
v 59.675892 101.105209 1.320800
v 59.618130 101.184357 1.320800
v 59.552174 101.257523 1.320800
v 59.479015 101.323471 1.320800
v 59.399872 101.381233 1.320800
v 59.316132 101.430084 1.320800
v 59.229267 101.469620 1.320800
v 59.140739 101.499733 1.320800
v 59.051975 101.520592 1.320800
v 58.964241 101.532646 1.320800
v 58.878654 101.536491 1.320800
v 58.793068 101.532646 1.320800
v 58.705334 101.520592 1.320800
v 58.616566 101.499733 1.320800
v 58.528046 101.469620 1.320800
v 58.441174 101.430084 1.320800
v 58.357433 101.381233 1.320800
v 58.278297 101.323471 1.320800
v 58.205132 101.257523 1.320800
v 58.139179 101.184357 1.320800
v 58.081413 101.105209 1.320800
v 58.032562 101.021477 1.320800
v 57.993031 100.934616 1.320800
v 57.962921 100.846092 1.320800
v 57.942055 100.757317 1.320800
v 57.930004 100.669579 1.320800
v 57.931210 100.682014 1.346200
v 57.947098 100.782623 1.346200
v 57.974678 100.884132 1.346200
v 58.014465 100.984543 1.346200
v 58.066528 101.081696 1.346200
v 58.130405 101.173386 1.346200
v 58.205132 101.257523 1.346200
v 58.289265 101.332245 1.346200
v 58.380955 101.396126 1.346200
v 58.478111 101.448189 1.346200
v 58.578518 101.487984 1.346200
v 58.680023 101.515556 1.346200
v 58.780640 101.531448 1.346200
v 58.878654 101.536491 1.346200
v 58.976665 101.531448 1.346200
v 59.077286 101.515556 1.346200
v 59.153435 101.496002 1.346200
v 59.229267 101.469620 1.346200
v 59.303879 101.436317 1.346200
v 59.376350 101.396126 1.346200
v 59.445751 101.349274 1.346200
v 59.511177 101.296158 1.346200
v 59.571804 101.237297 1.346200
v 59.626904 101.173386 1.346200
v 59.675892 101.105209 1.346200
v 59.718330 101.033669 1.346200
v 59.753944 100.959663 1.346200
v 59.782631 100.884132 1.346200
v 59.804440 100.807991 1.346200
v 59.819569 100.732094 1.346200
v 59.828339 100.657204 1.346200
v 57.930004 100.498405 1.320800
v 57.942055 100.410683 1.320800
v 57.962921 100.321907 1.320800
v 57.993031 100.233383 1.320800
v 58.032562 100.146523 1.320800
v 58.081413 100.062775 1.320800
v 58.139179 99.983643 1.320800
v 58.205132 99.910477 1.320800
v 58.278297 99.844521 1.320800
v 58.357433 99.786758 1.320800
v 58.441174 99.737915 1.320800
v 58.528046 99.698372 1.320800
v 58.616566 99.668266 1.320800
v 58.705334 99.647408 1.320800
v 58.793068 99.635353 1.320800
v 58.878654 99.631493 1.320800
v 58.964241 99.635353 1.320800
v 59.051975 99.647408 1.320800
v 59.140739 99.668266 1.320800
v 59.229267 99.698372 1.320800
v 59.316132 99.737915 1.320800
v 59.399872 99.786758 1.320800
v 59.479015 99.844521 1.320800
v 59.552174 99.910477 1.320800
v 59.618130 99.983643 1.320800
v 59.675892 100.062775 1.320800
v 59.724747 100.146523 1.320800
v 59.764278 100.233383 1.320800
v 59.794388 100.321907 1.320800
v 59.815254 100.410683 1.320800
v 59.827301 100.498405 1.320800
v 59.827301 100.498405 1.371600
v 59.815254 100.410683 1.371600
v 59.794388 100.321907 1.371600
v 59.764278 100.233383 1.371600
v 59.724747 100.146523 1.371600
v 59.675892 100.062775 1.371600
v 59.618130 99.983643 1.371600
v 59.552174 99.910477 1.371600
v 59.479015 99.844521 1.371600
v 59.399872 99.786758 1.371600
v 59.316132 99.737915 1.371600
v 59.229267 99.698372 1.371600
v 59.140739 99.668266 1.371600
v 59.051975 99.647408 1.371600
v 58.964241 99.635353 1.371600
v 58.878654 99.631493 1.371600
v 58.793068 99.635353 1.371600
v 58.705334 99.647408 1.371600
v 58.616566 99.668266 1.371600
v 58.528046 99.698372 1.371600
v 58.441174 99.737915 1.371600
v 58.357433 99.786758 1.371600
v 58.278297 99.844521 1.371600
v 58.205132 99.910477 1.371600
v 58.139179 99.983643 1.371600
v 58.081413 100.062775 1.371600
v 58.032562 100.146523 1.371600
v 57.993031 100.233383 1.371600
v 57.962921 100.321907 1.371600
v 57.942055 100.410683 1.371600
v 57.930004 100.498405 1.371600
v 57.937737 100.435905 1.346200
v 57.928974 100.510788 1.346200
v 57.952866 100.360008 1.346200
v 57.974678 100.283859 1.346200
v 58.003365 100.208336 1.346200
v 58.038975 100.134331 1.346200
v 58.081413 100.062775 1.346200
v 58.130405 99.994614 1.346200
v 58.185509 99.930702 1.346200
v 58.246132 99.871841 1.346200
v 58.311558 99.818710 1.346200
v 58.380955 99.771873 1.346200
v 58.453426 99.731682 1.346200
v 58.528046 99.698372 1.346200
v 58.603874 99.671997 1.346200
v 58.680023 99.652443 1.346200
v 58.780640 99.636551 1.346200
v 58.878654 99.631493 1.346200
v 58.976665 99.636551 1.346200
v 59.077286 99.652443 1.346200
v 59.178791 99.680016 1.346200
v 59.279202 99.719810 1.346200
v 59.376350 99.771873 1.346200
v 59.468040 99.835747 1.346200
v 59.552174 99.910477 1.346200
v 59.626904 99.994614 1.346200
v 59.690784 100.086304 1.346200
v 59.742840 100.183456 1.346200
v 59.782631 100.283859 1.346200
v 59.810215 100.385376 1.346200
v 59.826099 100.485985 1.346200
v 58.878654 100.583992 1.371600
v 58.878654 100.583992 1.320800
f 10419 10420 10484
f 10484 10420 10485
f 10484 10485 10483
f 10483 10485 10486
f 10483 10486 10482
f 10482 10486 10487
f 10482 10487 10481
f 10481 10487 10488
f 10481 10488 10480
f 10480 10488 10489
f 10480 10489 10479
f 10479 10489 10490
f 10479 10490 10478
f 10478 10490 10491
f 10478 10491 10477
f 10477 10491 10476
f 10476 10491 10492
f 10476 10492 10475
f 10475 10492 10493
f 10475 10493 10474
f 10474 10493 10494
f 10474 10494 10473
f 10473 10494 10495
f 10473 10495 10472
f 10472 10495 10496
f 10472 10496 10471
f 10471 10496 10497
f 10471 10497 10470
f 10470 10497 10498
f 10470 10498 10469
f 10469 10498 10468
f 10468 10498 10499
f 10468 10499 10467
f 10467 10499 10500
f 10467 10500 10466
f 10466 10500 10501
f 10466 10501 10465
f 10465 10501 10502
f 10465 10502 10503
f 10503 10502 10440
f 10503 10440 10441
f 10420 10421 10485
f 10485 10421 10422
f 10485 10422 10486
f 10486 10422 10423
f 10486 10423 10487
f 10487 10423 10424
f 10487 10424 10488
f 10488 10424 10425
f 10488 10425 10489
f 10489 10425 10426
f 10489 10426 10490
f 10490 10426 10427
f 10490 10427 10491
f 10491 10427 10428
f 10491 10428 10429
f 10491 10429 10492
f 10492 10429 10430
f 10492 10430 10493
f 10493 10430 10431
f 10493 10431 10494
f 10494 10431 10432
f 10494 10432 10495
f 10495 10432 10433
f 10495 10433 10496
f 10496 10433 10434
f 10496 10434 10497
f 10497 10434 10435
f 10497 10435 10498
f 10498 10435 10436
f 10498 10436 10437
f 10498 10437 10499
f 10499 10437 10438
f 10499 10438 10500
f 10500 10438 10439
f 10500 10439 10501
f 10501 10439 10440
f 10501 10440 10502
f 10503 10441 10504
f 10504 10441 10442
f 10504 10442 10505
f 10505 10442 10443
f 10505 10443 10506
f 10506 10443 10444
f 10506 10444 10507
f 10507 10444 10445
f 10507 10445 10508
f 10508 10445 10446
f 10508 10446 10509
f 10509 10446 10510
f 10509 10510 10459
f 10459 10510 10458
f 10458 10510 10511
f 10458 10511 10457
f 10457 10511 10512
f 10457 10512 10456
f 10456 10512 10513
f 10456 10513 10455
f 10455 10513 10514
f 10455 10514 10454
f 10454 10514 10515
f 10454 10515 10453
f 10453 10515 10452
f 10452 10515 10451
f 10451 10515 10514
f 10451 10514 10450
f 10450 10514 10513
f 10450 10513 10449
f 10449 10513 10512
f 10449 10512 10448
f 10448 10512 10511
f 10448 10511 10447
f 10447 10511 10510
f 10447 10510 10446
f 10509 10459 10508
f 10508 10459 10460
f 10508 10460 10507
f 10507 10460 10461
f 10507 10461 10506
f 10506 10461 10462
f 10506 10462 10505
f 10505 10462 10463
f 10505 10463 10504
f 10504 10463 10464
f 10504 10464 10503
f 10503 10464 10465
f 10577 10420 10579
f 10579 10420 10419
f 10579 10419 10516
f 10579 10516 10578
f 10578 10516 10517
f 10578 10517 10580
f 10580 10517 10518
f 10580 10518 10581
f 10581 10518 10519
f 10581 10519 10582
f 10582 10519 10520
f 10582 10520 10583
f 10583 10520 10521
f 10583 10521 10584
f 10584 10521 10585
f 10584 10585 10572
f 10572 10585 10571
f 10571 10585 10586
f 10571 10586 10570
f 10570 10586 10587
f 10570 10587 10569
f 10569 10587 10588
f 10569 10588 10568
f 10568 10588 10589
f 10568 10589 10567
f 10567 10589 10590
f 10567 10590 10566
f 10566 10590 10591
f 10566 10591 10592
f 10592 10591 10527
f 10592 10527 10528
f 10521 10522 10585
f 10585 10522 10586
f 10522 10523 10586
f 10586 10523 10587
f 10523 10524 10587
f 10587 10524 10588
f 10524 10525 10588
f 10588 10525 10589
f 10525 10526 10589
f 10589 10526 10590
f 10526 10527 10590
f 10590 10527 10591
f 10592 10528 10593
f 10593 10528 10529
f 10593 10529 10594
f 10594 10529 10530
f 10594 10530 10595
f 10595 10530 10531
f 10595 10531 10532
f 10595 10532 10596
f 10596 10532 10533
f 10596 10533 10597
f 10597 10533 10534
f 10597 10534 10598
f 10598 10534 10535
f 10598 10535 10599
f 10599 10535 10536
f 10599 10536 10600
f 10600 10536 10537
f 10600 10537 10601
f 10601 10537 10538
f 10601 10538 10602
f 10602 10538 10539
f 10602 10539 10540
f 10602 10540 10603
f 10603 10540 10541
f 10603 10541 10604
f 10604 10541 10542
f 10604 10542 10605
f 10605 10542 10543
f 10605 10543 10606
f 10606 10543 10544
f 10606 10544 10607
f 10607 10544 10545
f 10607 10545 10608
f 10608 10545 10546
f 10608 10546 10452
f 10452 10546 10453
f 10452 10547 10608
f 10608 10547 10548
f 10608 10548 10607
f 10607 10548 10549
f 10607 10549 10606
f 10606 10549 10550
f 10606 10550 10605
f 10605 10550 10551
f 10605 10551 10604
f 10604 10551 10552
f 10604 10552 10603
f 10603 10552 10553
f 10603 10553 10602
f 10602 10553 10554
f 10602 10554 10555
f 10602 10555 10601
f 10601 10555 10556
f 10601 10556 10600
f 10600 10556 10557
f 10600 10557 10599
f 10599 10557 10558
f 10599 10558 10598
f 10598 10558 10559
f 10598 10559 10597
f 10597 10559 10560
f 10597 10560 10596
f 10596 10560 10561
f 10596 10561 10595
f 10595 10561 10562
f 10595 10562 10563
f 10595 10563 10594
f 10594 10563 10564
f 10594 10564 10593
f 10593 10564 10565
f 10593 10565 10592
f 10592 10565 10566
f 10584 10572 10583
f 10583 10572 10573
f 10583 10573 10582
f 10582 10573 10574
f 10582 10574 10581
f 10581 10574 10575
f 10581 10575 10580
f 10580 10575 10576
f 10580 10576 10578
f 10578 10576 10577
f 10578 10577 10579
f 10547 10452 10609
f 10609 10452 10451
f 10609 10451 10450
f 10450 10449 10609
f 10609 10449 10448
f 10609 10448 10447
f 10447 10446 10609
f 10609 10446 10445
f 10609 10445 10444
f 10444 10443 10609
f 10609 10443 10442
f 10609 10442 10441
f 10441 10440 10609
f 10609 10440 10439
f 10609 10439 10438
f 10438 10437 10609
f 10609 10437 10436
f 10609 10436 10435
f 10435 10434 10609
f 10609 10434 10433
f 10609 10433 10432
f 10432 10431 10609
f 10609 10431 10430
f 10609 10430 10429
f 10429 10428 10609
f 10609 10428 10427
f 10609 10427 10426
f 10426 10425 10609
f 10609 10425 10424
f 10609 10424 10423
f 10423 10422 10609
f 10609 10422 10421
f 10609 10421 10420
f 10420 10577 10609
f 10609 10577 10576
f 10609 10576 10575
f 10575 10574 10609
f 10609 10574 10573
f 10609 10573 10572
f 10572 10571 10609
f 10609 10571 10570
f 10609 10570 10569
f 10569 10568 10609
f 10609 10568 10567
f 10609 10567 10566
f 10566 10565 10609
f 10609 10565 10564
f 10609 10564 10563
f 10563 10562 10609
f 10609 10562 10561
f 10609 10561 10560
f 10560 10559 10609
f 10609 10559 10558
f 10609 10558 10557
f 10557 10556 10609
f 10609 10556 10555
f 10609 10555 10554
f 10554 10553 10609
f 10609 10553 10552
f 10609 10552 10551
f 10551 10550 10609
f 10609 10550 10549
f 10609 10549 10548
f 10548 10547 10609
f 10516 10419 10610
f 10610 10419 10484
f 10610 10484 10483
f 10483 10482 10610
f 10610 10482 10481
f 10610 10481 10480
f 10480 10479 10610
f 10610 10479 10478
f 10610 10478 10477
f 10477 10476 10610
f 10610 10476 10475
f 10610 10475 10474
f 10474 10473 10610
f 10610 10473 10472
f 10610 10472 10471
f 10471 10470 10610
f 10610 10470 10469
f 10610 10469 10468
f 10468 10467 10610
f 10610 10467 10466
f 10610 10466 10465
f 10465 10464 10610
f 10610 10464 10463
f 10610 10463 10462
f 10462 10461 10610
f 10610 10461 10460
f 10610 10460 10459
f 10459 10458 10610
f 10610 10458 10457
f 10610 10457 10456
f 10456 10455 10610
f 10610 10455 10454
f 10610 10454 10453
f 10453 10546 10610
f 10610 10546 10545
f 10610 10545 10544
f 10544 10543 10610
f 10610 10543 10542
f 10610 10542 10541
f 10541 10540 10610
f 10610 10540 10539
f 10610 10539 10538
f 10538 10537 10610
f 10610 10537 10536
f 10610 10536 10535
f 10535 10534 10610
f 10610 10534 10533
f 10610 10533 10532
f 10532 10531 10610
f 10610 10531 10530
f 10610 10530 10529
f 10529 10528 10610
f 10610 10528 10527
f 10610 10527 10526
f 10526 10525 10610
f 10610 10525 10524
f 10610 10524 10523
f 10523 10522 10610
f 10610 10522 10521
f 10610 10521 10520
f 10520 10519 10610
f 10610 10519 10518
f 10610 10518 10517
f 10517 10516 10610
g MeshBody55

v 183.402161 75.488800 1.320800
v 183.402161 75.488800 1.371600
v 183.406006 75.574387 1.371600
v 183.418045 75.662117 1.371600
v 183.438919 75.750885 1.371600
v 183.469025 75.839409 1.371600
v 183.508560 75.926277 1.371600
v 183.557419 76.010017 1.371600
v 183.615189 76.089157 1.371600
v 183.681137 76.162315 1.371600
v 183.754288 76.228279 1.371600
v 183.833420 76.286034 1.371600
v 183.917175 76.334892 1.371600
v 184.004044 76.374420 1.371600
v 184.092560 76.404533 1.371600
v 184.181335 76.425400 1.371600
v 184.269058 76.437447 1.371600
v 184.354660 76.441299 1.371600
v 184.440231 76.437447 1.371600
v 184.527985 76.425400 1.371600
v 184.616730 76.404533 1.371600
v 184.705261 76.374420 1.371600
v 184.792130 76.334892 1.371600
v 184.875870 76.286034 1.371600
v 184.955002 76.228279 1.371600
v 185.028183 76.162315 1.371600
v 185.094131 76.089157 1.371600
v 185.151886 76.010017 1.371600
v 185.200745 75.926277 1.371600
v 185.240280 75.839409 1.371600
v 185.270401 75.750885 1.371600
v 185.291245 75.662117 1.371600
v 185.303299 75.574387 1.371600
v 185.307159 75.488800 1.371600
v 185.307159 75.488800 1.320800
v 185.303299 75.574387 1.320800
v 185.291245 75.662117 1.320800
v 185.270401 75.750885 1.320800
v 185.240280 75.839409 1.320800
v 185.200745 75.926277 1.320800
v 185.151886 76.010017 1.320800
v 185.094131 76.089157 1.320800
v 185.028183 76.162315 1.320800
v 184.955002 76.228279 1.320800
v 184.875870 76.286034 1.320800
v 184.792130 76.334892 1.320800
v 184.705261 76.374420 1.320800
v 184.616730 76.404533 1.320800
v 184.527985 76.425400 1.320800
v 184.440231 76.437447 1.320800
v 184.354660 76.441299 1.320800
v 184.269058 76.437447 1.320800
v 184.181335 76.425400 1.320800
v 184.092560 76.404533 1.320800
v 184.004044 76.374420 1.320800
v 183.917175 76.334892 1.320800
v 183.833420 76.286034 1.320800
v 183.754288 76.228279 1.320800
v 183.681137 76.162315 1.320800
v 183.615189 76.089157 1.320800
v 183.557419 76.010017 1.320800
v 183.508560 75.926277 1.320800
v 183.469025 75.839409 1.320800
v 183.438919 75.750885 1.320800
v 183.418045 75.662117 1.320800
v 183.406006 75.574387 1.320800
v 183.407211 75.586807 1.346200
v 183.423080 75.687431 1.346200
v 183.450684 75.788933 1.346200
v 183.490463 75.889343 1.346200
v 183.542511 75.986496 1.346200
v 183.606400 76.078186 1.346200
v 183.681137 76.162315 1.346200
v 183.765274 76.237053 1.346200
v 183.856949 76.300926 1.346200
v 183.954102 76.352982 1.346200
v 184.054520 76.392776 1.346200
v 184.156021 76.420357 1.346200
v 184.256638 76.436241 1.346200
v 184.354660 76.441299 1.346200
v 184.452667 76.436241 1.346200
v 184.553284 76.420357 1.346200
v 184.629425 76.400803 1.346200
v 184.705261 76.374420 1.346200
v 184.779877 76.341118 1.346200
v 184.852356 76.300926 1.346200
v 184.921753 76.254082 1.346200
v 184.987167 76.200958 1.346200
v 185.047791 76.142097 1.346200
v 185.102905 76.078186 1.346200
v 185.151886 76.010017 1.346200
v 185.194336 75.938461 1.346200
v 185.229950 75.864464 1.346200
v 185.258636 75.788933 1.346200
v 185.280426 75.712791 1.346200
v 185.295563 75.636894 1.346200
v 185.304321 75.562004 1.346200
v 183.406006 75.403214 1.320800
v 183.418045 75.315475 1.320800
v 183.438919 75.226707 1.320800
v 183.469025 75.138191 1.320800
v 183.508560 75.051315 1.320800
v 183.557419 74.967583 1.320800
v 183.615189 74.888443 1.320800
v 183.681137 74.815285 1.320800
v 183.754288 74.749321 1.320800
v 183.833420 74.691559 1.320800
v 183.917175 74.642708 1.320800
v 184.004044 74.603180 1.320800
v 184.092560 74.573067 1.320800
v 184.181335 74.552200 1.320800
v 184.269058 74.540154 1.320800
v 184.354660 74.536301 1.320800
v 184.440231 74.540154 1.320800
v 184.527985 74.552200 1.320800
v 184.616730 74.573067 1.320800
v 184.705261 74.603180 1.320800
v 184.792130 74.642708 1.320800
v 184.875870 74.691559 1.320800
v 184.955002 74.749321 1.320800
v 185.028183 74.815285 1.320800
v 185.094131 74.888443 1.320800
v 185.151886 74.967583 1.320800
v 185.200745 75.051315 1.320800
v 185.240280 75.138191 1.320800
v 185.270401 75.226707 1.320800
v 185.291245 75.315475 1.320800
v 185.303299 75.403214 1.320800
v 185.303299 75.403214 1.371600
v 185.291245 75.315475 1.371600
v 185.270401 75.226707 1.371600
v 185.240280 75.138191 1.371600
v 185.200745 75.051315 1.371600
v 185.151886 74.967583 1.371600
v 185.094131 74.888443 1.371600
v 185.028183 74.815285 1.371600
v 184.955002 74.749321 1.371600
v 184.875870 74.691559 1.371600
v 184.792130 74.642708 1.371600
v 184.705261 74.603180 1.371600
v 184.616730 74.573067 1.371600
v 184.527985 74.552200 1.371600
v 184.440231 74.540154 1.371600
v 184.354660 74.536301 1.371600
v 184.269058 74.540154 1.371600
v 184.181335 74.552200 1.371600
v 184.092560 74.573067 1.371600
v 184.004044 74.603180 1.371600
v 183.917175 74.642708 1.371600
v 183.833420 74.691559 1.371600
v 183.754288 74.749321 1.371600
v 183.681137 74.815285 1.371600
v 183.615189 74.888443 1.371600
v 183.557419 74.967583 1.371600
v 183.508560 75.051315 1.371600
v 183.469025 75.138191 1.371600
v 183.438919 75.226707 1.371600
v 183.418045 75.315475 1.371600
v 183.406006 75.403214 1.371600
v 183.413742 75.340706 1.346200
v 183.404968 75.415596 1.346200
v 183.428864 75.264801 1.346200
v 183.450684 75.188660 1.346200
v 183.479355 75.113136 1.346200
v 183.514984 75.039131 1.346200
v 183.557419 74.967583 1.346200
v 183.606400 74.899406 1.346200
v 183.661499 74.835503 1.346200
v 183.722137 74.776634 1.346200
v 183.787552 74.723511 1.346200
v 183.856949 74.676674 1.346200
v 183.929428 74.636482 1.346200
v 184.004044 74.603180 1.346200
v 184.079865 74.576797 1.346200
v 184.156021 74.557243 1.346200
v 184.256638 74.541351 1.346200
v 184.354660 74.536301 1.346200
v 184.452667 74.541351 1.346200
v 184.553284 74.557243 1.346200
v 184.654785 74.584824 1.346200
v 184.755188 74.624611 1.346200
v 184.852356 74.676674 1.346200
v 184.944031 74.740547 1.346200
v 185.028183 74.815285 1.346200
v 185.102905 74.899406 1.346200
v 185.166779 74.991096 1.346200
v 185.218842 75.088257 1.346200
v 185.258636 75.188660 1.346200
v 185.286209 75.290169 1.346200
v 185.302094 75.390785 1.346200
v 184.354660 75.488800 1.371600
v 184.354660 75.488800 1.320800
f 10611 10612 10676
f 10676 10612 10677
f 10676 10677 10675
f 10675 10677 10678
f 10675 10678 10674
f 10674 10678 10679
f 10674 10679 10673
f 10673 10679 10680
f 10673 10680 10672
f 10672 10680 10681
f 10672 10681 10671
f 10671 10681 10682
f 10671 10682 10670
f 10670 10682 10683
f 10670 10683 10669
f 10669 10683 10668
f 10668 10683 10684
f 10668 10684 10667
f 10667 10684 10685
f 10667 10685 10666
f 10666 10685 10686
f 10666 10686 10665
f 10665 10686 10687
f 10665 10687 10664
f 10664 10687 10688
f 10664 10688 10663
f 10663 10688 10689
f 10663 10689 10662
f 10662 10689 10690
f 10662 10690 10661
f 10661 10690 10660
f 10660 10690 10691
f 10660 10691 10659
f 10659 10691 10692
f 10659 10692 10658
f 10658 10692 10693
f 10658 10693 10657
f 10657 10693 10694
f 10657 10694 10695
f 10695 10694 10632
f 10695 10632 10633
f 10612 10613 10677
f 10677 10613 10614
f 10677 10614 10678
f 10678 10614 10615
f 10678 10615 10679
f 10679 10615 10616
f 10679 10616 10680
f 10680 10616 10617
f 10680 10617 10681
f 10681 10617 10618
f 10681 10618 10682
f 10682 10618 10619
f 10682 10619 10683
f 10683 10619 10620
f 10683 10620 10621
f 10683 10621 10684
f 10684 10621 10622
f 10684 10622 10685
f 10685 10622 10623
f 10685 10623 10686
f 10686 10623 10624
f 10686 10624 10687
f 10687 10624 10625
f 10687 10625 10688
f 10688 10625 10626
f 10688 10626 10689
f 10689 10626 10627
f 10689 10627 10690
f 10690 10627 10628
f 10690 10628 10629
f 10690 10629 10691
f 10691 10629 10630
f 10691 10630 10692
f 10692 10630 10631
f 10692 10631 10693
f 10693 10631 10632
f 10693 10632 10694
f 10695 10633 10696
f 10696 10633 10634
f 10696 10634 10697
f 10697 10634 10635
f 10697 10635 10698
f 10698 10635 10636
f 10698 10636 10699
f 10699 10636 10637
f 10699 10637 10700
f 10700 10637 10638
f 10700 10638 10701
f 10701 10638 10702
f 10701 10702 10651
f 10651 10702 10650
f 10650 10702 10703
f 10650 10703 10649
f 10649 10703 10704
f 10649 10704 10648
f 10648 10704 10705
f 10648 10705 10647
f 10647 10705 10706
f 10647 10706 10646
f 10646 10706 10707
f 10646 10707 10645
f 10645 10707 10644
f 10644 10707 10643
f 10643 10707 10706
f 10643 10706 10642
f 10642 10706 10705
f 10642 10705 10641
f 10641 10705 10704
f 10641 10704 10640
f 10640 10704 10703
f 10640 10703 10639
f 10639 10703 10702
f 10639 10702 10638
f 10701 10651 10700
f 10700 10651 10652
f 10700 10652 10699
f 10699 10652 10653
f 10699 10653 10698
f 10698 10653 10654
f 10698 10654 10697
f 10697 10654 10655
f 10697 10655 10696
f 10696 10655 10656
f 10696 10656 10695
f 10695 10656 10657
f 10769 10612 10771
f 10771 10612 10611
f 10771 10611 10708
f 10771 10708 10770
f 10770 10708 10709
f 10770 10709 10772
f 10772 10709 10710
f 10772 10710 10773
f 10773 10710 10711
f 10773 10711 10774
f 10774 10711 10712
f 10774 10712 10775
f 10775 10712 10713
f 10775 10713 10776
f 10776 10713 10777
f 10776 10777 10764
f 10764 10777 10763
f 10763 10777 10778
f 10763 10778 10762
f 10762 10778 10779
f 10762 10779 10761
f 10761 10779 10780
f 10761 10780 10760
f 10760 10780 10781
f 10760 10781 10759
f 10759 10781 10782
f 10759 10782 10758
f 10758 10782 10783
f 10758 10783 10784
f 10784 10783 10719
f 10784 10719 10720
f 10713 10714 10777
f 10777 10714 10778
f 10714 10715 10778
f 10778 10715 10779
f 10715 10716 10779
f 10779 10716 10780
f 10716 10717 10780
f 10780 10717 10781
f 10717 10718 10781
f 10781 10718 10782
f 10718 10719 10782
f 10782 10719 10783
f 10784 10720 10785
f 10785 10720 10721
f 10785 10721 10786
f 10786 10721 10722
f 10786 10722 10787
f 10787 10722 10723
f 10787 10723 10724
f 10787 10724 10788
f 10788 10724 10725
f 10788 10725 10789
f 10789 10725 10726
f 10789 10726 10790
f 10790 10726 10727
f 10790 10727 10791
f 10791 10727 10728
f 10791 10728 10792
f 10792 10728 10729
f 10792 10729 10793
f 10793 10729 10730
f 10793 10730 10794
f 10794 10730 10731
f 10794 10731 10732
f 10794 10732 10795
f 10795 10732 10733
f 10795 10733 10796
f 10796 10733 10734
f 10796 10734 10797
f 10797 10734 10735
f 10797 10735 10798
f 10798 10735 10736
f 10798 10736 10799
f 10799 10736 10737
f 10799 10737 10800
f 10800 10737 10738
f 10800 10738 10644
f 10644 10738 10645
f 10644 10739 10800
f 10800 10739 10740
f 10800 10740 10799
f 10799 10740 10741
f 10799 10741 10798
f 10798 10741 10742
f 10798 10742 10797
f 10797 10742 10743
f 10797 10743 10796
f 10796 10743 10744
f 10796 10744 10795
f 10795 10744 10745
f 10795 10745 10794
f 10794 10745 10746
f 10794 10746 10747
f 10794 10747 10793
f 10793 10747 10748
f 10793 10748 10792
f 10792 10748 10749
f 10792 10749 10791
f 10791 10749 10750
f 10791 10750 10790
f 10790 10750 10751
f 10790 10751 10789
f 10789 10751 10752
f 10789 10752 10788
f 10788 10752 10753
f 10788 10753 10787
f 10787 10753 10754
f 10787 10754 10755
f 10787 10755 10786
f 10786 10755 10756
f 10786 10756 10785
f 10785 10756 10757
f 10785 10757 10784
f 10784 10757 10758
f 10776 10764 10775
f 10775 10764 10765
f 10775 10765 10774
f 10774 10765 10766
f 10774 10766 10773
f 10773 10766 10767
f 10773 10767 10772
f 10772 10767 10768
f 10772 10768 10770
f 10770 10768 10769
f 10770 10769 10771
f 10739 10644 10801
f 10801 10644 10643
f 10801 10643 10642
f 10642 10641 10801
f 10801 10641 10640
f 10801 10640 10639
f 10639 10638 10801
f 10801 10638 10637
f 10801 10637 10636
f 10636 10635 10801
f 10801 10635 10634
f 10801 10634 10633
f 10633 10632 10801
f 10801 10632 10631
f 10801 10631 10630
f 10630 10629 10801
f 10801 10629 10628
f 10801 10628 10627
f 10627 10626 10801
f 10801 10626 10625
f 10801 10625 10624
f 10624 10623 10801
f 10801 10623 10622
f 10801 10622 10621
f 10621 10620 10801
f 10801 10620 10619
f 10801 10619 10618
f 10618 10617 10801
f 10801 10617 10616
f 10801 10616 10615
f 10615 10614 10801
f 10801 10614 10613
f 10801 10613 10612
f 10612 10769 10801
f 10801 10769 10768
f 10801 10768 10767
f 10767 10766 10801
f 10801 10766 10765
f 10801 10765 10764
f 10764 10763 10801
f 10801 10763 10762
f 10801 10762 10761
f 10761 10760 10801
f 10801 10760 10759
f 10801 10759 10758
f 10758 10757 10801
f 10801 10757 10756
f 10801 10756 10755
f 10755 10754 10801
f 10801 10754 10753
f 10801 10753 10752
f 10752 10751 10801
f 10801 10751 10750
f 10801 10750 10749
f 10749 10748 10801
f 10801 10748 10747
f 10801 10747 10746
f 10746 10745 10801
f 10801 10745 10744
f 10801 10744 10743
f 10743 10742 10801
f 10801 10742 10741
f 10801 10741 10740
f 10740 10739 10801
f 10708 10611 10802
f 10802 10611 10676
f 10802 10676 10675
f 10675 10674 10802
f 10802 10674 10673
f 10802 10673 10672
f 10672 10671 10802
f 10802 10671 10670
f 10802 10670 10669
f 10669 10668 10802
f 10802 10668 10667
f 10802 10667 10666
f 10666 10665 10802
f 10802 10665 10664
f 10802 10664 10663
f 10663 10662 10802
f 10802 10662 10661
f 10802 10661 10660
f 10660 10659 10802
f 10802 10659 10658
f 10802 10658 10657
f 10657 10656 10802
f 10802 10656 10655
f 10802 10655 10654
f 10654 10653 10802
f 10802 10653 10652
f 10802 10652 10651
f 10651 10650 10802
f 10802 10650 10649
f 10802 10649 10648
f 10648 10647 10802
f 10802 10647 10646
f 10802 10646 10645
f 10645 10738 10802
f 10802 10738 10737
f 10802 10737 10736
f 10736 10735 10802
f 10802 10735 10734
f 10802 10734 10733
f 10733 10732 10802
f 10802 10732 10731
f 10802 10731 10730
f 10730 10729 10802
f 10802 10729 10728
f 10802 10728 10727
f 10727 10726 10802
f 10802 10726 10725
f 10802 10725 10724
f 10724 10723 10802
f 10802 10723 10722
f 10802 10722 10721
f 10721 10720 10802
f 10802 10720 10719
f 10802 10719 10718
f 10718 10717 10802
f 10802 10717 10716
f 10802 10716 10715
f 10715 10714 10802
f 10802 10714 10713
f 10802 10713 10712
f 10712 10711 10802
f 10802 10711 10710
f 10802 10710 10709
f 10709 10708 10802
g MeshBody56

v 57.926155 125.679199 1.320800
v 57.926155 125.679199 1.371600
v 57.930004 125.764786 1.371600
v 57.942055 125.852516 1.371600
v 57.962921 125.941284 1.371600
v 57.993031 126.029808 1.371600
v 58.032562 126.116676 1.371600
v 58.081413 126.200417 1.371600
v 58.139179 126.279556 1.371600
v 58.205132 126.352722 1.371600
v 58.278297 126.418678 1.371600
v 58.357433 126.476433 1.371600
v 58.441174 126.525291 1.371600
v 58.528046 126.564819 1.371600
v 58.616566 126.594925 1.371600
v 58.705334 126.615799 1.371600
v 58.793068 126.627838 1.371600
v 58.878654 126.631699 1.371600
v 58.964241 126.627838 1.371600
v 59.051975 126.615799 1.371600
v 59.140739 126.594925 1.371600
v 59.229267 126.564819 1.371600
v 59.316132 126.525291 1.371600
v 59.399872 126.476433 1.371600
v 59.479015 126.418678 1.371600
v 59.552174 126.352722 1.371600
v 59.618130 126.279556 1.371600
v 59.675892 126.200417 1.371600
v 59.724747 126.116676 1.371600
v 59.764278 126.029808 1.371600
v 59.794388 125.941284 1.371600
v 59.815254 125.852516 1.371600
v 59.827301 125.764786 1.371600
v 59.831154 125.679199 1.371600
v 59.831154 125.679199 1.320800
v 59.827301 125.764786 1.320800
v 59.815254 125.852516 1.320800
v 59.794388 125.941284 1.320800
v 59.764278 126.029808 1.320800
v 59.724747 126.116676 1.320800
v 59.675892 126.200417 1.320800
v 59.618130 126.279556 1.320800
v 59.552174 126.352722 1.320800
v 59.479015 126.418678 1.320800
v 59.399872 126.476433 1.320800
v 59.316132 126.525291 1.320800
v 59.229267 126.564819 1.320800
v 59.140739 126.594925 1.320800
v 59.051975 126.615799 1.320800
v 58.964241 126.627838 1.320800
v 58.878654 126.631699 1.320800
v 58.793068 126.627838 1.320800
v 58.705334 126.615799 1.320800
v 58.616566 126.594925 1.320800
v 58.528046 126.564819 1.320800
v 58.441174 126.525291 1.320800
v 58.357433 126.476433 1.320800
v 58.278297 126.418678 1.320800
v 58.205132 126.352722 1.320800
v 58.139179 126.279556 1.320800
v 58.081413 126.200417 1.320800
v 58.032562 126.116676 1.320800
v 57.993031 126.029808 1.320800
v 57.962921 125.941284 1.320800
v 57.942055 125.852516 1.320800
v 57.930004 125.764786 1.320800
v 57.931210 125.777214 1.346200
v 57.947098 125.877831 1.346200
v 57.974678 125.979332 1.346200
v 58.014465 126.079742 1.346200
v 58.066528 126.176903 1.346200
v 58.130405 126.268593 1.346200
v 58.205132 126.352722 1.346200
v 58.289265 126.427444 1.346200
v 58.380955 126.491325 1.346200
v 58.478111 126.543388 1.346200
v 58.578518 126.583176 1.346200
v 58.680023 126.610756 1.346200
v 58.780640 126.626640 1.346200
v 58.878654 126.631699 1.346200
v 58.976665 126.626640 1.346200
v 59.077286 126.610756 1.346200
v 59.153435 126.591202 1.346200
v 59.229267 126.564819 1.346200
v 59.303879 126.531509 1.346200
v 59.376350 126.491325 1.346200
v 59.445751 126.444481 1.346200
v 59.511177 126.391365 1.346200
v 59.571804 126.332497 1.346200
v 59.626904 126.268593 1.346200
v 59.675892 126.200417 1.346200
v 59.718330 126.128868 1.346200
v 59.753944 126.054863 1.346200
v 59.782631 125.979332 1.346200
v 59.804440 125.903198 1.346200
v 59.819569 125.827286 1.346200
v 59.828339 125.752403 1.346200
v 57.930004 125.593613 1.320800
v 57.942055 125.505875 1.320800
v 57.962921 125.417107 1.320800
v 57.993031 125.328590 1.320800
v 58.032562 125.241722 1.320800
v 58.081413 125.157982 1.320800
v 58.139179 125.078835 1.320800
v 58.205132 125.005684 1.320800
v 58.278297 124.939720 1.320800
v 58.357433 124.881958 1.320800
v 58.441174 124.833107 1.320800
v 58.528046 124.793571 1.320800
v 58.616566 124.763466 1.320800
v 58.705334 124.742599 1.320800
v 58.793068 124.730553 1.320800
v 58.878654 124.726700 1.320800
v 58.964241 124.730553 1.320800
v 59.051975 124.742599 1.320800
v 59.140739 124.763466 1.320800
v 59.229267 124.793571 1.320800
v 59.316132 124.833107 1.320800
v 59.399872 124.881958 1.320800
v 59.479015 124.939720 1.320800
v 59.552174 125.005684 1.320800
v 59.618130 125.078835 1.320800
v 59.675892 125.157982 1.320800
v 59.724747 125.241722 1.320800
v 59.764278 125.328590 1.320800
v 59.794388 125.417107 1.320800
v 59.815254 125.505875 1.320800
v 59.827301 125.593613 1.320800
v 59.827301 125.593613 1.371600
v 59.815254 125.505875 1.371600
v 59.794388 125.417107 1.371600
v 59.764278 125.328590 1.371600
v 59.724747 125.241722 1.371600
v 59.675892 125.157982 1.371600
v 59.618130 125.078835 1.371600
v 59.552174 125.005684 1.371600
v 59.479015 124.939720 1.371600
v 59.399872 124.881958 1.371600
v 59.316132 124.833107 1.371600
v 59.229267 124.793571 1.371600
v 59.140739 124.763466 1.371600
v 59.051975 124.742599 1.371600
v 58.964241 124.730553 1.371600
v 58.878654 124.726700 1.371600
v 58.793068 124.730553 1.371600
v 58.705334 124.742599 1.371600
v 58.616566 124.763466 1.371600
v 58.528046 124.793571 1.371600
v 58.441174 124.833107 1.371600
v 58.357433 124.881958 1.371600
v 58.278297 124.939720 1.371600
v 58.205132 125.005684 1.371600
v 58.139179 125.078835 1.371600
v 58.081413 125.157982 1.371600
v 58.032562 125.241722 1.371600
v 57.993031 125.328590 1.371600
v 57.962921 125.417107 1.371600
v 57.942055 125.505875 1.371600
v 57.930004 125.593613 1.371600
v 57.937737 125.531105 1.346200
v 57.928974 125.605995 1.346200
v 57.952866 125.455200 1.346200
v 57.974678 125.379059 1.346200
v 58.003365 125.303535 1.346200
v 58.038975 125.229538 1.346200
v 58.081413 125.157982 1.346200
v 58.130405 125.089813 1.346200
v 58.185509 125.025894 1.346200
v 58.246132 124.967041 1.346200
v 58.311558 124.913918 1.346200
v 58.380955 124.867065 1.346200
v 58.453426 124.826881 1.346200
v 58.528046 124.793571 1.346200
v 58.603874 124.767197 1.346200
v 58.680023 124.747635 1.346200
v 58.780640 124.731758 1.346200
v 58.878654 124.726700 1.346200
v 58.976665 124.731758 1.346200
v 59.077286 124.747635 1.346200
v 59.178791 124.775223 1.346200
v 59.279202 124.815018 1.346200
v 59.376350 124.867065 1.346200
v 59.468040 124.930946 1.346200
v 59.552174 125.005684 1.346200
v 59.626904 125.089813 1.346200
v 59.690784 125.181503 1.346200
v 59.742840 125.278648 1.346200
v 59.782631 125.379059 1.346200
v 59.810215 125.480568 1.346200
v 59.826099 125.581192 1.346200
v 58.878654 125.679199 1.371600
v 58.878654 125.679199 1.320800
f 10803 10804 10868
f 10868 10804 10869
f 10868 10869 10867
f 10867 10869 10870
f 10867 10870 10866
f 10866 10870 10871
f 10866 10871 10865
f 10865 10871 10872
f 10865 10872 10864
f 10864 10872 10873
f 10864 10873 10863
f 10863 10873 10874
f 10863 10874 10862
f 10862 10874 10875
f 10862 10875 10861
f 10861 10875 10860
f 10860 10875 10876
f 10860 10876 10859
f 10859 10876 10877
f 10859 10877 10858
f 10858 10877 10878
f 10858 10878 10857
f 10857 10878 10879
f 10857 10879 10856
f 10856 10879 10880
f 10856 10880 10855
f 10855 10880 10881
f 10855 10881 10854
f 10854 10881 10882
f 10854 10882 10853
f 10853 10882 10852
f 10852 10882 10883
f 10852 10883 10851
f 10851 10883 10884
f 10851 10884 10850
f 10850 10884 10885
f 10850 10885 10849
f 10849 10885 10886
f 10849 10886 10887
f 10887 10886 10824
f 10887 10824 10825
f 10804 10805 10869
f 10869 10805 10806
f 10869 10806 10870
f 10870 10806 10807
f 10870 10807 10871
f 10871 10807 10808
f 10871 10808 10872
f 10872 10808 10809
f 10872 10809 10873
f 10873 10809 10810
f 10873 10810 10874
f 10874 10810 10811
f 10874 10811 10875
f 10875 10811 10812
f 10875 10812 10813
f 10875 10813 10876
f 10876 10813 10814
f 10876 10814 10877
f 10877 10814 10815
f 10877 10815 10878
f 10878 10815 10816
f 10878 10816 10879
f 10879 10816 10817
f 10879 10817 10880
f 10880 10817 10818
f 10880 10818 10881
f 10881 10818 10819
f 10881 10819 10882
f 10882 10819 10820
f 10882 10820 10821
f 10882 10821 10883
f 10883 10821 10822
f 10883 10822 10884
f 10884 10822 10823
f 10884 10823 10885
f 10885 10823 10824
f 10885 10824 10886
f 10887 10825 10888
f 10888 10825 10826
f 10888 10826 10889
f 10889 10826 10827
f 10889 10827 10890
f 10890 10827 10828
f 10890 10828 10891
f 10891 10828 10829
f 10891 10829 10892
f 10892 10829 10830
f 10892 10830 10893
f 10893 10830 10894
f 10893 10894 10843
f 10843 10894 10842
f 10842 10894 10895
f 10842 10895 10841
f 10841 10895 10896
f 10841 10896 10840
f 10840 10896 10897
f 10840 10897 10839
f 10839 10897 10898
f 10839 10898 10838
f 10838 10898 10899
f 10838 10899 10837
f 10837 10899 10836
f 10836 10899 10835
f 10835 10899 10898
f 10835 10898 10834
f 10834 10898 10897
f 10834 10897 10833
f 10833 10897 10896
f 10833 10896 10832
f 10832 10896 10895
f 10832 10895 10831
f 10831 10895 10894
f 10831 10894 10830
f 10893 10843 10892
f 10892 10843 10844
f 10892 10844 10891
f 10891 10844 10845
f 10891 10845 10890
f 10890 10845 10846
f 10890 10846 10889
f 10889 10846 10847
f 10889 10847 10888
f 10888 10847 10848
f 10888 10848 10887
f 10887 10848 10849
f 10961 10804 10963
f 10963 10804 10803
f 10963 10803 10900
f 10963 10900 10962
f 10962 10900 10901
f 10962 10901 10964
f 10964 10901 10902
f 10964 10902 10965
f 10965 10902 10903
f 10965 10903 10966
f 10966 10903 10904
f 10966 10904 10967
f 10967 10904 10905
f 10967 10905 10968
f 10968 10905 10969
f 10968 10969 10956
f 10956 10969 10955
f 10955 10969 10970
f 10955 10970 10954
f 10954 10970 10971
f 10954 10971 10953
f 10953 10971 10972
f 10953 10972 10952
f 10952 10972 10973
f 10952 10973 10951
f 10951 10973 10974
f 10951 10974 10950
f 10950 10974 10975
f 10950 10975 10976
f 10976 10975 10911
f 10976 10911 10912
f 10905 10906 10969
f 10969 10906 10970
f 10906 10907 10970
f 10970 10907 10971
f 10907 10908 10971
f 10971 10908 10972
f 10908 10909 10972
f 10972 10909 10973
f 10909 10910 10973
f 10973 10910 10974
f 10910 10911 10974
f 10974 10911 10975
f 10976 10912 10977
f 10977 10912 10913
f 10977 10913 10978
f 10978 10913 10914
f 10978 10914 10979
f 10979 10914 10915
f 10979 10915 10916
f 10979 10916 10980
f 10980 10916 10917
f 10980 10917 10981
f 10981 10917 10918
f 10981 10918 10982
f 10982 10918 10919
f 10982 10919 10983
f 10983 10919 10920
f 10983 10920 10984
f 10984 10920 10921
f 10984 10921 10985
f 10985 10921 10922
f 10985 10922 10986
f 10986 10922 10923
f 10986 10923 10924
f 10986 10924 10987
f 10987 10924 10925
f 10987 10925 10988
f 10988 10925 10926
f 10988 10926 10989
f 10989 10926 10927
f 10989 10927 10990
f 10990 10927 10928
f 10990 10928 10991
f 10991 10928 10929
f 10991 10929 10992
f 10992 10929 10930
f 10992 10930 10836
f 10836 10930 10837
f 10836 10931 10992
f 10992 10931 10932
f 10992 10932 10991
f 10991 10932 10933
f 10991 10933 10990
f 10990 10933 10934
f 10990 10934 10989
f 10989 10934 10935
f 10989 10935 10988
f 10988 10935 10936
f 10988 10936 10987
f 10987 10936 10937
f 10987 10937 10986
f 10986 10937 10938
f 10986 10938 10939
f 10986 10939 10985
f 10985 10939 10940
f 10985 10940 10984
f 10984 10940 10941
f 10984 10941 10983
f 10983 10941 10942
f 10983 10942 10982
f 10982 10942 10943
f 10982 10943 10981
f 10981 10943 10944
f 10981 10944 10980
f 10980 10944 10945
f 10980 10945 10979
f 10979 10945 10946
f 10979 10946 10947
f 10979 10947 10978
f 10978 10947 10948
f 10978 10948 10977
f 10977 10948 10949
f 10977 10949 10976
f 10976 10949 10950
f 10968 10956 10967
f 10967 10956 10957
f 10967 10957 10966
f 10966 10957 10958
f 10966 10958 10965
f 10965 10958 10959
f 10965 10959 10964
f 10964 10959 10960
f 10964 10960 10962
f 10962 10960 10961
f 10962 10961 10963
f 10931 10836 10993
f 10993 10836 10835
f 10993 10835 10834
f 10834 10833 10993
f 10993 10833 10832
f 10993 10832 10831
f 10831 10830 10993
f 10993 10830 10829
f 10993 10829 10828
f 10828 10827 10993
f 10993 10827 10826
f 10993 10826 10825
f 10825 10824 10993
f 10993 10824 10823
f 10993 10823 10822
f 10822 10821 10993
f 10993 10821 10820
f 10993 10820 10819
f 10819 10818 10993
f 10993 10818 10817
f 10993 10817 10816
f 10816 10815 10993
f 10993 10815 10814
f 10993 10814 10813
f 10813 10812 10993
f 10993 10812 10811
f 10993 10811 10810
f 10810 10809 10993
f 10993 10809 10808
f 10993 10808 10807
f 10807 10806 10993
f 10993 10806 10805
f 10993 10805 10804
f 10804 10961 10993
f 10993 10961 10960
f 10993 10960 10959
f 10959 10958 10993
f 10993 10958 10957
f 10993 10957 10956
f 10956 10955 10993
f 10993 10955 10954
f 10993 10954 10953
f 10953 10952 10993
f 10993 10952 10951
f 10993 10951 10950
f 10950 10949 10993
f 10993 10949 10948
f 10993 10948 10947
f 10947 10946 10993
f 10993 10946 10945
f 10993 10945 10944
f 10944 10943 10993
f 10993 10943 10942
f 10993 10942 10941
f 10941 10940 10993
f 10993 10940 10939
f 10993 10939 10938
f 10938 10937 10993
f 10993 10937 10936
f 10993 10936 10935
f 10935 10934 10993
f 10993 10934 10933
f 10993 10933 10932
f 10932 10931 10993
f 10900 10803 10994
f 10994 10803 10868
f 10994 10868 10867
f 10867 10866 10994
f 10994 10866 10865
f 10994 10865 10864
f 10864 10863 10994
f 10994 10863 10862
f 10994 10862 10861
f 10861 10860 10994
f 10994 10860 10859
f 10994 10859 10858
f 10858 10857 10994
f 10994 10857 10856
f 10994 10856 10855
f 10855 10854 10994
f 10994 10854 10853
f 10994 10853 10852
f 10852 10851 10994
f 10994 10851 10850
f 10994 10850 10849
f 10849 10848 10994
f 10994 10848 10847
f 10994 10847 10846
f 10846 10845 10994
f 10994 10845 10844
f 10994 10844 10843
f 10843 10842 10994
f 10994 10842 10841
f 10994 10841 10840
f 10840 10839 10994
f 10994 10839 10838
f 10994 10838 10837
f 10837 10930 10994
f 10994 10930 10929
f 10994 10929 10928
f 10928 10927 10994
f 10994 10927 10926
f 10994 10926 10925
f 10925 10924 10994
f 10994 10924 10923
f 10994 10923 10922
f 10922 10921 10994
f 10994 10921 10920
f 10994 10920 10919
f 10919 10918 10994
f 10994 10918 10917
f 10994 10917 10916
f 10916 10915 10994
f 10994 10915 10914
f 10994 10914 10913
f 10913 10912 10994
f 10994 10912 10911
f 10994 10911 10910
f 10910 10909 10994
f 10994 10909 10908
f 10994 10908 10907
f 10907 10906 10994
f 10994 10906 10905
f 10994 10905 10904
f 10904 10903 10994
f 10994 10903 10902
f 10994 10902 10901
f 10901 10900 10994
g MeshBody57

v 208.497345 125.679199 1.320800
v 208.497345 125.679199 1.371600
v 208.501205 125.764786 1.371600
v 208.513260 125.852516 1.371600
v 208.534134 125.941284 1.371600
v 208.564224 126.029808 1.371600
v 208.603760 126.116676 1.371600
v 208.652603 126.200417 1.371600
v 208.710373 126.279556 1.371600
v 208.776321 126.352722 1.371600
v 208.849503 126.418678 1.371600
v 208.928635 126.476433 1.371600
v 209.012375 126.525291 1.371600
v 209.099243 126.564819 1.371600
v 209.187775 126.594925 1.371600
v 209.276520 126.615799 1.371600
v 209.364273 126.627838 1.371600
v 209.449844 126.631699 1.371600
v 209.535446 126.627838 1.371600
v 209.623169 126.615799 1.371600
v 209.711945 126.594925 1.371600
v 209.800461 126.564819 1.371600
v 209.887314 126.525291 1.371600
v 209.971069 126.476433 1.371600
v 210.050217 126.418678 1.371600
v 210.123367 126.352722 1.371600
v 210.189331 126.279556 1.371600
v 210.247086 126.200417 1.371600
v 210.295944 126.116676 1.371600
v 210.335480 126.029808 1.371600
v 210.365585 125.941284 1.371600
v 210.386459 125.852516 1.371600
v 210.398499 125.764786 1.371600
v 210.402344 125.679199 1.371600
v 210.402344 125.679199 1.320800
v 210.398499 125.764786 1.320800
v 210.386459 125.852516 1.320800
v 210.365585 125.941284 1.320800
v 210.335480 126.029808 1.320800
v 210.295944 126.116676 1.320800
v 210.247086 126.200417 1.320800
v 210.189331 126.279556 1.320800
v 210.123367 126.352722 1.320800
v 210.050217 126.418678 1.320800
v 209.971069 126.476433 1.320800
v 209.887314 126.525291 1.320800
v 209.800461 126.564819 1.320800
v 209.711945 126.594925 1.320800
v 209.623169 126.615799 1.320800
v 209.535446 126.627838 1.320800
v 209.449844 126.631699 1.320800
v 209.364273 126.627838 1.320800
v 209.276520 126.615799 1.320800
v 209.187775 126.594925 1.320800
v 209.099243 126.564819 1.320800
v 209.012375 126.525291 1.320800
v 208.928635 126.476433 1.320800
v 208.849503 126.418678 1.320800
v 208.776321 126.352722 1.320800
v 208.710373 126.279556 1.320800
v 208.652603 126.200417 1.320800
v 208.603760 126.116676 1.320800
v 208.564224 126.029808 1.320800
v 208.534134 125.941284 1.320800
v 208.513260 125.852516 1.320800
v 208.501205 125.764786 1.320800
v 208.502411 125.777214 1.346200
v 208.518295 125.877831 1.346200
v 208.545868 125.979332 1.346200
v 208.585663 126.079742 1.346200
v 208.637726 126.176903 1.346200
v 208.701599 126.268593 1.346200
v 208.776321 126.352722 1.346200
v 208.860458 126.427444 1.346200
v 208.952148 126.491325 1.346200
v 209.049316 126.543388 1.346200
v 209.149704 126.583176 1.346200
v 209.251221 126.610756 1.346200
v 209.351837 126.626640 1.346200
v 209.449844 126.631699 1.346200
v 209.547867 126.626640 1.346200
v 209.648483 126.610756 1.346200
v 209.724640 126.591202 1.346200
v 209.800461 126.564819 1.346200
v 209.875076 126.531509 1.346200
v 209.947556 126.491325 1.346200
v 210.016953 126.444481 1.346200
v 210.082367 126.391365 1.346200
v 210.143005 126.332497 1.346200
v 210.198090 126.268593 1.346200
v 210.247086 126.200417 1.346200
v 210.289520 126.128868 1.346200
v 210.325150 126.054863 1.346200
v 210.353821 125.979332 1.346200
v 210.375641 125.903198 1.346200
v 210.390762 125.827286 1.346200
v 210.399536 125.752403 1.346200
v 208.501205 125.593613 1.320800
v 208.513260 125.505875 1.320800
v 208.534134 125.417107 1.320800
v 208.564224 125.328590 1.320800
v 208.603760 125.241722 1.320800
v 208.652603 125.157982 1.320800
v 208.710373 125.078835 1.320800
v 208.776321 125.005684 1.320800
v 208.849503 124.939720 1.320800
v 208.928635 124.881958 1.320800
v 209.012375 124.833107 1.320800
v 209.099243 124.793571 1.320800
v 209.187775 124.763466 1.320800
v 209.276520 124.742599 1.320800
v 209.364273 124.730553 1.320800
v 209.449844 124.726700 1.320800
v 209.535446 124.730553 1.320800
v 209.623169 124.742599 1.320800
v 209.711945 124.763466 1.320800
v 209.800461 124.793571 1.320800
v 209.887314 124.833107 1.320800
v 209.971069 124.881958 1.320800
v 210.050217 124.939720 1.320800
v 210.123367 125.005684 1.320800
v 210.189331 125.078835 1.320800
v 210.247086 125.157982 1.320800
v 210.295944 125.241722 1.320800
v 210.335480 125.328590 1.320800
v 210.365585 125.417107 1.320800
v 210.386459 125.505875 1.320800
v 210.398499 125.593613 1.320800
v 210.398499 125.593613 1.371600
v 210.386459 125.505875 1.371600
v 210.365585 125.417107 1.371600
v 210.335480 125.328590 1.371600
v 210.295944 125.241722 1.371600
v 210.247086 125.157982 1.371600
v 210.189331 125.078835 1.371600
v 210.123367 125.005684 1.371600
v 210.050217 124.939720 1.371600
v 209.971069 124.881958 1.371600
v 209.887314 124.833107 1.371600
v 209.800461 124.793571 1.371600
v 209.711945 124.763466 1.371600
v 209.623169 124.742599 1.371600
v 209.535446 124.730553 1.371600
v 209.449844 124.726700 1.371600
v 209.364273 124.730553 1.371600
v 209.276520 124.742599 1.371600
v 209.187775 124.763466 1.371600
v 209.099243 124.793571 1.371600
v 209.012375 124.833107 1.371600
v 208.928635 124.881958 1.371600
v 208.849503 124.939720 1.371600
v 208.776321 125.005684 1.371600
v 208.710373 125.078835 1.371600
v 208.652603 125.157982 1.371600
v 208.603760 125.241722 1.371600
v 208.564224 125.328590 1.371600
v 208.534134 125.417107 1.371600
v 208.513260 125.505875 1.371600
v 208.501205 125.593613 1.371600
v 208.508942 125.531105 1.346200
v 208.500183 125.605995 1.346200
v 208.524078 125.455200 1.346200
v 208.545868 125.379059 1.346200
v 208.574554 125.303535 1.346200
v 208.610168 125.229538 1.346200
v 208.652603 125.157982 1.346200
v 208.701599 125.089813 1.346200
v 208.756714 125.025894 1.346200
v 208.817322 124.967041 1.346200
v 208.882751 124.913918 1.346200
v 208.952148 124.867065 1.346200
v 209.024628 124.826881 1.346200
v 209.099243 124.793571 1.346200
v 209.175079 124.767197 1.346200
v 209.251221 124.747635 1.346200
v 209.351837 124.731758 1.346200
v 209.449844 124.726700 1.346200
v 209.547867 124.731758 1.346200
v 209.648483 124.747635 1.346200
v 209.749985 124.775223 1.346200
v 209.850403 124.815018 1.346200
v 209.947556 124.867065 1.346200
v 210.039246 124.930946 1.346200
v 210.123367 125.005684 1.346200
v 210.198090 125.089813 1.346200
v 210.261993 125.181503 1.346200
v 210.314041 125.278648 1.346200
v 210.353821 125.379059 1.346200
v 210.381424 125.480568 1.346200
v 210.397293 125.581192 1.346200
v 209.449844 125.679199 1.371600
v 209.449844 125.679199 1.320800
f 10995 10996 11060
f 11060 10996 11061
f 11060 11061 11059
f 11059 11061 11062
f 11059 11062 11058
f 11058 11062 11063
f 11058 11063 11057
f 11057 11063 11064
f 11057 11064 11056
f 11056 11064 11065
f 11056 11065 11055
f 11055 11065 11066
f 11055 11066 11054
f 11054 11066 11067
f 11054 11067 11053
f 11053 11067 11052
f 11052 11067 11068
f 11052 11068 11051
f 11051 11068 11069
f 11051 11069 11050
f 11050 11069 11070
f 11050 11070 11049
f 11049 11070 11071
f 11049 11071 11048
f 11048 11071 11072
f 11048 11072 11047
f 11047 11072 11073
f 11047 11073 11046
f 11046 11073 11074
f 11046 11074 11045
f 11045 11074 11044
f 11044 11074 11075
f 11044 11075 11043
f 11043 11075 11076
f 11043 11076 11042
f 11042 11076 11077
f 11042 11077 11041
f 11041 11077 11078
f 11041 11078 11079
f 11079 11078 11016
f 11079 11016 11017
f 10996 10997 11061
f 11061 10997 10998
f 11061 10998 11062
f 11062 10998 10999
f 11062 10999 11063
f 11063 10999 11000
f 11063 11000 11064
f 11064 11000 11001
f 11064 11001 11065
f 11065 11001 11002
f 11065 11002 11066
f 11066 11002 11003
f 11066 11003 11067
f 11067 11003 11004
f 11067 11004 11005
f 11067 11005 11068
f 11068 11005 11006
f 11068 11006 11069
f 11069 11006 11007
f 11069 11007 11070
f 11070 11007 11008
f 11070 11008 11071
f 11071 11008 11009
f 11071 11009 11072
f 11072 11009 11010
f 11072 11010 11073
f 11073 11010 11011
f 11073 11011 11074
f 11074 11011 11012
f 11074 11012 11013
f 11074 11013 11075
f 11075 11013 11014
f 11075 11014 11076
f 11076 11014 11015
f 11076 11015 11077
f 11077 11015 11016
f 11077 11016 11078
f 11079 11017 11080
f 11080 11017 11018
f 11080 11018 11081
f 11081 11018 11019
f 11081 11019 11082
f 11082 11019 11020
f 11082 11020 11083
f 11083 11020 11021
f 11083 11021 11084
f 11084 11021 11022
f 11084 11022 11085
f 11085 11022 11086
f 11085 11086 11035
f 11035 11086 11034
f 11034 11086 11087
f 11034 11087 11033
f 11033 11087 11088
f 11033 11088 11032
f 11032 11088 11089
f 11032 11089 11031
f 11031 11089 11090
f 11031 11090 11030
f 11030 11090 11091
f 11030 11091 11029
f 11029 11091 11028
f 11028 11091 11027
f 11027 11091 11090
f 11027 11090 11026
f 11026 11090 11089
f 11026 11089 11025
f 11025 11089 11088
f 11025 11088 11024
f 11024 11088 11087
f 11024 11087 11023
f 11023 11087 11086
f 11023 11086 11022
f 11085 11035 11084
f 11084 11035 11036
f 11084 11036 11083
f 11083 11036 11037
f 11083 11037 11082
f 11082 11037 11038
f 11082 11038 11081
f 11081 11038 11039
f 11081 11039 11080
f 11080 11039 11040
f 11080 11040 11079
f 11079 11040 11041
f 11153 10996 11155
f 11155 10996 10995
f 11155 10995 11092
f 11155 11092 11154
f 11154 11092 11093
f 11154 11093 11156
f 11156 11093 11094
f 11156 11094 11157
f 11157 11094 11095
f 11157 11095 11158
f 11158 11095 11096
f 11158 11096 11159
f 11159 11096 11097
f 11159 11097 11160
f 11160 11097 11161
f 11160 11161 11148
f 11148 11161 11147
f 11147 11161 11162
f 11147 11162 11146
f 11146 11162 11163
f 11146 11163 11145
f 11145 11163 11164
f 11145 11164 11144
f 11144 11164 11165
f 11144 11165 11143
f 11143 11165 11166
f 11143 11166 11142
f 11142 11166 11167
f 11142 11167 11168
f 11168 11167 11103
f 11168 11103 11104
f 11097 11098 11161
f 11161 11098 11162
f 11098 11099 11162
f 11162 11099 11163
f 11099 11100 11163
f 11163 11100 11164
f 11100 11101 11164
f 11164 11101 11165
f 11101 11102 11165
f 11165 11102 11166
f 11102 11103 11166
f 11166 11103 11167
f 11168 11104 11169
f 11169 11104 11105
f 11169 11105 11170
f 11170 11105 11106
f 11170 11106 11171
f 11171 11106 11107
f 11171 11107 11108
f 11171 11108 11172
f 11172 11108 11109
f 11172 11109 11173
f 11173 11109 11110
f 11173 11110 11174
f 11174 11110 11111
f 11174 11111 11175
f 11175 11111 11112
f 11175 11112 11176
f 11176 11112 11113
f 11176 11113 11177
f 11177 11113 11114
f 11177 11114 11178
f 11178 11114 11115
f 11178 11115 11116
f 11178 11116 11179
f 11179 11116 11117
f 11179 11117 11180
f 11180 11117 11118
f 11180 11118 11181
f 11181 11118 11119
f 11181 11119 11182
f 11182 11119 11120
f 11182 11120 11183
f 11183 11120 11121
f 11183 11121 11184
f 11184 11121 11122
f 11184 11122 11028
f 11028 11122 11029
f 11028 11123 11184
f 11184 11123 11124
f 11184 11124 11183
f 11183 11124 11125
f 11183 11125 11182
f 11182 11125 11126
f 11182 11126 11181
f 11181 11126 11127
f 11181 11127 11180
f 11180 11127 11128
f 11180 11128 11179
f 11179 11128 11129
f 11179 11129 11178
f 11178 11129 11130
f 11178 11130 11131
f 11178 11131 11177
f 11177 11131 11132
f 11177 11132 11176
f 11176 11132 11133
f 11176 11133 11175
f 11175 11133 11134
f 11175 11134 11174
f 11174 11134 11135
f 11174 11135 11173
f 11173 11135 11136
f 11173 11136 11172
f 11172 11136 11137
f 11172 11137 11171
f 11171 11137 11138
f 11171 11138 11139
f 11171 11139 11170
f 11170 11139 11140
f 11170 11140 11169
f 11169 11140 11141
f 11169 11141 11168
f 11168 11141 11142
f 11160 11148 11159
f 11159 11148 11149
f 11159 11149 11158
f 11158 11149 11150
f 11158 11150 11157
f 11157 11150 11151
f 11157 11151 11156
f 11156 11151 11152
f 11156 11152 11154
f 11154 11152 11153
f 11154 11153 11155
f 11123 11028 11185
f 11185 11028 11027
f 11185 11027 11026
f 11026 11025 11185
f 11185 11025 11024
f 11185 11024 11023
f 11023 11022 11185
f 11185 11022 11021
f 11185 11021 11020
f 11020 11019 11185
f 11185 11019 11018
f 11185 11018 11017
f 11017 11016 11185
f 11185 11016 11015
f 11185 11015 11014
f 11014 11013 11185
f 11185 11013 11012
f 11185 11012 11011
f 11011 11010 11185
f 11185 11010 11009
f 11185 11009 11008
f 11008 11007 11185
f 11185 11007 11006
f 11185 11006 11005
f 11005 11004 11185
f 11185 11004 11003
f 11185 11003 11002
f 11002 11001 11185
f 11185 11001 11000
f 11185 11000 10999
f 10999 10998 11185
f 11185 10998 10997
f 11185 10997 10996
f 10996 11153 11185
f 11185 11153 11152
f 11185 11152 11151
f 11151 11150 11185
f 11185 11150 11149
f 11185 11149 11148
f 11148 11147 11185
f 11185 11147 11146
f 11185 11146 11145
f 11145 11144 11185
f 11185 11144 11143
f 11185 11143 11142
f 11142 11141 11185
f 11185 11141 11140
f 11185 11140 11139
f 11139 11138 11185
f 11185 11138 11137
f 11185 11137 11136
f 11136 11135 11185
f 11185 11135 11134
f 11185 11134 11133
f 11133 11132 11185
f 11185 11132 11131
f 11185 11131 11130
f 11130 11129 11185
f 11185 11129 11128
f 11185 11128 11127
f 11127 11126 11185
f 11185 11126 11125
f 11185 11125 11124
f 11124 11123 11185
f 11092 10995 11186
f 11186 10995 11060
f 11186 11060 11059
f 11059 11058 11186
f 11186 11058 11057
f 11186 11057 11056
f 11056 11055 11186
f 11186 11055 11054
f 11186 11054 11053
f 11053 11052 11186
f 11186 11052 11051
f 11186 11051 11050
f 11050 11049 11186
f 11186 11049 11048
f 11186 11048 11047
f 11047 11046 11186
f 11186 11046 11045
f 11186 11045 11044
f 11044 11043 11186
f 11186 11043 11042
f 11186 11042 11041
f 11041 11040 11186
f 11186 11040 11039
f 11186 11039 11038
f 11038 11037 11186
f 11186 11037 11036
f 11186 11036 11035
f 11035 11034 11186
f 11186 11034 11033
f 11186 11033 11032
f 11032 11031 11186
f 11186 11031 11030
f 11186 11030 11029
f 11029 11122 11186
f 11186 11122 11121
f 11186 11121 11120
f 11120 11119 11186
f 11186 11119 11118
f 11186 11118 11117
f 11117 11116 11186
f 11186 11116 11115
f 11186 11115 11114
f 11114 11113 11186
f 11186 11113 11112
f 11186 11112 11111
f 11111 11110 11186
f 11186 11110 11109
f 11186 11109 11108
f 11108 11107 11186
f 11186 11107 11106
f 11186 11106 11105
f 11105 11104 11186
f 11186 11104 11103
f 11186 11103 11102
f 11102 11101 11186
f 11186 11101 11100
f 11186 11100 11099
f 11099 11098 11186
f 11186 11098 11097
f 11186 11097 11096
f 11096 11095 11186
f 11186 11095 11094
f 11186 11094 11093
f 11093 11092 11186
g MeshBody58

v 32.830952 125.679199 1.320800
v 32.830952 125.679199 1.371600
v 32.834808 125.764786 1.371600
v 32.846855 125.852516 1.371600
v 32.867722 125.941284 1.371600
v 32.897831 126.029808 1.371600
v 32.937363 126.116676 1.371600
v 32.986214 126.200417 1.371600
v 33.043980 126.279556 1.371600
v 33.109936 126.352722 1.371600
v 33.183094 126.418678 1.371600
v 33.262238 126.476433 1.371600
v 33.345978 126.525291 1.371600
v 33.432846 126.564819 1.371600
v 33.521366 126.594925 1.371600
v 33.610134 126.615799 1.371600
v 33.697868 126.627838 1.371600
v 33.783455 126.631699 1.371600
v 33.869041 126.627838 1.371600
v 33.956772 126.615799 1.371600
v 34.045544 126.594925 1.371600
v 34.134064 126.564819 1.371600
v 34.220932 126.525291 1.371600
v 34.304672 126.476433 1.371600
v 34.383816 126.418678 1.371600
v 34.456974 126.352722 1.371600
v 34.522930 126.279556 1.371600
v 34.580692 126.200417 1.371600
v 34.629543 126.116676 1.371600
v 34.669079 126.029808 1.371600
v 34.699188 125.941284 1.371600
v 34.720055 125.852516 1.371600
v 34.732101 125.764786 1.371600
v 34.735954 125.679199 1.371600
v 34.735954 125.679199 1.320800
v 34.732101 125.764786 1.320800
v 34.720055 125.852516 1.320800
v 34.699188 125.941284 1.320800
v 34.669079 126.029808 1.320800
v 34.629543 126.116676 1.320800
v 34.580692 126.200417 1.320800
v 34.522930 126.279556 1.320800
v 34.456974 126.352722 1.320800
v 34.383816 126.418678 1.320800
v 34.304672 126.476433 1.320800
v 34.220932 126.525291 1.320800
v 34.134064 126.564819 1.320800
v 34.045544 126.594925 1.320800
v 33.956772 126.615799 1.320800
v 33.869041 126.627838 1.320800
v 33.783455 126.631699 1.320800
v 33.697868 126.627838 1.320800
v 33.610134 126.615799 1.320800
v 33.521366 126.594925 1.320800
v 33.432846 126.564819 1.320800
v 33.345978 126.525291 1.320800
v 33.262238 126.476433 1.320800
v 33.183094 126.418678 1.320800
v 33.109936 126.352722 1.320800
v 33.043980 126.279556 1.320800
v 32.986214 126.200417 1.320800
v 32.937363 126.116676 1.320800
v 32.897831 126.029808 1.320800
v 32.867722 125.941284 1.320800
v 32.846855 125.852516 1.320800
v 32.834808 125.764786 1.320800
v 32.836010 125.777214 1.346200
v 32.851894 125.877831 1.346200
v 32.879478 125.979332 1.346200
v 32.919266 126.079742 1.346200
v 32.971325 126.176903 1.346200
v 33.035206 126.268593 1.346200
v 33.109936 126.352722 1.346200
v 33.194065 126.427444 1.346200
v 33.285755 126.491325 1.346200
v 33.382908 126.543388 1.346200
v 33.483318 126.583176 1.346200
v 33.584824 126.610756 1.346200
v 33.685444 126.626640 1.346200
v 33.783455 126.631699 1.346200
v 33.881466 126.626640 1.346200
v 33.982086 126.610756 1.346200
v 34.058235 126.591202 1.346200
v 34.134064 126.564819 1.346200
v 34.208679 126.531509 1.346200
v 34.281155 126.491325 1.346200
v 34.350552 126.444481 1.346200
v 34.415974 126.391365 1.346200
v 34.476601 126.332497 1.346200
v 34.531704 126.268593 1.346200
v 34.580692 126.200417 1.346200
v 34.623131 126.128868 1.346200
v 34.658745 126.054863 1.346200
v 34.687431 125.979332 1.346200
v 34.709244 125.903198 1.346200
v 34.724373 125.827286 1.346200
v 34.733135 125.752403 1.346200
v 32.834808 125.593613 1.320800
v 32.846855 125.505875 1.320800
v 32.867722 125.417107 1.320800
v 32.897831 125.328590 1.320800
v 32.937363 125.241722 1.320800
v 32.986214 125.157982 1.320800
v 33.043980 125.078835 1.320800
v 33.109936 125.005684 1.320800
v 33.183094 124.939720 1.320800
v 33.262238 124.881958 1.320800
v 33.345978 124.833107 1.320800
v 33.432846 124.793571 1.320800
v 33.521366 124.763466 1.320800
v 33.610134 124.742599 1.320800
v 33.697868 124.730553 1.320800
v 33.783455 124.726700 1.320800
v 33.869041 124.730553 1.320800
v 33.956772 124.742599 1.320800
v 34.045544 124.763466 1.320800
v 34.134064 124.793571 1.320800
v 34.220932 124.833107 1.320800
v 34.304672 124.881958 1.320800
v 34.383816 124.939720 1.320800
v 34.456974 125.005684 1.320800
v 34.522930 125.078835 1.320800
v 34.580692 125.157982 1.320800
v 34.629543 125.241722 1.320800
v 34.669079 125.328590 1.320800
v 34.699188 125.417107 1.320800
v 34.720055 125.505875 1.320800
v 34.732101 125.593613 1.320800
v 34.732101 125.593613 1.371600
v 34.720055 125.505875 1.371600
v 34.699188 125.417107 1.371600
v 34.669079 125.328590 1.371600
v 34.629543 125.241722 1.371600
v 34.580692 125.157982 1.371600
v 34.522930 125.078835 1.371600
v 34.456974 125.005684 1.371600
v 34.383816 124.939720 1.371600
v 34.304672 124.881958 1.371600
v 34.220932 124.833107 1.371600
v 34.134064 124.793571 1.371600
v 34.045544 124.763466 1.371600
v 33.956772 124.742599 1.371600
v 33.869041 124.730553 1.371600
v 33.783455 124.726700 1.371600
v 33.697868 124.730553 1.371600
v 33.610134 124.742599 1.371600
v 33.521366 124.763466 1.371600
v 33.432846 124.793571 1.371600
v 33.345978 124.833107 1.371600
v 33.262238 124.881958 1.371600
v 33.183094 124.939720 1.371600
v 33.109936 125.005684 1.371600
v 33.043980 125.078835 1.371600
v 32.986214 125.157982 1.371600
v 32.937363 125.241722 1.371600
v 32.897831 125.328590 1.371600
v 32.867722 125.417107 1.371600
v 32.846855 125.505875 1.371600
v 32.834808 125.593613 1.371600
v 32.842537 125.531105 1.346200
v 32.833775 125.605995 1.346200
v 32.857666 125.455200 1.346200
v 32.879478 125.379059 1.346200
v 32.908161 125.303535 1.346200
v 32.943779 125.229538 1.346200
v 32.986214 125.157982 1.346200
v 33.035206 125.089813 1.346200
v 33.090309 125.025894 1.346200
v 33.150932 124.967041 1.346200
v 33.216358 124.913918 1.346200
v 33.285755 124.867065 1.346200
v 33.358231 124.826881 1.346200
v 33.432846 124.793571 1.346200
v 33.508675 124.767197 1.346200
v 33.584824 124.747635 1.346200
v 33.685444 124.731758 1.346200
v 33.783455 124.726700 1.346200
v 33.881466 124.731758 1.346200
v 33.982086 124.747635 1.346200
v 34.083591 124.775223 1.346200
v 34.184002 124.815018 1.346200
v 34.281155 124.867065 1.346200
v 34.372845 124.930946 1.346200
v 34.456974 125.005684 1.346200
v 34.531704 125.089813 1.346200
v 34.595585 125.181503 1.346200
v 34.647644 125.278648 1.346200
v 34.687431 125.379059 1.346200
v 34.715015 125.480568 1.346200
v 34.730900 125.581192 1.346200
v 33.783455 125.679199 1.371600
v 33.783455 125.679199 1.320800
f 11187 11188 11252
f 11252 11188 11253
f 11252 11253 11251
f 11251 11253 11254
f 11251 11254 11250
f 11250 11254 11255
f 11250 11255 11249
f 11249 11255 11256
f 11249 11256 11248
f 11248 11256 11257
f 11248 11257 11247
f 11247 11257 11258
f 11247 11258 11246
f 11246 11258 11259
f 11246 11259 11245
f 11245 11259 11244
f 11244 11259 11260
f 11244 11260 11243
f 11243 11260 11261
f 11243 11261 11242
f 11242 11261 11262
f 11242 11262 11241
f 11241 11262 11263
f 11241 11263 11240
f 11240 11263 11264
f 11240 11264 11239
f 11239 11264 11265
f 11239 11265 11238
f 11238 11265 11266
f 11238 11266 11237
f 11237 11266 11236
f 11236 11266 11267
f 11236 11267 11235
f 11235 11267 11268
f 11235 11268 11234
f 11234 11268 11269
f 11234 11269 11233
f 11233 11269 11270
f 11233 11270 11271
f 11271 11270 11208
f 11271 11208 11209
f 11188 11189 11253
f 11253 11189 11190
f 11253 11190 11254
f 11254 11190 11191
f 11254 11191 11255
f 11255 11191 11192
f 11255 11192 11256
f 11256 11192 11193
f 11256 11193 11257
f 11257 11193 11194
f 11257 11194 11258
f 11258 11194 11195
f 11258 11195 11259
f 11259 11195 11196
f 11259 11196 11197
f 11259 11197 11260
f 11260 11197 11198
f 11260 11198 11261
f 11261 11198 11199
f 11261 11199 11262
f 11262 11199 11200
f 11262 11200 11263
f 11263 11200 11201
f 11263 11201 11264
f 11264 11201 11202
f 11264 11202 11265
f 11265 11202 11203
f 11265 11203 11266
f 11266 11203 11204
f 11266 11204 11205
f 11266 11205 11267
f 11267 11205 11206
f 11267 11206 11268
f 11268 11206 11207
f 11268 11207 11269
f 11269 11207 11208
f 11269 11208 11270
f 11271 11209 11272
f 11272 11209 11210
f 11272 11210 11273
f 11273 11210 11211
f 11273 11211 11274
f 11274 11211 11212
f 11274 11212 11275
f 11275 11212 11213
f 11275 11213 11276
f 11276 11213 11214
f 11276 11214 11277
f 11277 11214 11278
f 11277 11278 11227
f 11227 11278 11226
f 11226 11278 11279
f 11226 11279 11225
f 11225 11279 11280
f 11225 11280 11224
f 11224 11280 11281
f 11224 11281 11223
f 11223 11281 11282
f 11223 11282 11222
f 11222 11282 11283
f 11222 11283 11221
f 11221 11283 11220
f 11220 11283 11219
f 11219 11283 11282
f 11219 11282 11218
f 11218 11282 11281
f 11218 11281 11217
f 11217 11281 11280
f 11217 11280 11216
f 11216 11280 11279
f 11216 11279 11215
f 11215 11279 11278
f 11215 11278 11214
f 11277 11227 11276
f 11276 11227 11228
f 11276 11228 11275
f 11275 11228 11229
f 11275 11229 11274
f 11274 11229 11230
f 11274 11230 11273
f 11273 11230 11231
f 11273 11231 11272
f 11272 11231 11232
f 11272 11232 11271
f 11271 11232 11233
f 11345 11188 11347
f 11347 11188 11187
f 11347 11187 11284
f 11347 11284 11346
f 11346 11284 11285
f 11346 11285 11348
f 11348 11285 11286
f 11348 11286 11349
f 11349 11286 11287
f 11349 11287 11350
f 11350 11287 11288
f 11350 11288 11351
f 11351 11288 11289
f 11351 11289 11352
f 11352 11289 11353
f 11352 11353 11340
f 11340 11353 11339
f 11339 11353 11354
f 11339 11354 11338
f 11338 11354 11355
f 11338 11355 11337
f 11337 11355 11356
f 11337 11356 11336
f 11336 11356 11357
f 11336 11357 11335
f 11335 11357 11358
f 11335 11358 11334
f 11334 11358 11359
f 11334 11359 11360
f 11360 11359 11295
f 11360 11295 11296
f 11289 11290 11353
f 11353 11290 11354
f 11290 11291 11354
f 11354 11291 11355
f 11291 11292 11355
f 11355 11292 11356
f 11292 11293 11356
f 11356 11293 11357
f 11293 11294 11357
f 11357 11294 11358
f 11294 11295 11358
f 11358 11295 11359
f 11360 11296 11361
f 11361 11296 11297
f 11361 11297 11362
f 11362 11297 11298
f 11362 11298 11363
f 11363 11298 11299
f 11363 11299 11300
f 11363 11300 11364
f 11364 11300 11301
f 11364 11301 11365
f 11365 11301 11302
f 11365 11302 11366
f 11366 11302 11303
f 11366 11303 11367
f 11367 11303 11304
f 11367 11304 11368
f 11368 11304 11305
f 11368 11305 11369
f 11369 11305 11306
f 11369 11306 11370
f 11370 11306 11307
f 11370 11307 11308
f 11370 11308 11371
f 11371 11308 11309
f 11371 11309 11372
f 11372 11309 11310
f 11372 11310 11373
f 11373 11310 11311
f 11373 11311 11374
f 11374 11311 11312
f 11374 11312 11375
f 11375 11312 11313
f 11375 11313 11376
f 11376 11313 11314
f 11376 11314 11220
f 11220 11314 11221
f 11220 11315 11376
f 11376 11315 11316
f 11376 11316 11375
f 11375 11316 11317
f 11375 11317 11374
f 11374 11317 11318
f 11374 11318 11373
f 11373 11318 11319
f 11373 11319 11372
f 11372 11319 11320
f 11372 11320 11371
f 11371 11320 11321
f 11371 11321 11370
f 11370 11321 11322
f 11370 11322 11323
f 11370 11323 11369
f 11369 11323 11324
f 11369 11324 11368
f 11368 11324 11325
f 11368 11325 11367
f 11367 11325 11326
f 11367 11326 11366
f 11366 11326 11327
f 11366 11327 11365
f 11365 11327 11328
f 11365 11328 11364
f 11364 11328 11329
f 11364 11329 11363
f 11363 11329 11330
f 11363 11330 11331
f 11363 11331 11362
f 11362 11331 11332
f 11362 11332 11361
f 11361 11332 11333
f 11361 11333 11360
f 11360 11333 11334
f 11352 11340 11351
f 11351 11340 11341
f 11351 11341 11350
f 11350 11341 11342
f 11350 11342 11349
f 11349 11342 11343
f 11349 11343 11348
f 11348 11343 11344
f 11348 11344 11346
f 11346 11344 11345
f 11346 11345 11347
f 11315 11220 11377
f 11377 11220 11219
f 11377 11219 11218
f 11218 11217 11377
f 11377 11217 11216
f 11377 11216 11215
f 11215 11214 11377
f 11377 11214 11213
f 11377 11213 11212
f 11212 11211 11377
f 11377 11211 11210
f 11377 11210 11209
f 11209 11208 11377
f 11377 11208 11207
f 11377 11207 11206
f 11206 11205 11377
f 11377 11205 11204
f 11377 11204 11203
f 11203 11202 11377
f 11377 11202 11201
f 11377 11201 11200
f 11200 11199 11377
f 11377 11199 11198
f 11377 11198 11197
f 11197 11196 11377
f 11377 11196 11195
f 11377 11195 11194
f 11194 11193 11377
f 11377 11193 11192
f 11377 11192 11191
f 11191 11190 11377
f 11377 11190 11189
f 11377 11189 11188
f 11188 11345 11377
f 11377 11345 11344
f 11377 11344 11343
f 11343 11342 11377
f 11377 11342 11341
f 11377 11341 11340
f 11340 11339 11377
f 11377 11339 11338
f 11377 11338 11337
f 11337 11336 11377
f 11377 11336 11335
f 11377 11335 11334
f 11334 11333 11377
f 11377 11333 11332
f 11377 11332 11331
f 11331 11330 11377
f 11377 11330 11329
f 11377 11329 11328
f 11328 11327 11377
f 11377 11327 11326
f 11377 11326 11325
f 11325 11324 11377
f 11377 11324 11323
f 11377 11323 11322
f 11322 11321 11377
f 11377 11321 11320
f 11377 11320 11319
f 11319 11318 11377
f 11377 11318 11317
f 11377 11317 11316
f 11316 11315 11377
f 11284 11187 11378
f 11378 11187 11252
f 11378 11252 11251
f 11251 11250 11378
f 11378 11250 11249
f 11378 11249 11248
f 11248 11247 11378
f 11378 11247 11246
f 11378 11246 11245
f 11245 11244 11378
f 11378 11244 11243
f 11378 11243 11242
f 11242 11241 11378
f 11378 11241 11240
f 11378 11240 11239
f 11239 11238 11378
f 11378 11238 11237
f 11378 11237 11236
f 11236 11235 11378
f 11378 11235 11234
f 11378 11234 11233
f 11233 11232 11378
f 11378 11232 11231
f 11378 11231 11230
f 11230 11229 11378
f 11378 11229 11228
f 11378 11228 11227
f 11227 11226 11378
f 11378 11226 11225
f 11378 11225 11224
f 11224 11223 11378
f 11378 11223 11222
f 11378 11222 11221
f 11221 11314 11378
f 11378 11314 11313
f 11378 11313 11312
f 11312 11311 11378
f 11378 11311 11310
f 11378 11310 11309
f 11309 11308 11378
f 11378 11308 11307
f 11378 11307 11306
f 11306 11305 11378
f 11378 11305 11304
f 11378 11304 11303
f 11303 11302 11378
f 11378 11302 11301
f 11378 11301 11300
f 11300 11299 11378
f 11378 11299 11298
f 11378 11298 11297
f 11297 11296 11378
f 11378 11296 11295
f 11378 11295 11294
f 11294 11293 11378
f 11378 11293 11292
f 11378 11292 11291
f 11291 11290 11378
f 11378 11290 11289
f 11378 11289 11288
f 11288 11287 11378
f 11378 11287 11286
f 11378 11286 11285
f 11285 11284 11378
g MeshBody59

v 83.021355 125.679199 1.320800
v 83.021355 125.679199 1.371600
v 83.025200 125.764786 1.371600
v 83.037254 125.852516 1.371600
v 83.058121 125.941284 1.371600
v 83.088234 126.029808 1.371600
v 83.127762 126.116676 1.371600
v 83.176620 126.200417 1.371600
v 83.234375 126.279556 1.371600
v 83.300331 126.352722 1.371600
v 83.373497 126.418678 1.371600
v 83.452637 126.476433 1.371600
v 83.536369 126.525291 1.371600
v 83.623245 126.564819 1.371600
v 83.711769 126.594925 1.371600
v 83.800529 126.615799 1.371600
v 83.888268 126.627838 1.371600
v 83.973854 126.631699 1.371600
v 84.059441 126.627838 1.371600
v 84.147179 126.615799 1.371600
v 84.235939 126.594925 1.371600
v 84.324463 126.564819 1.371600
v 84.411331 126.525291 1.371600
v 84.495071 126.476433 1.371600
v 84.574219 126.418678 1.371600
v 84.647369 126.352722 1.371600
v 84.713326 126.279556 1.371600
v 84.771095 126.200417 1.371600
v 84.819946 126.116676 1.371600
v 84.859482 126.029808 1.371600
v 84.889587 125.941284 1.371600
v 84.910454 125.852516 1.371600
v 84.922501 125.764786 1.371600
v 84.926353 125.679199 1.371600
v 84.926353 125.679199 1.320800
v 84.922501 125.764786 1.320800
v 84.910454 125.852516 1.320800
v 84.889587 125.941284 1.320800
v 84.859482 126.029808 1.320800
v 84.819946 126.116676 1.320800
v 84.771095 126.200417 1.320800
v 84.713326 126.279556 1.320800
v 84.647369 126.352722 1.320800
v 84.574219 126.418678 1.320800
v 84.495071 126.476433 1.320800
v 84.411331 126.525291 1.320800
v 84.324463 126.564819 1.320800
v 84.235939 126.594925 1.320800
v 84.147179 126.615799 1.320800
v 84.059441 126.627838 1.320800
v 83.973854 126.631699 1.320800
v 83.888268 126.627838 1.320800
v 83.800529 126.615799 1.320800
v 83.711769 126.594925 1.320800
v 83.623245 126.564819 1.320800
v 83.536369 126.525291 1.320800
v 83.452637 126.476433 1.320800
v 83.373497 126.418678 1.320800
v 83.300331 126.352722 1.320800
v 83.234375 126.279556 1.320800
v 83.176620 126.200417 1.320800
v 83.127762 126.116676 1.320800
v 83.088234 126.029808 1.320800
v 83.058121 125.941284 1.320800
v 83.037254 125.852516 1.320800
v 83.025200 125.764786 1.320800
v 83.026413 125.777214 1.346200
v 83.042297 125.877831 1.346200
v 83.069878 125.979332 1.346200
v 83.109665 126.079742 1.346200
v 83.161728 126.176903 1.346200
v 83.225609 126.268593 1.346200
v 83.300331 126.352722 1.346200
v 83.384460 126.427444 1.346200
v 83.476151 126.491325 1.346200
v 83.573311 126.543388 1.346200
v 83.673721 126.583176 1.346200
v 83.775223 126.610756 1.346200
v 83.875839 126.626640 1.346200
v 83.973854 126.631699 1.346200
v 84.071861 126.626640 1.346200
v 84.172485 126.610756 1.346200
v 84.248634 126.591202 1.346200
v 84.324463 126.564819 1.346200
v 84.399078 126.531509 1.346200
v 84.471550 126.491325 1.346200
v 84.540955 126.444481 1.346200
v 84.606377 126.391365 1.346200
v 84.667000 126.332497 1.346200
v 84.722107 126.268593 1.346200
v 84.771095 126.200417 1.346200
v 84.813530 126.128868 1.346200
v 84.849144 126.054863 1.346200
v 84.877831 125.979332 1.346200
v 84.899643 125.903198 1.346200
v 84.914764 125.827286 1.346200
v 84.923538 125.752403 1.346200
v 83.025200 125.593613 1.320800
v 83.037254 125.505875 1.320800
v 83.058121 125.417107 1.320800
v 83.088234 125.328590 1.320800
v 83.127762 125.241722 1.320800
v 83.176620 125.157982 1.320800
v 83.234375 125.078835 1.320800
v 83.300331 125.005684 1.320800
v 83.373497 124.939720 1.320800
v 83.452637 124.881958 1.320800
v 83.536369 124.833107 1.320800
v 83.623245 124.793571 1.320800
v 83.711769 124.763466 1.320800
v 83.800529 124.742599 1.320800
v 83.888268 124.730553 1.320800
v 83.973854 124.726700 1.320800
v 84.059441 124.730553 1.320800
v 84.147179 124.742599 1.320800
v 84.235939 124.763466 1.320800
v 84.324463 124.793571 1.320800
v 84.411331 124.833107 1.320800
v 84.495071 124.881958 1.320800
v 84.574219 124.939720 1.320800
v 84.647369 125.005684 1.320800
v 84.713326 125.078835 1.320800
v 84.771095 125.157982 1.320800
v 84.819946 125.241722 1.320800
v 84.859482 125.328590 1.320800
v 84.889587 125.417107 1.320800
v 84.910454 125.505875 1.320800
v 84.922501 125.593613 1.320800
v 84.922501 125.593613 1.371600
v 84.910454 125.505875 1.371600
v 84.889587 125.417107 1.371600
v 84.859482 125.328590 1.371600
v 84.819946 125.241722 1.371600
v 84.771095 125.157982 1.371600
v 84.713326 125.078835 1.371600
v 84.647369 125.005684 1.371600
v 84.574219 124.939720 1.371600
v 84.495071 124.881958 1.371600
v 84.411331 124.833107 1.371600
v 84.324463 124.793571 1.371600
v 84.235939 124.763466 1.371600
v 84.147179 124.742599 1.371600
v 84.059441 124.730553 1.371600
v 83.973854 124.726700 1.371600
v 83.888268 124.730553 1.371600
v 83.800529 124.742599 1.371600
v 83.711769 124.763466 1.371600
v 83.623245 124.793571 1.371600
v 83.536369 124.833107 1.371600
v 83.452637 124.881958 1.371600
v 83.373497 124.939720 1.371600
v 83.300331 125.005684 1.371600
v 83.234375 125.078835 1.371600
v 83.176620 125.157982 1.371600
v 83.127762 125.241722 1.371600
v 83.088234 125.328590 1.371600
v 83.058121 125.417107 1.371600
v 83.037254 125.505875 1.371600
v 83.025200 125.593613 1.371600
v 83.032936 125.531105 1.346200
v 83.024178 125.605995 1.346200
v 83.048073 125.455200 1.346200
v 83.069878 125.379059 1.346200
v 83.098557 125.303535 1.346200
v 83.134178 125.229538 1.346200
v 83.176620 125.157982 1.346200
v 83.225609 125.089813 1.346200
v 83.280708 125.025894 1.346200
v 83.341339 124.967041 1.346200
v 83.406761 124.913918 1.346200
v 83.476151 124.867065 1.346200
v 83.548630 124.826881 1.346200
v 83.623245 124.793571 1.346200
v 83.699074 124.767197 1.346200
v 83.775223 124.747635 1.346200
v 83.875839 124.731758 1.346200
v 83.973854 124.726700 1.346200
v 84.071861 124.731758 1.346200
v 84.172485 124.747635 1.346200
v 84.273994 124.775223 1.346200
v 84.374405 124.815018 1.346200
v 84.471550 124.867065 1.346200
v 84.563240 124.930946 1.346200
v 84.647369 125.005684 1.346200
v 84.722107 125.089813 1.346200
v 84.785988 125.181503 1.346200
v 84.838036 125.278648 1.346200
v 84.877831 125.379059 1.346200
v 84.905418 125.480568 1.346200
v 84.921295 125.581192 1.346200
v 83.973854 125.679199 1.371600
v 83.973854 125.679199 1.320800
f 11379 11380 11444
f 11444 11380 11445
f 11444 11445 11443
f 11443 11445 11446
f 11443 11446 11442
f 11442 11446 11447
f 11442 11447 11441
f 11441 11447 11448
f 11441 11448 11440
f 11440 11448 11449
f 11440 11449 11439
f 11439 11449 11450
f 11439 11450 11438
f 11438 11450 11451
f 11438 11451 11437
f 11437 11451 11436
f 11436 11451 11452
f 11436 11452 11435
f 11435 11452 11453
f 11435 11453 11434
f 11434 11453 11454
f 11434 11454 11433
f 11433 11454 11455
f 11433 11455 11432
f 11432 11455 11456
f 11432 11456 11431
f 11431 11456 11457
f 11431 11457 11430
f 11430 11457 11458
f 11430 11458 11429
f 11429 11458 11428
f 11428 11458 11459
f 11428 11459 11427
f 11427 11459 11460
f 11427 11460 11426
f 11426 11460 11461
f 11426 11461 11425
f 11425 11461 11462
f 11425 11462 11463
f 11463 11462 11400
f 11463 11400 11401
f 11380 11381 11445
f 11445 11381 11382
f 11445 11382 11446
f 11446 11382 11383
f 11446 11383 11447
f 11447 11383 11384
f 11447 11384 11448
f 11448 11384 11385
f 11448 11385 11449
f 11449 11385 11386
f 11449 11386 11450
f 11450 11386 11387
f 11450 11387 11451
f 11451 11387 11388
f 11451 11388 11389
f 11451 11389 11452
f 11452 11389 11390
f 11452 11390 11453
f 11453 11390 11391
f 11453 11391 11454
f 11454 11391 11392
f 11454 11392 11455
f 11455 11392 11393
f 11455 11393 11456
f 11456 11393 11394
f 11456 11394 11457
f 11457 11394 11395
f 11457 11395 11458
f 11458 11395 11396
f 11458 11396 11397
f 11458 11397 11459
f 11459 11397 11398
f 11459 11398 11460
f 11460 11398 11399
f 11460 11399 11461
f 11461 11399 11400
f 11461 11400 11462
f 11463 11401 11464
f 11464 11401 11402
f 11464 11402 11465
f 11465 11402 11403
f 11465 11403 11466
f 11466 11403 11404
f 11466 11404 11467
f 11467 11404 11405
f 11467 11405 11468
f 11468 11405 11406
f 11468 11406 11469
f 11469 11406 11470
f 11469 11470 11419
f 11419 11470 11418
f 11418 11470 11471
f 11418 11471 11417
f 11417 11471 11472
f 11417 11472 11416
f 11416 11472 11473
f 11416 11473 11415
f 11415 11473 11474
f 11415 11474 11414
f 11414 11474 11475
f 11414 11475 11413
f 11413 11475 11412
f 11412 11475 11411
f 11411 11475 11474
f 11411 11474 11410
f 11410 11474 11473
f 11410 11473 11409
f 11409 11473 11472
f 11409 11472 11408
f 11408 11472 11471
f 11408 11471 11407
f 11407 11471 11470
f 11407 11470 11406
f 11469 11419 11468
f 11468 11419 11420
f 11468 11420 11467
f 11467 11420 11421
f 11467 11421 11466
f 11466 11421 11422
f 11466 11422 11465
f 11465 11422 11423
f 11465 11423 11464
f 11464 11423 11424
f 11464 11424 11463
f 11463 11424 11425
f 11537 11380 11539
f 11539 11380 11379
f 11539 11379 11476
f 11539 11476 11538
f 11538 11476 11477
f 11538 11477 11540
f 11540 11477 11478
f 11540 11478 11541
f 11541 11478 11479
f 11541 11479 11542
f 11542 11479 11480
f 11542 11480 11543
f 11543 11480 11481
f 11543 11481 11544
f 11544 11481 11545
f 11544 11545 11532
f 11532 11545 11531
f 11531 11545 11546
f 11531 11546 11530
f 11530 11546 11547
f 11530 11547 11529
f 11529 11547 11548
f 11529 11548 11528
f 11528 11548 11549
f 11528 11549 11527
f 11527 11549 11550
f 11527 11550 11526
f 11526 11550 11551
f 11526 11551 11552
f 11552 11551 11487
f 11552 11487 11488
f 11481 11482 11545
f 11545 11482 11546
f 11482 11483 11546
f 11546 11483 11547
f 11483 11484 11547
f 11547 11484 11548
f 11484 11485 11548
f 11548 11485 11549
f 11485 11486 11549
f 11549 11486 11550
f 11486 11487 11550
f 11550 11487 11551
f 11552 11488 11553
f 11553 11488 11489
f 11553 11489 11554
f 11554 11489 11490
f 11554 11490 11555
f 11555 11490 11491
f 11555 11491 11492
f 11555 11492 11556
f 11556 11492 11493
f 11556 11493 11557
f 11557 11493 11494
f 11557 11494 11558
f 11558 11494 11495
f 11558 11495 11559
f 11559 11495 11496
f 11559 11496 11560
f 11560 11496 11497
f 11560 11497 11561
f 11561 11497 11498
f 11561 11498 11562
f 11562 11498 11499
f 11562 11499 11500
f 11562 11500 11563
f 11563 11500 11501
f 11563 11501 11564
f 11564 11501 11502
f 11564 11502 11565
f 11565 11502 11503
f 11565 11503 11566
f 11566 11503 11504
f 11566 11504 11567
f 11567 11504 11505
f 11567 11505 11568
f 11568 11505 11506
f 11568 11506 11412
f 11412 11506 11413
f 11412 11507 11568
f 11568 11507 11508
f 11568 11508 11567
f 11567 11508 11509
f 11567 11509 11566
f 11566 11509 11510
f 11566 11510 11565
f 11565 11510 11511
f 11565 11511 11564
f 11564 11511 11512
f 11564 11512 11563
f 11563 11512 11513
f 11563 11513 11562
f 11562 11513 11514
f 11562 11514 11515
f 11562 11515 11561
f 11561 11515 11516
f 11561 11516 11560
f 11560 11516 11517
f 11560 11517 11559
f 11559 11517 11518
f 11559 11518 11558
f 11558 11518 11519
f 11558 11519 11557
f 11557 11519 11520
f 11557 11520 11556
f 11556 11520 11521
f 11556 11521 11555
f 11555 11521 11522
f 11555 11522 11523
f 11555 11523 11554
f 11554 11523 11524
f 11554 11524 11553
f 11553 11524 11525
f 11553 11525 11552
f 11552 11525 11526
f 11544 11532 11543
f 11543 11532 11533
f 11543 11533 11542
f 11542 11533 11534
f 11542 11534 11541
f 11541 11534 11535
f 11541 11535 11540
f 11540 11535 11536
f 11540 11536 11538
f 11538 11536 11537
f 11538 11537 11539
f 11507 11412 11569
f 11569 11412 11411
f 11569 11411 11410
f 11410 11409 11569
f 11569 11409 11408
f 11569 11408 11407
f 11407 11406 11569
f 11569 11406 11405
f 11569 11405 11404
f 11404 11403 11569
f 11569 11403 11402
f 11569 11402 11401
f 11401 11400 11569
f 11569 11400 11399
f 11569 11399 11398
f 11398 11397 11569
f 11569 11397 11396
f 11569 11396 11395
f 11395 11394 11569
f 11569 11394 11393
f 11569 11393 11392
f 11392 11391 11569
f 11569 11391 11390
f 11569 11390 11389
f 11389 11388 11569
f 11569 11388 11387
f 11569 11387 11386
f 11386 11385 11569
f 11569 11385 11384
f 11569 11384 11383
f 11383 11382 11569
f 11569 11382 11381
f 11569 11381 11380
f 11380 11537 11569
f 11569 11537 11536
f 11569 11536 11535
f 11535 11534 11569
f 11569 11534 11533
f 11569 11533 11532
f 11532 11531 11569
f 11569 11531 11530
f 11569 11530 11529
f 11529 11528 11569
f 11569 11528 11527
f 11569 11527 11526
f 11526 11525 11569
f 11569 11525 11524
f 11569 11524 11523
f 11523 11522 11569
f 11569 11522 11521
f 11569 11521 11520
f 11520 11519 11569
f 11569 11519 11518
f 11569 11518 11517
f 11517 11516 11569
f 11569 11516 11515
f 11569 11515 11514
f 11514 11513 11569
f 11569 11513 11512
f 11569 11512 11511
f 11511 11510 11569
f 11569 11510 11509
f 11569 11509 11508
f 11508 11507 11569
f 11476 11379 11570
f 11570 11379 11444
f 11570 11444 11443
f 11443 11442 11570
f 11570 11442 11441
f 11570 11441 11440
f 11440 11439 11570
f 11570 11439 11438
f 11570 11438 11437
f 11437 11436 11570
f 11570 11436 11435
f 11570 11435 11434
f 11434 11433 11570
f 11570 11433 11432
f 11570 11432 11431
f 11431 11430 11570
f 11570 11430 11429
f 11570 11429 11428
f 11428 11427 11570
f 11570 11427 11426
f 11570 11426 11425
f 11425 11424 11570
f 11570 11424 11423
f 11570 11423 11422
f 11422 11421 11570
f 11570 11421 11420
f 11570 11420 11419
f 11419 11418 11570
f 11570 11418 11417
f 11570 11417 11416
f 11416 11415 11570
f 11570 11415 11414
f 11570 11414 11413
f 11413 11506 11570
f 11570 11506 11505
f 11570 11505 11504
f 11504 11503 11570
f 11570 11503 11502
f 11570 11502 11501
f 11501 11500 11570
f 11570 11500 11499
f 11570 11499 11498
f 11498 11497 11570
f 11570 11497 11496
f 11570 11496 11495
f 11495 11494 11570
f 11570 11494 11493
f 11570 11493 11492
f 11492 11491 11570
f 11570 11491 11490
f 11570 11490 11489
f 11489 11488 11570
f 11570 11488 11487
f 11570 11487 11486
f 11486 11485 11570
f 11570 11485 11484
f 11570 11484 11483
f 11483 11482 11570
f 11570 11482 11481
f 11570 11481 11480
f 11480 11479 11570
f 11570 11479 11478
f 11570 11478 11477
f 11477 11476 11570
g MeshBody60

v 32.830952 100.583992 1.320800
v 32.830952 100.583992 1.371600
v 32.834808 100.669579 1.371600
v 32.846855 100.757317 1.371600
v 32.867722 100.846092 1.371600
v 32.897831 100.934616 1.371600
v 32.937363 101.021477 1.371600
v 32.986214 101.105209 1.371600
v 33.043980 101.184357 1.371600
v 33.109936 101.257523 1.371600
v 33.183094 101.323471 1.371600
v 33.262238 101.381233 1.371600
v 33.345978 101.430084 1.371600
v 33.432846 101.469620 1.371600
v 33.521366 101.499733 1.371600
v 33.610134 101.520592 1.371600
v 33.697868 101.532646 1.371600
v 33.783455 101.536491 1.371600
v 33.869041 101.532646 1.371600
v 33.956772 101.520592 1.371600
v 34.045544 101.499733 1.371600
v 34.134064 101.469620 1.371600
v 34.220932 101.430084 1.371600
v 34.304672 101.381233 1.371600
v 34.383816 101.323471 1.371600
v 34.456974 101.257523 1.371600
v 34.522930 101.184357 1.371600
v 34.580692 101.105209 1.371600
v 34.629543 101.021477 1.371600
v 34.669079 100.934616 1.371600
v 34.699188 100.846092 1.371600
v 34.720055 100.757317 1.371600
v 34.732101 100.669579 1.371600
v 34.735954 100.583992 1.371600
v 34.735954 100.583992 1.320800
v 34.732101 100.669579 1.320800
v 34.720055 100.757317 1.320800
v 34.699188 100.846092 1.320800
v 34.669079 100.934616 1.320800
v 34.629543 101.021477 1.320800
v 34.580692 101.105209 1.320800
v 34.522930 101.184357 1.320800
v 34.456974 101.257523 1.320800
v 34.383816 101.323471 1.320800
v 34.304672 101.381233 1.320800
v 34.220932 101.430084 1.320800
v 34.134064 101.469620 1.320800
v 34.045544 101.499733 1.320800
v 33.956772 101.520592 1.320800
v 33.869041 101.532646 1.320800
v 33.783455 101.536491 1.320800
v 33.697868 101.532646 1.320800
v 33.610134 101.520592 1.320800
v 33.521366 101.499733 1.320800
v 33.432846 101.469620 1.320800
v 33.345978 101.430084 1.320800
v 33.262238 101.381233 1.320800
v 33.183094 101.323471 1.320800
v 33.109936 101.257523 1.320800
v 33.043980 101.184357 1.320800
v 32.986214 101.105209 1.320800
v 32.937363 101.021477 1.320800
v 32.897831 100.934616 1.320800
v 32.867722 100.846092 1.320800
v 32.846855 100.757317 1.320800
v 32.834808 100.669579 1.320800
v 32.836010 100.682014 1.346200
v 32.851894 100.782623 1.346200
v 32.879478 100.884132 1.346200
v 32.919266 100.984543 1.346200
v 32.971325 101.081696 1.346200
v 33.035206 101.173386 1.346200
v 33.109936 101.257523 1.346200
v 33.194065 101.332245 1.346200
v 33.285755 101.396126 1.346200
v 33.382908 101.448189 1.346200
v 33.483318 101.487984 1.346200
v 33.584824 101.515556 1.346200
v 33.685444 101.531448 1.346200
v 33.783455 101.536491 1.346200
v 33.881466 101.531448 1.346200
v 33.982086 101.515556 1.346200
v 34.058235 101.496002 1.346200
v 34.134064 101.469620 1.346200
v 34.208679 101.436317 1.346200
v 34.281155 101.396126 1.346200
v 34.350552 101.349274 1.346200
v 34.415974 101.296158 1.346200
v 34.476601 101.237297 1.346200
v 34.531704 101.173386 1.346200
v 34.580692 101.105209 1.346200
v 34.623131 101.033669 1.346200
v 34.658745 100.959663 1.346200
v 34.687431 100.884132 1.346200
v 34.709244 100.807991 1.346200
v 34.724373 100.732094 1.346200
v 34.733135 100.657204 1.346200
v 32.834808 100.498405 1.320800
v 32.846855 100.410683 1.320800
v 32.867722 100.321907 1.320800
v 32.897831 100.233383 1.320800
v 32.937363 100.146523 1.320800
v 32.986214 100.062775 1.320800
v 33.043980 99.983643 1.320800
v 33.109936 99.910477 1.320800
v 33.183094 99.844521 1.320800
v 33.262238 99.786758 1.320800
v 33.345978 99.737915 1.320800
v 33.432846 99.698372 1.320800
v 33.521366 99.668266 1.320800
v 33.610134 99.647408 1.320800
v 33.697868 99.635353 1.320800
v 33.783455 99.631493 1.320800
v 33.869041 99.635353 1.320800
v 33.956772 99.647408 1.320800
v 34.045544 99.668266 1.320800
v 34.134064 99.698372 1.320800
v 34.220932 99.737915 1.320800
v 34.304672 99.786758 1.320800
v 34.383816 99.844521 1.320800
v 34.456974 99.910477 1.320800
v 34.522930 99.983643 1.320800
v 34.580692 100.062775 1.320800
v 34.629543 100.146523 1.320800
v 34.669079 100.233383 1.320800
v 34.699188 100.321907 1.320800
v 34.720055 100.410683 1.320800
v 34.732101 100.498405 1.320800
v 34.732101 100.498405 1.371600
v 34.720055 100.410683 1.371600
v 34.699188 100.321907 1.371600
v 34.669079 100.233383 1.371600
v 34.629543 100.146523 1.371600
v 34.580692 100.062775 1.371600
v 34.522930 99.983643 1.371600
v 34.456974 99.910477 1.371600
v 34.383816 99.844521 1.371600
v 34.304672 99.786758 1.371600
v 34.220932 99.737915 1.371600
v 34.134064 99.698372 1.371600
v 34.045544 99.668266 1.371600
v 33.956772 99.647408 1.371600
v 33.869041 99.635353 1.371600
v 33.783455 99.631493 1.371600
v 33.697868 99.635353 1.371600
v 33.610134 99.647408 1.371600
v 33.521366 99.668266 1.371600
v 33.432846 99.698372 1.371600
v 33.345978 99.737915 1.371600
v 33.262238 99.786758 1.371600
v 33.183094 99.844521 1.371600
v 33.109936 99.910477 1.371600
v 33.043980 99.983643 1.371600
v 32.986214 100.062775 1.371600
v 32.937363 100.146523 1.371600
v 32.897831 100.233383 1.371600
v 32.867722 100.321907 1.371600
v 32.846855 100.410683 1.371600
v 32.834808 100.498405 1.371600
v 32.842537 100.435905 1.346200
v 32.833775 100.510788 1.346200
v 32.857666 100.360008 1.346200
v 32.879478 100.283859 1.346200
v 32.908161 100.208336 1.346200
v 32.943779 100.134331 1.346200
v 32.986214 100.062775 1.346200
v 33.035206 99.994614 1.346200
v 33.090309 99.930702 1.346200
v 33.150932 99.871841 1.346200
v 33.216358 99.818710 1.346200
v 33.285755 99.771873 1.346200
v 33.358231 99.731682 1.346200
v 33.432846 99.698372 1.346200
v 33.508675 99.671997 1.346200
v 33.584824 99.652443 1.346200
v 33.685444 99.636551 1.346200
v 33.783455 99.631493 1.346200
v 33.881466 99.636551 1.346200
v 33.982086 99.652443 1.346200
v 34.083591 99.680016 1.346200
v 34.184002 99.719810 1.346200
v 34.281155 99.771873 1.346200
v 34.372845 99.835747 1.346200
v 34.456974 99.910477 1.346200
v 34.531704 99.994614 1.346200
v 34.595585 100.086304 1.346200
v 34.647644 100.183456 1.346200
v 34.687431 100.283859 1.346200
v 34.715015 100.385376 1.346200
v 34.730900 100.485985 1.346200
v 33.783455 100.583992 1.371600
v 33.783455 100.583992 1.320800
f 11571 11572 11636
f 11636 11572 11637
f 11636 11637 11635
f 11635 11637 11638
f 11635 11638 11634
f 11634 11638 11639
f 11634 11639 11633
f 11633 11639 11640
f 11633 11640 11632
f 11632 11640 11641
f 11632 11641 11631
f 11631 11641 11642
f 11631 11642 11630
f 11630 11642 11643
f 11630 11643 11629
f 11629 11643 11628
f 11628 11643 11644
f 11628 11644 11627
f 11627 11644 11645
f 11627 11645 11626
f 11626 11645 11646
f 11626 11646 11625
f 11625 11646 11647
f 11625 11647 11624
f 11624 11647 11648
f 11624 11648 11623
f 11623 11648 11649
f 11623 11649 11622
f 11622 11649 11650
f 11622 11650 11621
f 11621 11650 11620
f 11620 11650 11651
f 11620 11651 11619
f 11619 11651 11652
f 11619 11652 11618
f 11618 11652 11653
f 11618 11653 11617
f 11617 11653 11654
f 11617 11654 11655
f 11655 11654 11592
f 11655 11592 11593
f 11572 11573 11637
f 11637 11573 11574
f 11637 11574 11638
f 11638 11574 11575
f 11638 11575 11639
f 11639 11575 11576
f 11639 11576 11640
f 11640 11576 11577
f 11640 11577 11641
f 11641 11577 11578
f 11641 11578 11642
f 11642 11578 11579
f 11642 11579 11643
f 11643 11579 11580
f 11643 11580 11581
f 11643 11581 11644
f 11644 11581 11582
f 11644 11582 11645
f 11645 11582 11583
f 11645 11583 11646
f 11646 11583 11584
f 11646 11584 11647
f 11647 11584 11585
f 11647 11585 11648
f 11648 11585 11586
f 11648 11586 11649
f 11649 11586 11587
f 11649 11587 11650
f 11650 11587 11588
f 11650 11588 11589
f 11650 11589 11651
f 11651 11589 11590
f 11651 11590 11652
f 11652 11590 11591
f 11652 11591 11653
f 11653 11591 11592
f 11653 11592 11654
f 11655 11593 11656
f 11656 11593 11594
f 11656 11594 11657
f 11657 11594 11595
f 11657 11595 11658
f 11658 11595 11596
f 11658 11596 11659
f 11659 11596 11597
f 11659 11597 11660
f 11660 11597 11598
f 11660 11598 11661
f 11661 11598 11662
f 11661 11662 11611
f 11611 11662 11610
f 11610 11662 11663
f 11610 11663 11609
f 11609 11663 11664
f 11609 11664 11608
f 11608 11664 11665
f 11608 11665 11607
f 11607 11665 11666
f 11607 11666 11606
f 11606 11666 11667
f 11606 11667 11605
f 11605 11667 11604
f 11604 11667 11603
f 11603 11667 11666
f 11603 11666 11602
f 11602 11666 11665
f 11602 11665 11601
f 11601 11665 11664
f 11601 11664 11600
f 11600 11664 11663
f 11600 11663 11599
f 11599 11663 11662
f 11599 11662 11598
f 11661 11611 11660
f 11660 11611 11612
f 11660 11612 11659
f 11659 11612 11613
f 11659 11613 11658
f 11658 11613 11614
f 11658 11614 11657
f 11657 11614 11615
f 11657 11615 11656
f 11656 11615 11616
f 11656 11616 11655
f 11655 11616 11617
f 11729 11572 11731
f 11731 11572 11571
f 11731 11571 11668
f 11731 11668 11730
f 11730 11668 11669
f 11730 11669 11732
f 11732 11669 11670
f 11732 11670 11733
f 11733 11670 11671
f 11733 11671 11734
f 11734 11671 11672
f 11734 11672 11735
f 11735 11672 11673
f 11735 11673 11736
f 11736 11673 11737
f 11736 11737 11724
f 11724 11737 11723
f 11723 11737 11738
f 11723 11738 11722
f 11722 11738 11739
f 11722 11739 11721
f 11721 11739 11740
f 11721 11740 11720
f 11720 11740 11741
f 11720 11741 11719
f 11719 11741 11742
f 11719 11742 11718
f 11718 11742 11743
f 11718 11743 11744
f 11744 11743 11679
f 11744 11679 11680
f 11673 11674 11737
f 11737 11674 11738
f 11674 11675 11738
f 11738 11675 11739
f 11675 11676 11739
f 11739 11676 11740
f 11676 11677 11740
f 11740 11677 11741
f 11677 11678 11741
f 11741 11678 11742
f 11678 11679 11742
f 11742 11679 11743
f 11744 11680 11745
f 11745 11680 11681
f 11745 11681 11746
f 11746 11681 11682
f 11746 11682 11747
f 11747 11682 11683
f 11747 11683 11684
f 11747 11684 11748
f 11748 11684 11685
f 11748 11685 11749
f 11749 11685 11686
f 11749 11686 11750
f 11750 11686 11687
f 11750 11687 11751
f 11751 11687 11688
f 11751 11688 11752
f 11752 11688 11689
f 11752 11689 11753
f 11753 11689 11690
f 11753 11690 11754
f 11754 11690 11691
f 11754 11691 11692
f 11754 11692 11755
f 11755 11692 11693
f 11755 11693 11756
f 11756 11693 11694
f 11756 11694 11757
f 11757 11694 11695
f 11757 11695 11758
f 11758 11695 11696
f 11758 11696 11759
f 11759 11696 11697
f 11759 11697 11760
f 11760 11697 11698
f 11760 11698 11604
f 11604 11698 11605
f 11604 11699 11760
f 11760 11699 11700
f 11760 11700 11759
f 11759 11700 11701
f 11759 11701 11758
f 11758 11701 11702
f 11758 11702 11757
f 11757 11702 11703
f 11757 11703 11756
f 11756 11703 11704
f 11756 11704 11755
f 11755 11704 11705
f 11755 11705 11754
f 11754 11705 11706
f 11754 11706 11707
f 11754 11707 11753
f 11753 11707 11708
f 11753 11708 11752
f 11752 11708 11709
f 11752 11709 11751
f 11751 11709 11710
f 11751 11710 11750
f 11750 11710 11711
f 11750 11711 11749
f 11749 11711 11712
f 11749 11712 11748
f 11748 11712 11713
f 11748 11713 11747
f 11747 11713 11714
f 11747 11714 11715
f 11747 11715 11746
f 11746 11715 11716
f 11746 11716 11745
f 11745 11716 11717
f 11745 11717 11744
f 11744 11717 11718
f 11736 11724 11735
f 11735 11724 11725
f 11735 11725 11734
f 11734 11725 11726
f 11734 11726 11733
f 11733 11726 11727
f 11733 11727 11732
f 11732 11727 11728
f 11732 11728 11730
f 11730 11728 11729
f 11730 11729 11731
f 11699 11604 11761
f 11761 11604 11603
f 11761 11603 11602
f 11602 11601 11761
f 11761 11601 11600
f 11761 11600 11599
f 11599 11598 11761
f 11761 11598 11597
f 11761 11597 11596
f 11596 11595 11761
f 11761 11595 11594
f 11761 11594 11593
f 11593 11592 11761
f 11761 11592 11591
f 11761 11591 11590
f 11590 11589 11761
f 11761 11589 11588
f 11761 11588 11587
f 11587 11586 11761
f 11761 11586 11585
f 11761 11585 11584
f 11584 11583 11761
f 11761 11583 11582
f 11761 11582 11581
f 11581 11580 11761
f 11761 11580 11579
f 11761 11579 11578
f 11578 11577 11761
f 11761 11577 11576
f 11761 11576 11575
f 11575 11574 11761
f 11761 11574 11573
f 11761 11573 11572
f 11572 11729 11761
f 11761 11729 11728
f 11761 11728 11727
f 11727 11726 11761
f 11761 11726 11725
f 11761 11725 11724
f 11724 11723 11761
f 11761 11723 11722
f 11761 11722 11721
f 11721 11720 11761
f 11761 11720 11719
f 11761 11719 11718
f 11718 11717 11761
f 11761 11717 11716
f 11761 11716 11715
f 11715 11714 11761
f 11761 11714 11713
f 11761 11713 11712
f 11712 11711 11761
f 11761 11711 11710
f 11761 11710 11709
f 11709 11708 11761
f 11761 11708 11707
f 11761 11707 11706
f 11706 11705 11761
f 11761 11705 11704
f 11761 11704 11703
f 11703 11702 11761
f 11761 11702 11701
f 11761 11701 11700
f 11700 11699 11761
f 11668 11571 11762
f 11762 11571 11636
f 11762 11636 11635
f 11635 11634 11762
f 11762 11634 11633
f 11762 11633 11632
f 11632 11631 11762
f 11762 11631 11630
f 11762 11630 11629
f 11629 11628 11762
f 11762 11628 11627
f 11762 11627 11626
f 11626 11625 11762
f 11762 11625 11624
f 11762 11624 11623
f 11623 11622 11762
f 11762 11622 11621
f 11762 11621 11620
f 11620 11619 11762
f 11762 11619 11618
f 11762 11618 11617
f 11617 11616 11762
f 11762 11616 11615
f 11762 11615 11614
f 11614 11613 11762
f 11762 11613 11612
f 11762 11612 11611
f 11611 11610 11762
f 11762 11610 11609
f 11762 11609 11608
f 11608 11607 11762
f 11762 11607 11606
f 11762 11606 11605
f 11605 11698 11762
f 11762 11698 11697
f 11762 11697 11696
f 11696 11695 11762
f 11762 11695 11694
f 11762 11694 11693
f 11693 11692 11762
f 11762 11692 11691
f 11762 11691 11690
f 11690 11689 11762
f 11762 11689 11688
f 11762 11688 11687
f 11687 11686 11762
f 11762 11686 11685
f 11762 11685 11684
f 11684 11683 11762
f 11762 11683 11682
f 11762 11682 11681
f 11681 11680 11762
f 11762 11680 11679
f 11762 11679 11678
f 11678 11677 11762
f 11762 11677 11676
f 11762 11676 11675
f 11675 11674 11762
f 11762 11674 11673
f 11762 11673 11672
f 11672 11671 11762
f 11762 11671 11670
f 11762 11670 11669
f 11669 11668 11762
g MeshBody61

v 57.926155 175.869598 1.320800
v 57.926155 175.869598 1.371600
v 57.930004 175.955185 1.371600
v 57.942055 176.042908 1.371600
v 57.962921 176.131683 1.371600
v 57.993031 176.220215 1.371600
v 58.032562 176.307083 1.371600
v 58.081413 176.390823 1.371600
v 58.139179 176.469955 1.371600
v 58.205132 176.543121 1.371600
v 58.278297 176.609085 1.371600
v 58.357433 176.666824 1.371600
v 58.441174 176.715683 1.371600
v 58.528046 176.755219 1.371600
v 58.616566 176.785324 1.371600
v 58.705334 176.806198 1.371600
v 58.793068 176.818237 1.371600
v 58.878654 176.822098 1.371600
v 58.964241 176.818237 1.371600
v 59.051975 176.806198 1.371600
v 59.140739 176.785324 1.371600
v 59.229267 176.755219 1.371600
v 59.316132 176.715683 1.371600
v 59.399872 176.666824 1.371600
v 59.479015 176.609085 1.371600
v 59.552174 176.543121 1.371600
v 59.618130 176.469955 1.371600
v 59.675892 176.390823 1.371600
v 59.724747 176.307083 1.371600
v 59.764278 176.220215 1.371600
v 59.794388 176.131683 1.371600
v 59.815254 176.042908 1.371600
v 59.827301 175.955185 1.371600
v 59.831154 175.869598 1.371600
v 59.831154 175.869598 1.320800
v 59.827301 175.955185 1.320800
v 59.815254 176.042908 1.320800
v 59.794388 176.131683 1.320800
v 59.764278 176.220215 1.320800
v 59.724747 176.307083 1.320800
v 59.675892 176.390823 1.320800
v 59.618130 176.469955 1.320800
v 59.552174 176.543121 1.320800
v 59.479015 176.609085 1.320800
v 59.399872 176.666824 1.320800
v 59.316132 176.715683 1.320800
v 59.229267 176.755219 1.320800
v 59.140739 176.785324 1.320800
v 59.051975 176.806198 1.320800
v 58.964241 176.818237 1.320800
v 58.878654 176.822098 1.320800
v 58.793068 176.818237 1.320800
v 58.705334 176.806198 1.320800
v 58.616566 176.785324 1.320800
v 58.528046 176.755219 1.320800
v 58.441174 176.715683 1.320800
v 58.357433 176.666824 1.320800
v 58.278297 176.609085 1.320800
v 58.205132 176.543121 1.320800
v 58.139179 176.469955 1.320800
v 58.081413 176.390823 1.320800
v 58.032562 176.307083 1.320800
v 57.993031 176.220215 1.320800
v 57.962921 176.131683 1.320800
v 57.942055 176.042908 1.320800
v 57.930004 175.955185 1.320800
v 57.931210 175.967606 1.346200
v 57.947098 176.068222 1.346200
v 57.974678 176.169724 1.346200
v 58.014465 176.270142 1.346200
v 58.066528 176.367294 1.346200
v 58.130405 176.459000 1.346200
v 58.205132 176.543121 1.346200
v 58.289265 176.617844 1.346200
v 58.380955 176.681732 1.346200
v 58.478111 176.733780 1.346200
v 58.578518 176.773575 1.346200
v 58.680023 176.801163 1.346200
v 58.780640 176.817032 1.346200
v 58.878654 176.822098 1.346200
v 58.976665 176.817032 1.346200
v 59.077286 176.801163 1.346200
v 59.153435 176.781616 1.346200
v 59.229267 176.755219 1.346200
v 59.303879 176.721909 1.346200
v 59.376350 176.681732 1.346200
v 59.445751 176.634872 1.346200
v 59.511177 176.581757 1.346200
v 59.571804 176.522903 1.346200
v 59.626904 176.459000 1.346200
v 59.675892 176.390823 1.346200
v 59.718330 176.319275 1.346200
v 59.753944 176.245270 1.346200
v 59.782631 176.169724 1.346200
v 59.804440 176.093597 1.346200
v 59.819569 176.017685 1.346200
v 59.828339 175.942810 1.346200
v 57.930004 175.784012 1.320800
v 57.942055 175.696274 1.320800
v 57.962921 175.607513 1.320800
v 57.993031 175.518997 1.320800
v 58.032562 175.432114 1.320800
v 58.081413 175.348389 1.320800
v 58.139179 175.269241 1.320800
v 58.205132 175.196091 1.320800
v 58.278297 175.130127 1.320800
v 58.357433 175.072357 1.320800
v 58.441174 175.023499 1.320800
v 58.528046 174.983963 1.320800
v 58.616566 174.953873 1.320800
v 58.705334 174.932999 1.320800
v 58.793068 174.920944 1.320800
v 58.878654 174.917099 1.320800
v 58.964241 174.920944 1.320800
v 59.051975 174.932999 1.320800
v 59.140739 174.953873 1.320800
v 59.229267 174.983963 1.320800
v 59.316132 175.023499 1.320800
v 59.399872 175.072357 1.320800
v 59.479015 175.130127 1.320800
v 59.552174 175.196091 1.320800
v 59.618130 175.269241 1.320800
v 59.675892 175.348389 1.320800
v 59.724747 175.432114 1.320800
v 59.764278 175.518997 1.320800
v 59.794388 175.607513 1.320800
v 59.815254 175.696274 1.320800
v 59.827301 175.784012 1.320800
v 59.827301 175.784012 1.371600
v 59.815254 175.696274 1.371600
v 59.794388 175.607513 1.371600
v 59.764278 175.518997 1.371600
v 59.724747 175.432114 1.371600
v 59.675892 175.348389 1.371600
v 59.618130 175.269241 1.371600
v 59.552174 175.196091 1.371600
v 59.479015 175.130127 1.371600
v 59.399872 175.072357 1.371600
v 59.316132 175.023499 1.371600
v 59.229267 174.983963 1.371600
v 59.140739 174.953873 1.371600
v 59.051975 174.932999 1.371600
v 58.964241 174.920944 1.371600
v 58.878654 174.917099 1.371600
v 58.793068 174.920944 1.371600
v 58.705334 174.932999 1.371600
v 58.616566 174.953873 1.371600
v 58.528046 174.983963 1.371600
v 58.441174 175.023499 1.371600
v 58.357433 175.072357 1.371600
v 58.278297 175.130127 1.371600
v 58.205132 175.196091 1.371600
v 58.139179 175.269241 1.371600
v 58.081413 175.348389 1.371600
v 58.032562 175.432114 1.371600
v 57.993031 175.518997 1.371600
v 57.962921 175.607513 1.371600
v 57.942055 175.696274 1.371600
v 57.930004 175.784012 1.371600
v 57.937737 175.721497 1.346200
v 57.928974 175.796402 1.346200
v 57.952866 175.645599 1.346200
v 57.974678 175.569458 1.346200
v 58.003365 175.493942 1.346200
v 58.038975 175.419922 1.346200
v 58.081413 175.348389 1.346200
v 58.130405 175.280212 1.346200
v 58.185509 175.216293 1.346200
v 58.246132 175.157440 1.346200
v 58.311558 175.104309 1.346200
v 58.380955 175.057465 1.346200
v 58.453426 175.017273 1.346200
v 58.528046 174.983963 1.346200
v 58.603874 174.957596 1.346200
v 58.680023 174.938034 1.346200
v 58.780640 174.922150 1.346200
v 58.878654 174.917099 1.346200
v 58.976665 174.922150 1.346200
v 59.077286 174.938034 1.346200
v 59.178791 174.965622 1.346200
v 59.279202 175.005402 1.346200
v 59.376350 175.057465 1.346200
v 59.468040 175.121338 1.346200
v 59.552174 175.196091 1.346200
v 59.626904 175.280212 1.346200
v 59.690784 175.371902 1.346200
v 59.742840 175.469055 1.346200
v 59.782631 175.569458 1.346200
v 59.810215 175.670959 1.346200
v 59.826099 175.771591 1.346200
v 58.878654 175.869598 1.371600
v 58.878654 175.869598 1.320800
f 11763 11764 11828
f 11828 11764 11829
f 11828 11829 11827
f 11827 11829 11830
f 11827 11830 11826
f 11826 11830 11831
f 11826 11831 11825
f 11825 11831 11832
f 11825 11832 11824
f 11824 11832 11833
f 11824 11833 11823
f 11823 11833 11834
f 11823 11834 11822
f 11822 11834 11835
f 11822 11835 11821
f 11821 11835 11820
f 11820 11835 11836
f 11820 11836 11819
f 11819 11836 11837
f 11819 11837 11818
f 11818 11837 11838
f 11818 11838 11817
f 11817 11838 11839
f 11817 11839 11816
f 11816 11839 11840
f 11816 11840 11815
f 11815 11840 11841
f 11815 11841 11814
f 11814 11841 11842
f 11814 11842 11813
f 11813 11842 11812
f 11812 11842 11843
f 11812 11843 11811
f 11811 11843 11844
f 11811 11844 11810
f 11810 11844 11845
f 11810 11845 11809
f 11809 11845 11846
f 11809 11846 11847
f 11847 11846 11784
f 11847 11784 11785
f 11764 11765 11829
f 11829 11765 11766
f 11829 11766 11830
f 11830 11766 11767
f 11830 11767 11831
f 11831 11767 11768
f 11831 11768 11832
f 11832 11768 11769
f 11832 11769 11833
f 11833 11769 11770
f 11833 11770 11834
f 11834 11770 11771
f 11834 11771 11835
f 11835 11771 11772
f 11835 11772 11773
f 11835 11773 11836
f 11836 11773 11774
f 11836 11774 11837
f 11837 11774 11775
f 11837 11775 11838
f 11838 11775 11776
f 11838 11776 11839
f 11839 11776 11777
f 11839 11777 11840
f 11840 11777 11778
f 11840 11778 11841
f 11841 11778 11779
f 11841 11779 11842
f 11842 11779 11780
f 11842 11780 11781
f 11842 11781 11843
f 11843 11781 11782
f 11843 11782 11844
f 11844 11782 11783
f 11844 11783 11845
f 11845 11783 11784
f 11845 11784 11846
f 11847 11785 11848
f 11848 11785 11786
f 11848 11786 11849
f 11849 11786 11787
f 11849 11787 11850
f 11850 11787 11788
f 11850 11788 11851
f 11851 11788 11789
f 11851 11789 11852
f 11852 11789 11790
f 11852 11790 11853
f 11853 11790 11854
f 11853 11854 11803
f 11803 11854 11802
f 11802 11854 11855
f 11802 11855 11801
f 11801 11855 11856
f 11801 11856 11800
f 11800 11856 11857
f 11800 11857 11799
f 11799 11857 11858
f 11799 11858 11798
f 11798 11858 11859
f 11798 11859 11797
f 11797 11859 11796
f 11796 11859 11795
f 11795 11859 11858
f 11795 11858 11794
f 11794 11858 11857
f 11794 11857 11793
f 11793 11857 11856
f 11793 11856 11792
f 11792 11856 11855
f 11792 11855 11791
f 11791 11855 11854
f 11791 11854 11790
f 11853 11803 11852
f 11852 11803 11804
f 11852 11804 11851
f 11851 11804 11805
f 11851 11805 11850
f 11850 11805 11806
f 11850 11806 11849
f 11849 11806 11807
f 11849 11807 11848
f 11848 11807 11808
f 11848 11808 11847
f 11847 11808 11809
f 11921 11764 11923
f 11923 11764 11763
f 11923 11763 11860
f 11923 11860 11922
f 11922 11860 11861
f 11922 11861 11924
f 11924 11861 11862
f 11924 11862 11925
f 11925 11862 11863
f 11925 11863 11926
f 11926 11863 11864
f 11926 11864 11927
f 11927 11864 11865
f 11927 11865 11928
f 11928 11865 11929
f 11928 11929 11916
f 11916 11929 11915
f 11915 11929 11930
f 11915 11930 11914
f 11914 11930 11931
f 11914 11931 11913
f 11913 11931 11932
f 11913 11932 11912
f 11912 11932 11933
f 11912 11933 11911
f 11911 11933 11934
f 11911 11934 11910
f 11910 11934 11935
f 11910 11935 11936
f 11936 11935 11871
f 11936 11871 11872
f 11865 11866 11929
f 11929 11866 11930
f 11866 11867 11930
f 11930 11867 11931
f 11867 11868 11931
f 11931 11868 11932
f 11868 11869 11932
f 11932 11869 11933
f 11869 11870 11933
f 11933 11870 11934
f 11870 11871 11934
f 11934 11871 11935
f 11936 11872 11937
f 11937 11872 11873
f 11937 11873 11938
f 11938 11873 11874
f 11938 11874 11939
f 11939 11874 11875
f 11939 11875 11876
f 11939 11876 11940
f 11940 11876 11877
f 11940 11877 11941
f 11941 11877 11878
f 11941 11878 11942
f 11942 11878 11879
f 11942 11879 11943
f 11943 11879 11880
f 11943 11880 11944
f 11944 11880 11881
f 11944 11881 11945
f 11945 11881 11882
f 11945 11882 11946
f 11946 11882 11883
f 11946 11883 11884
f 11946 11884 11947
f 11947 11884 11885
f 11947 11885 11948
f 11948 11885 11886
f 11948 11886 11949
f 11949 11886 11887
f 11949 11887 11950
f 11950 11887 11888
f 11950 11888 11951
f 11951 11888 11889
f 11951 11889 11952
f 11952 11889 11890
f 11952 11890 11796
f 11796 11890 11797
f 11796 11891 11952
f 11952 11891 11892
f 11952 11892 11951
f 11951 11892 11893
f 11951 11893 11950
f 11950 11893 11894
f 11950 11894 11949
f 11949 11894 11895
f 11949 11895 11948
f 11948 11895 11896
f 11948 11896 11947
f 11947 11896 11897
f 11947 11897 11946
f 11946 11897 11898
f 11946 11898 11899
f 11946 11899 11945
f 11945 11899 11900
f 11945 11900 11944
f 11944 11900 11901
f 11944 11901 11943
f 11943 11901 11902
f 11943 11902 11942
f 11942 11902 11903
f 11942 11903 11941
f 11941 11903 11904
f 11941 11904 11940
f 11940 11904 11905
f 11940 11905 11939
f 11939 11905 11906
f 11939 11906 11907
f 11939 11907 11938
f 11938 11907 11908
f 11938 11908 11937
f 11937 11908 11909
f 11937 11909 11936
f 11936 11909 11910
f 11928 11916 11927
f 11927 11916 11917
f 11927 11917 11926
f 11926 11917 11918
f 11926 11918 11925
f 11925 11918 11919
f 11925 11919 11924
f 11924 11919 11920
f 11924 11920 11922
f 11922 11920 11921
f 11922 11921 11923
f 11891 11796 11953
f 11953 11796 11795
f 11953 11795 11794
f 11794 11793 11953
f 11953 11793 11792
f 11953 11792 11791
f 11791 11790 11953
f 11953 11790 11789
f 11953 11789 11788
f 11788 11787 11953
f 11953 11787 11786
f 11953 11786 11785
f 11785 11784 11953
f 11953 11784 11783
f 11953 11783 11782
f 11782 11781 11953
f 11953 11781 11780
f 11953 11780 11779
f 11779 11778 11953
f 11953 11778 11777
f 11953 11777 11776
f 11776 11775 11953
f 11953 11775 11774
f 11953 11774 11773
f 11773 11772 11953
f 11953 11772 11771
f 11953 11771 11770
f 11770 11769 11953
f 11953 11769 11768
f 11953 11768 11767
f 11767 11766 11953
f 11953 11766 11765
f 11953 11765 11764
f 11764 11921 11953
f 11953 11921 11920
f 11953 11920 11919
f 11919 11918 11953
f 11953 11918 11917
f 11953 11917 11916
f 11916 11915 11953
f 11953 11915 11914
f 11953 11914 11913
f 11913 11912 11953
f 11953 11912 11911
f 11953 11911 11910
f 11910 11909 11953
f 11953 11909 11908
f 11953 11908 11907
f 11907 11906 11953
f 11953 11906 11905
f 11953 11905 11904
f 11904 11903 11953
f 11953 11903 11902
f 11953 11902 11901
f 11901 11900 11953
f 11953 11900 11899
f 11953 11899 11898
f 11898 11897 11953
f 11953 11897 11896
f 11953 11896 11895
f 11895 11894 11953
f 11953 11894 11893
f 11953 11893 11892
f 11892 11891 11953
f 11860 11763 11954
f 11954 11763 11828
f 11954 11828 11827
f 11827 11826 11954
f 11954 11826 11825
f 11954 11825 11824
f 11824 11823 11954
f 11954 11823 11822
f 11954 11822 11821
f 11821 11820 11954
f 11954 11820 11819
f 11954 11819 11818
f 11818 11817 11954
f 11954 11817 11816
f 11954 11816 11815
f 11815 11814 11954
f 11954 11814 11813
f 11954 11813 11812
f 11812 11811 11954
f 11954 11811 11810
f 11954 11810 11809
f 11809 11808 11954
f 11954 11808 11807
f 11954 11807 11806
f 11806 11805 11954
f 11954 11805 11804
f 11954 11804 11803
f 11803 11802 11954
f 11954 11802 11801
f 11954 11801 11800
f 11800 11799 11954
f 11954 11799 11798
f 11954 11798 11797
f 11797 11890 11954
f 11954 11890 11889
f 11954 11889 11888
f 11888 11887 11954
f 11954 11887 11886
f 11954 11886 11885
f 11885 11884 11954
f 11954 11884 11883
f 11954 11883 11882
f 11882 11881 11954
f 11954 11881 11880
f 11954 11880 11879
f 11879 11878 11954
f 11954 11878 11877
f 11954 11877 11876
f 11876 11875 11954
f 11954 11875 11874
f 11954 11874 11873
f 11873 11872 11954
f 11954 11872 11871
f 11954 11871 11870
f 11870 11869 11954
f 11954 11869 11868
f 11954 11868 11867
f 11867 11866 11954
f 11954 11866 11865
f 11954 11865 11864
f 11864 11863 11954
f 11954 11863 11862
f 11954 11862 11861
f 11861 11860 11954
g MeshBody62

v 83.021355 150.774399 1.320800
v 83.021355 150.774399 1.371600
v 83.025200 150.859985 1.371600
v 83.037254 150.947723 1.371600
v 83.058121 151.036484 1.371600
v 83.088234 151.125015 1.371600
v 83.127762 151.211868 1.371600
v 83.176620 151.295624 1.371600
v 83.234375 151.374756 1.371600
v 83.300331 151.447922 1.371600
v 83.373497 151.513870 1.371600
v 83.452637 151.571640 1.371600
v 83.536369 151.620499 1.371600
v 83.623245 151.660019 1.371600
v 83.711769 151.690125 1.371600
v 83.800529 151.710999 1.371600
v 83.888268 151.723038 1.371600
v 83.973854 151.726898 1.371600
v 84.059441 151.723038 1.371600
v 84.147179 151.710999 1.371600
v 84.235939 151.690125 1.371600
v 84.324463 151.660019 1.371600
v 84.411331 151.620499 1.371600
v 84.495071 151.571640 1.371600
v 84.574219 151.513870 1.371600
v 84.647369 151.447922 1.371600
v 84.713326 151.374756 1.371600
v 84.771095 151.295624 1.371600
v 84.819946 151.211868 1.371600
v 84.859482 151.125015 1.371600
v 84.889587 151.036484 1.371600
v 84.910454 150.947723 1.371600
v 84.922501 150.859985 1.371600
v 84.926353 150.774399 1.371600
v 84.926353 150.774399 1.320800
v 84.922501 150.859985 1.320800
v 84.910454 150.947723 1.320800
v 84.889587 151.036484 1.320800
v 84.859482 151.125015 1.320800
v 84.819946 151.211868 1.320800
v 84.771095 151.295624 1.320800
v 84.713326 151.374756 1.320800
v 84.647369 151.447922 1.320800
v 84.574219 151.513870 1.320800
v 84.495071 151.571640 1.320800
v 84.411331 151.620499 1.320800
v 84.324463 151.660019 1.320800
v 84.235939 151.690125 1.320800
v 84.147179 151.710999 1.320800
v 84.059441 151.723038 1.320800
v 83.973854 151.726898 1.320800
v 83.888268 151.723038 1.320800
v 83.800529 151.710999 1.320800
v 83.711769 151.690125 1.320800
v 83.623245 151.660019 1.320800
v 83.536369 151.620499 1.320800
v 83.452637 151.571640 1.320800
v 83.373497 151.513870 1.320800
v 83.300331 151.447922 1.320800
v 83.234375 151.374756 1.320800
v 83.176620 151.295624 1.320800
v 83.127762 151.211868 1.320800
v 83.088234 151.125015 1.320800
v 83.058121 151.036484 1.320800
v 83.037254 150.947723 1.320800
v 83.025200 150.859985 1.320800
v 83.026413 150.872406 1.346200
v 83.042297 150.973038 1.346200
v 83.069878 151.074539 1.346200
v 83.109665 151.174942 1.346200
v 83.161728 151.272095 1.346200
v 83.225609 151.363785 1.346200
v 83.300331 151.447922 1.346200
v 83.384460 151.522644 1.346200
v 83.476151 151.586533 1.346200
v 83.573311 151.638580 1.346200
v 83.673721 151.678375 1.346200
v 83.775223 151.705963 1.346200
v 83.875839 151.721848 1.346200
v 83.973854 151.726898 1.346200
v 84.071861 151.721848 1.346200
v 84.172485 151.705963 1.346200
v 84.248634 151.686401 1.346200
v 84.324463 151.660019 1.346200
v 84.399078 151.626709 1.346200
v 84.471550 151.586533 1.346200
v 84.540955 151.539688 1.346200
v 84.606377 151.486557 1.346200
v 84.667000 151.427704 1.346200
v 84.722107 151.363785 1.346200
v 84.771095 151.295624 1.346200
v 84.813530 151.224060 1.346200
v 84.849144 151.150070 1.346200
v 84.877831 151.074539 1.346200
v 84.899643 150.998398 1.346200
v 84.914764 150.922485 1.346200
v 84.923538 150.847595 1.346200
v 83.025200 150.688812 1.320800
v 83.037254 150.601074 1.320800
v 83.058121 150.512314 1.320800
v 83.088234 150.423798 1.320800
v 83.127762 150.336914 1.320800
v 83.176620 150.253174 1.320800
v 83.234375 150.174042 1.320800
v 83.300331 150.100876 1.320800
v 83.373497 150.034912 1.320800
v 83.452637 149.977158 1.320800
v 83.536369 149.928314 1.320800
v 83.623245 149.888779 1.320800
v 83.711769 149.858658 1.320800
v 83.800529 149.837799 1.320800
v 83.888268 149.825745 1.320800
v 83.973854 149.821899 1.320800
v 84.059441 149.825745 1.320800
v 84.147179 149.837799 1.320800
v 84.235939 149.858658 1.320800
v 84.324463 149.888779 1.320800
v 84.411331 149.928314 1.320800
v 84.495071 149.977158 1.320800
v 84.574219 150.034912 1.320800
v 84.647369 150.100876 1.320800
v 84.713326 150.174042 1.320800
v 84.771095 150.253174 1.320800
v 84.819946 150.336914 1.320800
v 84.859482 150.423798 1.320800
v 84.889587 150.512314 1.320800
v 84.910454 150.601074 1.320800
v 84.922501 150.688812 1.320800
v 84.922501 150.688812 1.371600
v 84.910454 150.601074 1.371600
v 84.889587 150.512314 1.371600
v 84.859482 150.423798 1.371600
v 84.819946 150.336914 1.371600
v 84.771095 150.253174 1.371600
v 84.713326 150.174042 1.371600
v 84.647369 150.100876 1.371600
v 84.574219 150.034912 1.371600
v 84.495071 149.977158 1.371600
v 84.411331 149.928314 1.371600
v 84.324463 149.888779 1.371600
v 84.235939 149.858658 1.371600
v 84.147179 149.837799 1.371600
v 84.059441 149.825745 1.371600
v 83.973854 149.821899 1.371600
v 83.888268 149.825745 1.371600
v 83.800529 149.837799 1.371600
v 83.711769 149.858658 1.371600
v 83.623245 149.888779 1.371600
v 83.536369 149.928314 1.371600
v 83.452637 149.977158 1.371600
v 83.373497 150.034912 1.371600
v 83.300331 150.100876 1.371600
v 83.234375 150.174042 1.371600
v 83.176620 150.253174 1.371600
v 83.127762 150.336914 1.371600
v 83.088234 150.423798 1.371600
v 83.058121 150.512314 1.371600
v 83.037254 150.601074 1.371600
v 83.025200 150.688812 1.371600
v 83.032936 150.626297 1.346200
v 83.024178 150.701202 1.346200
v 83.048073 150.550400 1.346200
v 83.069878 150.474258 1.346200
v 83.098557 150.398727 1.346200
v 83.134178 150.324722 1.346200
v 83.176620 150.253174 1.346200
v 83.225609 150.185013 1.346200
v 83.280708 150.121094 1.346200
v 83.341339 150.062241 1.346200
v 83.406761 150.009109 1.346200
v 83.476151 149.962265 1.346200
v 83.548630 149.922089 1.346200
v 83.623245 149.888779 1.346200
v 83.699074 149.862396 1.346200
v 83.775223 149.842834 1.346200
v 83.875839 149.826950 1.346200
v 83.973854 149.821899 1.346200
v 84.071861 149.826950 1.346200
v 84.172485 149.842834 1.346200
v 84.273994 149.870422 1.346200
v 84.374405 149.910202 1.346200
v 84.471550 149.962265 1.346200
v 84.563240 150.026154 1.346200
v 84.647369 150.100876 1.346200
v 84.722107 150.185013 1.346200
v 84.785988 150.276703 1.346200
v 84.838036 150.373856 1.346200
v 84.877831 150.474258 1.346200
v 84.905418 150.575775 1.346200
v 84.921295 150.676376 1.346200
v 83.973854 150.774399 1.371600
v 83.973854 150.774399 1.320800
f 11955 11956 12020
f 12020 11956 12021
f 12020 12021 12019
f 12019 12021 12022
f 12019 12022 12018
f 12018 12022 12023
f 12018 12023 12017
f 12017 12023 12024
f 12017 12024 12016
f 12016 12024 12025
f 12016 12025 12015
f 12015 12025 12026
f 12015 12026 12014
f 12014 12026 12027
f 12014 12027 12013
f 12013 12027 12012
f 12012 12027 12028
f 12012 12028 12011
f 12011 12028 12029
f 12011 12029 12010
f 12010 12029 12030
f 12010 12030 12009
f 12009 12030 12031
f 12009 12031 12008
f 12008 12031 12032
f 12008 12032 12007
f 12007 12032 12033
f 12007 12033 12006
f 12006 12033 12034
f 12006 12034 12005
f 12005 12034 12004
f 12004 12034 12035
f 12004 12035 12003
f 12003 12035 12036
f 12003 12036 12002
f 12002 12036 12037
f 12002 12037 12001
f 12001 12037 12038
f 12001 12038 12039
f 12039 12038 11976
f 12039 11976 11977
f 11956 11957 12021
f 12021 11957 11958
f 12021 11958 12022
f 12022 11958 11959
f 12022 11959 12023
f 12023 11959 11960
f 12023 11960 12024
f 12024 11960 11961
f 12024 11961 12025
f 12025 11961 11962
f 12025 11962 12026
f 12026 11962 11963
f 12026 11963 12027
f 12027 11963 11964
f 12027 11964 11965
f 12027 11965 12028
f 12028 11965 11966
f 12028 11966 12029
f 12029 11966 11967
f 12029 11967 12030
f 12030 11967 11968
f 12030 11968 12031
f 12031 11968 11969
f 12031 11969 12032
f 12032 11969 11970
f 12032 11970 12033
f 12033 11970 11971
f 12033 11971 12034
f 12034 11971 11972
f 12034 11972 11973
f 12034 11973 12035
f 12035 11973 11974
f 12035 11974 12036
f 12036 11974 11975
f 12036 11975 12037
f 12037 11975 11976
f 12037 11976 12038
f 12039 11977 12040
f 12040 11977 11978
f 12040 11978 12041
f 12041 11978 11979
f 12041 11979 12042
f 12042 11979 11980
f 12042 11980 12043
f 12043 11980 11981
f 12043 11981 12044
f 12044 11981 11982
f 12044 11982 12045
f 12045 11982 12046
f 12045 12046 11995
f 11995 12046 11994
f 11994 12046 12047
f 11994 12047 11993
f 11993 12047 12048
f 11993 12048 11992
f 11992 12048 12049
f 11992 12049 11991
f 11991 12049 12050
f 11991 12050 11990
f 11990 12050 12051
f 11990 12051 11989
f 11989 12051 11988
f 11988 12051 11987
f 11987 12051 12050
f 11987 12050 11986
f 11986 12050 12049
f 11986 12049 11985
f 11985 12049 12048
f 11985 12048 11984
f 11984 12048 12047
f 11984 12047 11983
f 11983 12047 12046
f 11983 12046 11982
f 12045 11995 12044
f 12044 11995 11996
f 12044 11996 12043
f 12043 11996 11997
f 12043 11997 12042
f 12042 11997 11998
f 12042 11998 12041
f 12041 11998 11999
f 12041 11999 12040
f 12040 11999 12000
f 12040 12000 12039
f 12039 12000 12001
f 12113 11956 12115
f 12115 11956 11955
f 12115 11955 12052
f 12115 12052 12114
f 12114 12052 12053
f 12114 12053 12116
f 12116 12053 12054
f 12116 12054 12117
f 12117 12054 12055
f 12117 12055 12118
f 12118 12055 12056
f 12118 12056 12119
f 12119 12056 12057
f 12119 12057 12120
f 12120 12057 12121
f 12120 12121 12108
f 12108 12121 12107
f 12107 12121 12122
f 12107 12122 12106
f 12106 12122 12123
f 12106 12123 12105
f 12105 12123 12124
f 12105 12124 12104
f 12104 12124 12125
f 12104 12125 12103
f 12103 12125 12126
f 12103 12126 12102
f 12102 12126 12127
f 12102 12127 12128
f 12128 12127 12063
f 12128 12063 12064
f 12057 12058 12121
f 12121 12058 12122
f 12058 12059 12122
f 12122 12059 12123
f 12059 12060 12123
f 12123 12060 12124
f 12060 12061 12124
f 12124 12061 12125
f 12061 12062 12125
f 12125 12062 12126
f 12062 12063 12126
f 12126 12063 12127
f 12128 12064 12129
f 12129 12064 12065
f 12129 12065 12130
f 12130 12065 12066
f 12130 12066 12131
f 12131 12066 12067
f 12131 12067 12068
f 12131 12068 12132
f 12132 12068 12069
f 12132 12069 12133
f 12133 12069 12070
f 12133 12070 12134
f 12134 12070 12071
f 12134 12071 12135
f 12135 12071 12072
f 12135 12072 12136
f 12136 12072 12073
f 12136 12073 12137
f 12137 12073 12074
f 12137 12074 12138
f 12138 12074 12075
f 12138 12075 12076
f 12138 12076 12139
f 12139 12076 12077
f 12139 12077 12140
f 12140 12077 12078
f 12140 12078 12141
f 12141 12078 12079
f 12141 12079 12142
f 12142 12079 12080
f 12142 12080 12143
f 12143 12080 12081
f 12143 12081 12144
f 12144 12081 12082
f 12144 12082 11988
f 11988 12082 11989
f 11988 12083 12144
f 12144 12083 12084
f 12144 12084 12143
f 12143 12084 12085
f 12143 12085 12142
f 12142 12085 12086
f 12142 12086 12141
f 12141 12086 12087
f 12141 12087 12140
f 12140 12087 12088
f 12140 12088 12139
f 12139 12088 12089
f 12139 12089 12138
f 12138 12089 12090
f 12138 12090 12091
f 12138 12091 12137
f 12137 12091 12092
f 12137 12092 12136
f 12136 12092 12093
f 12136 12093 12135
f 12135 12093 12094
f 12135 12094 12134
f 12134 12094 12095
f 12134 12095 12133
f 12133 12095 12096
f 12133 12096 12132
f 12132 12096 12097
f 12132 12097 12131
f 12131 12097 12098
f 12131 12098 12099
f 12131 12099 12130
f 12130 12099 12100
f 12130 12100 12129
f 12129 12100 12101
f 12129 12101 12128
f 12128 12101 12102
f 12120 12108 12119
f 12119 12108 12109
f 12119 12109 12118
f 12118 12109 12110
f 12118 12110 12117
f 12117 12110 12111
f 12117 12111 12116
f 12116 12111 12112
f 12116 12112 12114
f 12114 12112 12113
f 12114 12113 12115
f 12083 11988 12145
f 12145 11988 11987
f 12145 11987 11986
f 11986 11985 12145
f 12145 11985 11984
f 12145 11984 11983
f 11983 11982 12145
f 12145 11982 11981
f 12145 11981 11980
f 11980 11979 12145
f 12145 11979 11978
f 12145 11978 11977
f 11977 11976 12145
f 12145 11976 11975
f 12145 11975 11974
f 11974 11973 12145
f 12145 11973 11972
f 12145 11972 11971
f 11971 11970 12145
f 12145 11970 11969
f 12145 11969 11968
f 11968 11967 12145
f 12145 11967 11966
f 12145 11966 11965
f 11965 11964 12145
f 12145 11964 11963
f 12145 11963 11962
f 11962 11961 12145
f 12145 11961 11960
f 12145 11960 11959
f 11959 11958 12145
f 12145 11958 11957
f 12145 11957 11956
f 11956 12113 12145
f 12145 12113 12112
f 12145 12112 12111
f 12111 12110 12145
f 12145 12110 12109
f 12145 12109 12108
f 12108 12107 12145
f 12145 12107 12106
f 12145 12106 12105
f 12105 12104 12145
f 12145 12104 12103
f 12145 12103 12102
f 12102 12101 12145
f 12145 12101 12100
f 12145 12100 12099
f 12099 12098 12145
f 12145 12098 12097
f 12145 12097 12096
f 12096 12095 12145
f 12145 12095 12094
f 12145 12094 12093
f 12093 12092 12145
f 12145 12092 12091
f 12145 12091 12090
f 12090 12089 12145
f 12145 12089 12088
f 12145 12088 12087
f 12087 12086 12145
f 12145 12086 12085
f 12145 12085 12084
f 12084 12083 12145
f 12052 11955 12146
f 12146 11955 12020
f 12146 12020 12019
f 12019 12018 12146
f 12146 12018 12017
f 12146 12017 12016
f 12016 12015 12146
f 12146 12015 12014
f 12146 12014 12013
f 12013 12012 12146
f 12146 12012 12011
f 12146 12011 12010
f 12010 12009 12146
f 12146 12009 12008
f 12146 12008 12007
f 12007 12006 12146
f 12146 12006 12005
f 12146 12005 12004
f 12004 12003 12146
f 12146 12003 12002
f 12146 12002 12001
f 12001 12000 12146
f 12146 12000 11999
f 12146 11999 11998
f 11998 11997 12146
f 12146 11997 11996
f 12146 11996 11995
f 11995 11994 12146
f 12146 11994 11993
f 12146 11993 11992
f 11992 11991 12146
f 12146 11991 11990
f 12146 11990 11989
f 11989 12082 12146
f 12146 12082 12081
f 12146 12081 12080
f 12080 12079 12146
f 12146 12079 12078
f 12146 12078 12077
f 12077 12076 12146
f 12146 12076 12075
f 12146 12075 12074
f 12074 12073 12146
f 12146 12073 12072
f 12146 12072 12071
f 12071 12070 12146
f 12146 12070 12069
f 12146 12069 12068
f 12068 12067 12146
f 12146 12067 12066
f 12146 12066 12065
f 12065 12064 12146
f 12146 12064 12063
f 12146 12063 12062
f 12062 12061 12146
f 12146 12061 12060
f 12146 12060 12059
f 12059 12058 12146
f 12146 12058 12057
f 12146 12057 12056
f 12056 12055 12146
f 12146 12055 12054
f 12146 12054 12053
f 12053 12052 12146
g MeshBody63

v 108.116554 200.964798 1.320800
v 108.116554 200.964798 1.371600
v 108.120407 201.050385 1.371600
v 108.132462 201.138107 1.371600
v 108.153320 201.226883 1.371600
v 108.183434 201.315399 1.371600
v 108.222969 201.402283 1.371600
v 108.271820 201.486008 1.371600
v 108.329575 201.565155 1.371600
v 108.395531 201.638306 1.371600
v 108.468697 201.704269 1.371600
v 108.547836 201.762039 1.371600
v 108.631577 201.810898 1.371600
v 108.718437 201.850433 1.371600
v 108.806961 201.880524 1.371600
v 108.895737 201.901398 1.371600
v 108.983459 201.913452 1.371600
v 109.069061 201.917297 1.371600
v 109.154640 201.913452 1.371600
v 109.242371 201.901398 1.371600
v 109.331146 201.880524 1.371600
v 109.419670 201.850433 1.371600
v 109.506531 201.810898 1.371600
v 109.590263 201.762039 1.371600
v 109.669411 201.704269 1.371600
v 109.742577 201.638306 1.371600
v 109.808525 201.565155 1.371600
v 109.866295 201.486008 1.371600
v 109.915138 201.402283 1.371600
v 109.954674 201.315399 1.371600
v 109.984787 201.226883 1.371600
v 110.005646 201.138107 1.371600
v 110.017700 201.050385 1.371600
v 110.021561 200.964798 1.371600
v 110.021561 200.964798 1.320800
v 110.017700 201.050385 1.320800
v 110.005646 201.138107 1.320800
v 109.984787 201.226883 1.320800
v 109.954674 201.315399 1.320800
v 109.915138 201.402283 1.320800
v 109.866295 201.486008 1.320800
v 109.808525 201.565155 1.320800
v 109.742577 201.638306 1.320800
v 109.669411 201.704269 1.320800
v 109.590263 201.762039 1.320800
v 109.506531 201.810898 1.320800
v 109.419670 201.850433 1.320800
v 109.331146 201.880524 1.320800
v 109.242371 201.901398 1.320800
v 109.154640 201.913452 1.320800
v 109.069061 201.917297 1.320800
v 108.983459 201.913452 1.320800
v 108.895737 201.901398 1.320800
v 108.806961 201.880524 1.320800
v 108.718437 201.850433 1.320800
v 108.631577 201.810898 1.320800
v 108.547836 201.762039 1.320800
v 108.468697 201.704269 1.320800
v 108.395531 201.638306 1.320800
v 108.329575 201.565155 1.320800
v 108.271820 201.486008 1.320800
v 108.222969 201.402283 1.320800
v 108.183434 201.315399 1.320800
v 108.153320 201.226883 1.320800
v 108.132462 201.138107 1.320800
v 108.120407 201.050385 1.320800
v 108.121605 201.062805 1.346200
v 108.137497 201.163437 1.346200
v 108.165070 201.264938 1.346200
v 108.204865 201.365341 1.346200
v 108.256927 201.462494 1.346200
v 108.320801 201.554184 1.346200
v 108.395531 201.638306 1.346200
v 108.479668 201.713058 1.346200
v 108.571358 201.776932 1.346200
v 108.668510 201.828979 1.346200
v 108.768921 201.868774 1.346200
v 108.870430 201.896362 1.346200
v 108.971039 201.912247 1.346200
v 109.069061 201.917297 1.346200
v 109.167068 201.912247 1.346200
v 109.267677 201.896362 1.346200
v 109.343834 201.876801 1.346200
v 109.419670 201.850433 1.346200
v 109.494278 201.817123 1.346200
v 109.566750 201.776932 1.346200
v 109.636147 201.730087 1.346200
v 109.701576 201.676956 1.346200
v 109.762207 201.618103 1.346200
v 109.817307 201.554184 1.346200
v 109.866295 201.486008 1.346200
v 109.908722 201.414459 1.346200
v 109.944344 201.340454 1.346200
v 109.973030 201.264938 1.346200
v 109.994843 201.188797 1.346200
v 110.009972 201.112900 1.346200
v 110.018738 201.037994 1.346200
v 108.120407 200.879211 1.320800
v 108.132462 200.791489 1.320800
v 108.153320 200.702713 1.320800
v 108.183434 200.614182 1.320800
v 108.222969 200.527313 1.320800
v 108.271820 200.443573 1.320800
v 108.329575 200.364441 1.320800
v 108.395531 200.291275 1.320800
v 108.468697 200.225311 1.320800
v 108.547836 200.167572 1.320800
v 108.631577 200.118713 1.320800
v 108.718437 200.079178 1.320800
v 108.806961 200.049072 1.320800
v 108.895737 200.028198 1.320800
v 108.983459 200.016144 1.320800
v 109.069061 200.012299 1.320800
v 109.154640 200.016144 1.320800
v 109.242371 200.028198 1.320800
v 109.331146 200.049072 1.320800
v 109.419670 200.079178 1.320800
v 109.506531 200.118713 1.320800
v 109.590263 200.167572 1.320800
v 109.669411 200.225311 1.320800
v 109.742577 200.291275 1.320800
v 109.808525 200.364441 1.320800
v 109.866295 200.443573 1.320800
v 109.915138 200.527313 1.320800
v 109.954674 200.614182 1.320800
v 109.984787 200.702713 1.320800
v 110.005646 200.791489 1.320800
v 110.017700 200.879211 1.320800
v 110.017700 200.879211 1.371600
v 110.005646 200.791489 1.371600
v 109.984787 200.702713 1.371600
v 109.954674 200.614182 1.371600
v 109.915138 200.527313 1.371600
v 109.866295 200.443573 1.371600
v 109.808525 200.364441 1.371600
v 109.742577 200.291275 1.371600
v 109.669411 200.225311 1.371600
v 109.590263 200.167572 1.371600
v 109.506531 200.118713 1.371600
v 109.419670 200.079178 1.371600
v 109.331146 200.049072 1.371600
v 109.242371 200.028198 1.371600
v 109.154640 200.016144 1.371600
v 109.069061 200.012299 1.371600
v 108.983459 200.016144 1.371600
v 108.895737 200.028198 1.371600
v 108.806961 200.049072 1.371600
v 108.718437 200.079178 1.371600
v 108.631577 200.118713 1.371600
v 108.547836 200.167572 1.371600
v 108.468697 200.225311 1.371600
v 108.395531 200.291275 1.371600
v 108.329575 200.364441 1.371600
v 108.271820 200.443573 1.371600
v 108.222969 200.527313 1.371600
v 108.183434 200.614182 1.371600
v 108.153320 200.702713 1.371600
v 108.132462 200.791489 1.371600
v 108.120407 200.879211 1.371600
v 108.128136 200.816696 1.346200
v 108.119370 200.891586 1.346200
v 108.143265 200.740799 1.346200
v 108.165070 200.664673 1.346200
v 108.193764 200.589127 1.346200
v 108.229378 200.515121 1.346200
v 108.271820 200.443573 1.346200
v 108.320801 200.375397 1.346200
v 108.375900 200.311493 1.346200
v 108.436531 200.252640 1.346200
v 108.501961 200.199524 1.346200
v 108.571358 200.152664 1.346200
v 108.643829 200.112488 1.346200
v 108.718437 200.079178 1.346200
v 108.794266 200.052780 1.346200
v 108.870430 200.033234 1.346200
v 108.971039 200.017365 1.346200
v 109.069061 200.012299 1.346200
v 109.167068 200.017365 1.346200
v 109.267677 200.033234 1.346200
v 109.369186 200.060822 1.346200
v 109.469597 200.100616 1.346200
v 109.566750 200.152664 1.346200
v 109.658440 200.216553 1.346200
v 109.742577 200.291275 1.346200
v 109.817307 200.375397 1.346200
v 109.881180 200.467102 1.346200
v 109.933243 200.564240 1.346200
v 109.973030 200.664673 1.346200
v 110.000610 200.766174 1.346200
v 110.016502 200.866791 1.346200
v 109.069061 200.964798 1.371600
v 109.069061 200.964798 1.320800
f 12147 12148 12212
f 12212 12148 12213
f 12212 12213 12211
f 12211 12213 12214
f 12211 12214 12210
f 12210 12214 12215
f 12210 12215 12209
f 12209 12215 12216
f 12209 12216 12208
f 12208 12216 12217
f 12208 12217 12207
f 12207 12217 12218
f 12207 12218 12206
f 12206 12218 12219
f 12206 12219 12205
f 12205 12219 12204
f 12204 12219 12220
f 12204 12220 12203
f 12203 12220 12221
f 12203 12221 12202
f 12202 12221 12222
f 12202 12222 12201
f 12201 12222 12223
f 12201 12223 12200
f 12200 12223 12224
f 12200 12224 12199
f 12199 12224 12225
f 12199 12225 12198
f 12198 12225 12226
f 12198 12226 12197
f 12197 12226 12196
f 12196 12226 12227
f 12196 12227 12195
f 12195 12227 12228
f 12195 12228 12194
f 12194 12228 12229
f 12194 12229 12193
f 12193 12229 12230
f 12193 12230 12231
f 12231 12230 12168
f 12231 12168 12169
f 12148 12149 12213
f 12213 12149 12150
f 12213 12150 12214
f 12214 12150 12151
f 12214 12151 12215
f 12215 12151 12152
f 12215 12152 12216
f 12216 12152 12153
f 12216 12153 12217
f 12217 12153 12154
f 12217 12154 12218
f 12218 12154 12155
f 12218 12155 12219
f 12219 12155 12156
f 12219 12156 12157
f 12219 12157 12220
f 12220 12157 12158
f 12220 12158 12221
f 12221 12158 12159
f 12221 12159 12222
f 12222 12159 12160
f 12222 12160 12223
f 12223 12160 12161
f 12223 12161 12224
f 12224 12161 12162
f 12224 12162 12225
f 12225 12162 12163
f 12225 12163 12226
f 12226 12163 12164
f 12226 12164 12165
f 12226 12165 12227
f 12227 12165 12166
f 12227 12166 12228
f 12228 12166 12167
f 12228 12167 12229
f 12229 12167 12168
f 12229 12168 12230
f 12231 12169 12232
f 12232 12169 12170
f 12232 12170 12233
f 12233 12170 12171
f 12233 12171 12234
f 12234 12171 12172
f 12234 12172 12235
f 12235 12172 12173
f 12235 12173 12236
f 12236 12173 12174
f 12236 12174 12237
f 12237 12174 12238
f 12237 12238 12187
f 12187 12238 12186
f 12186 12238 12239
f 12186 12239 12185
f 12185 12239 12240
f 12185 12240 12184
f 12184 12240 12241
f 12184 12241 12183
f 12183 12241 12242
f 12183 12242 12182
f 12182 12242 12243
f 12182 12243 12181
f 12181 12243 12180
f 12180 12243 12179
f 12179 12243 12242
f 12179 12242 12178
f 12178 12242 12241
f 12178 12241 12177
f 12177 12241 12240
f 12177 12240 12176
f 12176 12240 12239
f 12176 12239 12175
f 12175 12239 12238
f 12175 12238 12174
f 12237 12187 12236
f 12236 12187 12188
f 12236 12188 12235
f 12235 12188 12189
f 12235 12189 12234
f 12234 12189 12190
f 12234 12190 12233
f 12233 12190 12191
f 12233 12191 12232
f 12232 12191 12192
f 12232 12192 12231
f 12231 12192 12193
f 12305 12148 12307
f 12307 12148 12147
f 12307 12147 12244
f 12307 12244 12306
f 12306 12244 12245
f 12306 12245 12308
f 12308 12245 12246
f 12308 12246 12309
f 12309 12246 12247
f 12309 12247 12310
f 12310 12247 12248
f 12310 12248 12311
f 12311 12248 12249
f 12311 12249 12312
f 12312 12249 12313
f 12312 12313 12300
f 12300 12313 12299
f 12299 12313 12314
f 12299 12314 12298
f 12298 12314 12315
f 12298 12315 12297
f 12297 12315 12316
f 12297 12316 12296
f 12296 12316 12317
f 12296 12317 12295
f 12295 12317 12318
f 12295 12318 12294
f 12294 12318 12319
f 12294 12319 12320
f 12320 12319 12255
f 12320 12255 12256
f 12249 12250 12313
f 12313 12250 12314
f 12250 12251 12314
f 12314 12251 12315
f 12251 12252 12315
f 12315 12252 12316
f 12252 12253 12316
f 12316 12253 12317
f 12253 12254 12317
f 12317 12254 12318
f 12254 12255 12318
f 12318 12255 12319
f 12320 12256 12321
f 12321 12256 12257
f 12321 12257 12322
f 12322 12257 12258
f 12322 12258 12323
f 12323 12258 12259
f 12323 12259 12260
f 12323 12260 12324
f 12324 12260 12261
f 12324 12261 12325
f 12325 12261 12262
f 12325 12262 12326
f 12326 12262 12263
f 12326 12263 12327
f 12327 12263 12264
f 12327 12264 12328
f 12328 12264 12265
f 12328 12265 12329
f 12329 12265 12266
f 12329 12266 12330
f 12330 12266 12267
f 12330 12267 12268
f 12330 12268 12331
f 12331 12268 12269
f 12331 12269 12332
f 12332 12269 12270
f 12332 12270 12333
f 12333 12270 12271
f 12333 12271 12334
f 12334 12271 12272
f 12334 12272 12335
f 12335 12272 12273
f 12335 12273 12336
f 12336 12273 12274
f 12336 12274 12180
f 12180 12274 12181
f 12180 12275 12336
f 12336 12275 12276
f 12336 12276 12335
f 12335 12276 12277
f 12335 12277 12334
f 12334 12277 12278
f 12334 12278 12333
f 12333 12278 12279
f 12333 12279 12332
f 12332 12279 12280
f 12332 12280 12331
f 12331 12280 12281
f 12331 12281 12330
f 12330 12281 12282
f 12330 12282 12283
f 12330 12283 12329
f 12329 12283 12284
f 12329 12284 12328
f 12328 12284 12285
f 12328 12285 12327
f 12327 12285 12286
f 12327 12286 12326
f 12326 12286 12287
f 12326 12287 12325
f 12325 12287 12288
f 12325 12288 12324
f 12324 12288 12289
f 12324 12289 12323
f 12323 12289 12290
f 12323 12290 12291
f 12323 12291 12322
f 12322 12291 12292
f 12322 12292 12321
f 12321 12292 12293
f 12321 12293 12320
f 12320 12293 12294
f 12312 12300 12311
f 12311 12300 12301
f 12311 12301 12310
f 12310 12301 12302
f 12310 12302 12309
f 12309 12302 12303
f 12309 12303 12308
f 12308 12303 12304
f 12308 12304 12306
f 12306 12304 12305
f 12306 12305 12307
f 12275 12180 12337
f 12337 12180 12179
f 12337 12179 12178
f 12178 12177 12337
f 12337 12177 12176
f 12337 12176 12175
f 12175 12174 12337
f 12337 12174 12173
f 12337 12173 12172
f 12172 12171 12337
f 12337 12171 12170
f 12337 12170 12169
f 12169 12168 12337
f 12337 12168 12167
f 12337 12167 12166
f 12166 12165 12337
f 12337 12165 12164
f 12337 12164 12163
f 12163 12162 12337
f 12337 12162 12161
f 12337 12161 12160
f 12160 12159 12337
f 12337 12159 12158
f 12337 12158 12157
f 12157 12156 12337
f 12337 12156 12155
f 12337 12155 12154
f 12154 12153 12337
f 12337 12153 12152
f 12337 12152 12151
f 12151 12150 12337
f 12337 12150 12149
f 12337 12149 12148
f 12148 12305 12337
f 12337 12305 12304
f 12337 12304 12303
f 12303 12302 12337
f 12337 12302 12301
f 12337 12301 12300
f 12300 12299 12337
f 12337 12299 12298
f 12337 12298 12297
f 12297 12296 12337
f 12337 12296 12295
f 12337 12295 12294
f 12294 12293 12337
f 12337 12293 12292
f 12337 12292 12291
f 12291 12290 12337
f 12337 12290 12289
f 12337 12289 12288
f 12288 12287 12337
f 12337 12287 12286
f 12337 12286 12285
f 12285 12284 12337
f 12337 12284 12283
f 12337 12283 12282
f 12282 12281 12337
f 12337 12281 12280
f 12337 12280 12279
f 12279 12278 12337
f 12337 12278 12277
f 12337 12277 12276
f 12276 12275 12337
f 12244 12147 12338
f 12338 12147 12212
f 12338 12212 12211
f 12211 12210 12338
f 12338 12210 12209
f 12338 12209 12208
f 12208 12207 12338
f 12338 12207 12206
f 12338 12206 12205
f 12205 12204 12338
f 12338 12204 12203
f 12338 12203 12202
f 12202 12201 12338
f 12338 12201 12200
f 12338 12200 12199
f 12199 12198 12338
f 12338 12198 12197
f 12338 12197 12196
f 12196 12195 12338
f 12338 12195 12194
f 12338 12194 12193
f 12193 12192 12338
f 12338 12192 12191
f 12338 12191 12190
f 12190 12189 12338
f 12338 12189 12188
f 12338 12188 12187
f 12187 12186 12338
f 12338 12186 12185
f 12338 12185 12184
f 12184 12183 12338
f 12338 12183 12182
f 12338 12182 12181
f 12181 12274 12338
f 12338 12274 12273
f 12338 12273 12272
f 12272 12271 12338
f 12338 12271 12270
f 12338 12270 12269
f 12269 12268 12338
f 12338 12268 12267
f 12338 12267 12266
f 12266 12265 12338
f 12338 12265 12264
f 12338 12264 12263
f 12263 12262 12338
f 12338 12262 12261
f 12338 12261 12260
f 12260 12259 12338
f 12338 12259 12258
f 12338 12258 12257
f 12257 12256 12338
f 12338 12256 12255
f 12338 12255 12254
f 12254 12253 12338
f 12338 12253 12252
f 12338 12252 12251
f 12251 12250 12338
f 12338 12250 12249
f 12338 12249 12248
f 12248 12247 12338
f 12338 12247 12246
f 12338 12246 12245
f 12245 12244 12338
g MeshBody64

v 133.211746 50.393600 1.320800
v 133.211746 50.393600 1.371600
v 133.215607 50.479187 1.371600
v 133.227646 50.566917 1.371600
v 133.248520 50.655685 1.371600
v 133.278625 50.744209 1.371600
v 133.318161 50.831078 1.371600
v 133.367020 50.914818 1.371600
v 133.424774 50.993961 1.371600
v 133.490738 51.067120 1.371600
v 133.563889 51.133076 1.371600
v 133.643036 51.190838 1.371600
v 133.726776 51.239693 1.371600
v 133.813644 51.279224 1.371600
v 133.902161 51.309334 1.371600
v 133.990936 51.330200 1.371600
v 134.078659 51.342247 1.371600
v 134.164246 51.346100 1.371600
v 134.249832 51.342247 1.371600
v 134.337570 51.330200 1.371600
v 134.426331 51.309334 1.371600
v 134.514862 51.279224 1.371600
v 134.601730 51.239693 1.371600
v 134.685471 51.190838 1.371600
v 134.764618 51.133076 1.371600
v 134.837769 51.067120 1.371600
v 134.903732 50.993961 1.371600
v 134.961487 50.914818 1.371600
v 135.010345 50.831078 1.371600
v 135.049881 50.744209 1.371600
v 135.079987 50.655685 1.371600
v 135.100845 50.566917 1.371600
v 135.112900 50.479187 1.371600
v 135.116745 50.393600 1.371600
v 135.116745 50.393600 1.320800
v 135.112900 50.479187 1.320800
v 135.100845 50.566917 1.320800
v 135.079987 50.655685 1.320800
v 135.049881 50.744209 1.320800
v 135.010345 50.831078 1.320800
v 134.961487 50.914818 1.320800
v 134.903732 50.993961 1.320800
v 134.837769 51.067120 1.320800
v 134.764618 51.133076 1.320800
v 134.685471 51.190838 1.320800
v 134.601730 51.239693 1.320800
v 134.514862 51.279224 1.320800
v 134.426331 51.309334 1.320800
v 134.337570 51.330200 1.320800
v 134.249832 51.342247 1.320800
v 134.164246 51.346100 1.320800
v 134.078659 51.342247 1.320800
v 133.990936 51.330200 1.320800
v 133.902161 51.309334 1.320800
v 133.813644 51.279224 1.320800
v 133.726776 51.239693 1.320800
v 133.643036 51.190838 1.320800
v 133.563889 51.133076 1.320800
v 133.490738 51.067120 1.320800
v 133.424774 50.993961 1.320800
v 133.367020 50.914818 1.320800
v 133.318161 50.831078 1.320800
v 133.278625 50.744209 1.320800
v 133.248520 50.655685 1.320800
v 133.227646 50.566917 1.320800
v 133.215607 50.479187 1.320800
v 133.216812 50.491611 1.346200
v 133.232697 50.592232 1.346200
v 133.260269 50.693737 1.346200
v 133.300064 50.794147 1.346200
v 133.352127 50.891296 1.346200
v 133.416000 50.982986 1.346200
v 133.490738 51.067120 1.346200
v 133.574875 51.141850 1.346200
v 133.666565 51.205730 1.346200
v 133.763702 51.257786 1.346200
v 133.864120 51.297577 1.346200
v 133.965622 51.325157 1.346200
v 134.066238 51.341042 1.346200
v 134.164246 51.346100 1.346200
v 134.262268 51.341042 1.346200
v 134.362885 51.325157 1.346200
v 134.439026 51.305603 1.346200
v 134.514862 51.279224 1.346200
v 134.589478 51.245911 1.346200
v 134.661957 51.205730 1.346200
v 134.731354 51.158882 1.346200
v 134.796768 51.105762 1.346200
v 134.857391 51.046902 1.346200
v 134.912506 50.982986 1.346200
v 134.961487 50.914818 1.346200
v 135.003922 50.843266 1.346200
v 135.039551 50.769260 1.346200
v 135.068222 50.693737 1.346200
v 135.090042 50.617599 1.346200
v 135.105179 50.541695 1.346200
v 135.113937 50.466801 1.346200
v 133.215607 50.308014 1.320800
v 133.227646 50.220284 1.320800
v 133.248520 50.131512 1.320800
v 133.278625 50.042992 1.320800
v 133.318161 49.956123 1.320800
v 133.367020 49.872383 1.320800
v 133.424774 49.793240 1.320800
v 133.490738 49.720081 1.320800
v 133.563889 49.654125 1.320800
v 133.643036 49.596363 1.320800
v 133.726776 49.547508 1.320800
v 133.813644 49.507977 1.320800
v 133.902161 49.477867 1.320800
v 133.990936 49.457001 1.320800
v 134.078659 49.444950 1.320800
v 134.164246 49.441101 1.320800
v 134.249832 49.444950 1.320800
v 134.337570 49.457001 1.320800
v 134.426331 49.477867 1.320800
v 134.514862 49.507977 1.320800
v 134.601730 49.547508 1.320800
v 134.685471 49.596363 1.320800
v 134.764618 49.654125 1.320800
v 134.837769 49.720081 1.320800
v 134.903732 49.793240 1.320800
v 134.961487 49.872383 1.320800
v 135.010345 49.956123 1.320800
v 135.049881 50.042992 1.320800
v 135.079987 50.131512 1.320800
v 135.100845 50.220284 1.320800
v 135.112900 50.308014 1.320800
v 135.112900 50.308014 1.371600
v 135.100845 50.220284 1.371600
v 135.079987 50.131512 1.371600
v 135.049881 50.042992 1.371600
v 135.010345 49.956123 1.371600
v 134.961487 49.872383 1.371600
v 134.903732 49.793240 1.371600
v 134.837769 49.720081 1.371600
v 134.764618 49.654125 1.371600
v 134.685471 49.596363 1.371600
v 134.601730 49.547508 1.371600
v 134.514862 49.507977 1.371600
v 134.426331 49.477867 1.371600
v 134.337570 49.457001 1.371600
v 134.249832 49.444950 1.371600
v 134.164246 49.441101 1.371600
v 134.078659 49.444950 1.371600
v 133.990936 49.457001 1.371600
v 133.902161 49.477867 1.371600
v 133.813644 49.507977 1.371600
v 133.726776 49.547508 1.371600
v 133.643036 49.596363 1.371600
v 133.563889 49.654125 1.371600
v 133.490738 49.720081 1.371600
v 133.424774 49.793240 1.371600
v 133.367020 49.872383 1.371600
v 133.318161 49.956123 1.371600
v 133.278625 50.042992 1.371600
v 133.248520 50.131512 1.371600
v 133.227646 50.220284 1.371600
v 133.215607 50.308014 1.371600
v 133.223343 50.245502 1.346200
v 133.214569 50.320396 1.346200
v 133.238464 50.169601 1.346200
v 133.260269 50.093464 1.346200
v 133.288971 50.017941 1.346200
v 133.324570 49.943932 1.346200
v 133.367020 49.872383 1.346200
v 133.416000 49.804211 1.346200
v 133.471100 49.740295 1.346200
v 133.531738 49.681438 1.346200
v 133.597153 49.628319 1.346200
v 133.666565 49.581470 1.346200
v 133.739029 49.541286 1.346200
v 133.813644 49.507977 1.346200
v 133.889465 49.481598 1.346200
v 133.965622 49.462040 1.346200
v 134.066238 49.446159 1.346200
v 134.164246 49.441101 1.346200
v 134.262268 49.446159 1.346200
v 134.362885 49.462040 1.346200
v 134.464386 49.489624 1.346200
v 134.564804 49.529411 1.346200
v 134.661957 49.581470 1.346200
v 134.753647 49.645351 1.346200
v 134.837769 49.720081 1.346200
v 134.912506 49.804211 1.346200
v 134.976379 49.895901 1.346200
v 135.028442 49.993053 1.346200
v 135.068222 50.093464 1.346200
v 135.095810 50.194969 1.346200
v 135.111694 50.295586 1.346200
v 134.164246 50.393600 1.371600
v 134.164246 50.393600 1.320800
f 12339 12340 12404
f 12404 12340 12405
f 12404 12405 12403
f 12403 12405 12406
f 12403 12406 12402
f 12402 12406 12407
f 12402 12407 12401
f 12401 12407 12408
f 12401 12408 12400
f 12400 12408 12409
f 12400 12409 12399
f 12399 12409 12410
f 12399 12410 12398
f 12398 12410 12411
f 12398 12411 12397
f 12397 12411 12396
f 12396 12411 12412
f 12396 12412 12395
f 12395 12412 12413
f 12395 12413 12394
f 12394 12413 12414
f 12394 12414 12393
f 12393 12414 12415
f 12393 12415 12392
f 12392 12415 12416
f 12392 12416 12391
f 12391 12416 12417
f 12391 12417 12390
f 12390 12417 12418
f 12390 12418 12389
f 12389 12418 12388
f 12388 12418 12419
f 12388 12419 12387
f 12387 12419 12420
f 12387 12420 12386
f 12386 12420 12421
f 12386 12421 12385
f 12385 12421 12422
f 12385 12422 12423
f 12423 12422 12360
f 12423 12360 12361
f 12340 12341 12405
f 12405 12341 12342
f 12405 12342 12406
f 12406 12342 12343
f 12406 12343 12407
f 12407 12343 12344
f 12407 12344 12408
f 12408 12344 12345
f 12408 12345 12409
f 12409 12345 12346
f 12409 12346 12410
f 12410 12346 12347
f 12410 12347 12411
f 12411 12347 12348
f 12411 12348 12349
f 12411 12349 12412
f 12412 12349 12350
f 12412 12350 12413
f 12413 12350 12351
f 12413 12351 12414
f 12414 12351 12352
f 12414 12352 12415
f 12415 12352 12353
f 12415 12353 12416
f 12416 12353 12354
f 12416 12354 12417
f 12417 12354 12355
f 12417 12355 12418
f 12418 12355 12356
f 12418 12356 12357
f 12418 12357 12419
f 12419 12357 12358
f 12419 12358 12420
f 12420 12358 12359
f 12420 12359 12421
f 12421 12359 12360
f 12421 12360 12422
f 12423 12361 12424
f 12424 12361 12362
f 12424 12362 12425
f 12425 12362 12363
f 12425 12363 12426
f 12426 12363 12364
f 12426 12364 12427
f 12427 12364 12365
f 12427 12365 12428
f 12428 12365 12366
f 12428 12366 12429
f 12429 12366 12430
f 12429 12430 12379
f 12379 12430 12378
f 12378 12430 12431
f 12378 12431 12377
f 12377 12431 12432
f 12377 12432 12376
f 12376 12432 12433
f 12376 12433 12375
f 12375 12433 12434
f 12375 12434 12374
f 12374 12434 12435
f 12374 12435 12373
f 12373 12435 12372
f 12372 12435 12371
f 12371 12435 12434
f 12371 12434 12370
f 12370 12434 12433
f 12370 12433 12369
f 12369 12433 12432
f 12369 12432 12368
f 12368 12432 12431
f 12368 12431 12367
f 12367 12431 12430
f 12367 12430 12366
f 12429 12379 12428
f 12428 12379 12380
f 12428 12380 12427
f 12427 12380 12381
f 12427 12381 12426
f 12426 12381 12382
f 12426 12382 12425
f 12425 12382 12383
f 12425 12383 12424
f 12424 12383 12384
f 12424 12384 12423
f 12423 12384 12385
f 12497 12340 12499
f 12499 12340 12339
f 12499 12339 12436
f 12499 12436 12498
f 12498 12436 12437
f 12498 12437 12500
f 12500 12437 12438
f 12500 12438 12501
f 12501 12438 12439
f 12501 12439 12502
f 12502 12439 12440
f 12502 12440 12503
f 12503 12440 12441
f 12503 12441 12504
f 12504 12441 12505
f 12504 12505 12492
f 12492 12505 12491
f 12491 12505 12506
f 12491 12506 12490
f 12490 12506 12507
f 12490 12507 12489
f 12489 12507 12508
f 12489 12508 12488
f 12488 12508 12509
f 12488 12509 12487
f 12487 12509 12510
f 12487 12510 12486
f 12486 12510 12511
f 12486 12511 12512
f 12512 12511 12447
f 12512 12447 12448
f 12441 12442 12505
f 12505 12442 12506
f 12442 12443 12506
f 12506 12443 12507
f 12443 12444 12507
f 12507 12444 12508
f 12444 12445 12508
f 12508 12445 12509
f 12445 12446 12509
f 12509 12446 12510
f 12446 12447 12510
f 12510 12447 12511
f 12512 12448 12513
f 12513 12448 12449
f 12513 12449 12514
f 12514 12449 12450
f 12514 12450 12515
f 12515 12450 12451
f 12515 12451 12452
f 12515 12452 12516
f 12516 12452 12453
f 12516 12453 12517
f 12517 12453 12454
f 12517 12454 12518
f 12518 12454 12455
f 12518 12455 12519
f 12519 12455 12456
f 12519 12456 12520
f 12520 12456 12457
f 12520 12457 12521
f 12521 12457 12458
f 12521 12458 12522
f 12522 12458 12459
f 12522 12459 12460
f 12522 12460 12523
f 12523 12460 12461
f 12523 12461 12524
f 12524 12461 12462
f 12524 12462 12525
f 12525 12462 12463
f 12525 12463 12526
f 12526 12463 12464
f 12526 12464 12527
f 12527 12464 12465
f 12527 12465 12528
f 12528 12465 12466
f 12528 12466 12372
f 12372 12466 12373
f 12372 12467 12528
f 12528 12467 12468
f 12528 12468 12527
f 12527 12468 12469
f 12527 12469 12526
f 12526 12469 12470
f 12526 12470 12525
f 12525 12470 12471
f 12525 12471 12524
f 12524 12471 12472
f 12524 12472 12523
f 12523 12472 12473
f 12523 12473 12522
f 12522 12473 12474
f 12522 12474 12475
f 12522 12475 12521
f 12521 12475 12476
f 12521 12476 12520
f 12520 12476 12477
f 12520 12477 12519
f 12519 12477 12478
f 12519 12478 12518
f 12518 12478 12479
f 12518 12479 12517
f 12517 12479 12480
f 12517 12480 12516
f 12516 12480 12481
f 12516 12481 12515
f 12515 12481 12482
f 12515 12482 12483
f 12515 12483 12514
f 12514 12483 12484
f 12514 12484 12513
f 12513 12484 12485
f 12513 12485 12512
f 12512 12485 12486
f 12504 12492 12503
f 12503 12492 12493
f 12503 12493 12502
f 12502 12493 12494
f 12502 12494 12501
f 12501 12494 12495
f 12501 12495 12500
f 12500 12495 12496
f 12500 12496 12498
f 12498 12496 12497
f 12498 12497 12499
f 12467 12372 12529
f 12529 12372 12371
f 12529 12371 12370
f 12370 12369 12529
f 12529 12369 12368
f 12529 12368 12367
f 12367 12366 12529
f 12529 12366 12365
f 12529 12365 12364
f 12364 12363 12529
f 12529 12363 12362
f 12529 12362 12361
f 12361 12360 12529
f 12529 12360 12359
f 12529 12359 12358
f 12358 12357 12529
f 12529 12357 12356
f 12529 12356 12355
f 12355 12354 12529
f 12529 12354 12353
f 12529 12353 12352
f 12352 12351 12529
f 12529 12351 12350
f 12529 12350 12349
f 12349 12348 12529
f 12529 12348 12347
f 12529 12347 12346
f 12346 12345 12529
f 12529 12345 12344
f 12529 12344 12343
f 12343 12342 12529
f 12529 12342 12341
f 12529 12341 12340
f 12340 12497 12529
f 12529 12497 12496
f 12529 12496 12495
f 12495 12494 12529
f 12529 12494 12493
f 12529 12493 12492
f 12492 12491 12529
f 12529 12491 12490
f 12529 12490 12489
f 12489 12488 12529
f 12529 12488 12487
f 12529 12487 12486
f 12486 12485 12529
f 12529 12485 12484
f 12529 12484 12483
f 12483 12482 12529
f 12529 12482 12481
f 12529 12481 12480
f 12480 12479 12529
f 12529 12479 12478
f 12529 12478 12477
f 12477 12476 12529
f 12529 12476 12475
f 12529 12475 12474
f 12474 12473 12529
f 12529 12473 12472
f 12529 12472 12471
f 12471 12470 12529
f 12529 12470 12469
f 12529 12469 12468
f 12468 12467 12529
f 12436 12339 12530
f 12530 12339 12404
f 12530 12404 12403
f 12403 12402 12530
f 12530 12402 12401
f 12530 12401 12400
f 12400 12399 12530
f 12530 12399 12398
f 12530 12398 12397
f 12397 12396 12530
f 12530 12396 12395
f 12530 12395 12394
f 12394 12393 12530
f 12530 12393 12392
f 12530 12392 12391
f 12391 12390 12530
f 12530 12390 12389
f 12530 12389 12388
f 12388 12387 12530
f 12530 12387 12386
f 12530 12386 12385
f 12385 12384 12530
f 12530 12384 12383
f 12530 12383 12382
f 12382 12381 12530
f 12530 12381 12380
f 12530 12380 12379
f 12379 12378 12530
f 12530 12378 12377
f 12530 12377 12376
f 12376 12375 12530
f 12530 12375 12374
f 12530 12374 12373
f 12373 12466 12530
f 12530 12466 12465
f 12530 12465 12464
f 12464 12463 12530
f 12530 12463 12462
f 12530 12462 12461
f 12461 12460 12530
f 12530 12460 12459
f 12530 12459 12458
f 12458 12457 12530
f 12530 12457 12456
f 12530 12456 12455
f 12455 12454 12530
f 12530 12454 12453
f 12530 12453 12452
f 12452 12451 12530
f 12530 12451 12450
f 12530 12450 12449
f 12449 12448 12530
f 12530 12448 12447
f 12530 12447 12446
f 12446 12445 12530
f 12530 12445 12444
f 12530 12444 12443
f 12443 12442 12530
f 12530 12442 12441
f 12530 12441 12440
f 12440 12439 12530
f 12530 12439 12438
f 12530 12438 12437
f 12437 12436 12530
g MeshBody65

v 108.116554 175.869598 1.320800
v 108.116554 175.869598 1.371600
v 108.120407 175.955185 1.371600
v 108.132462 176.042908 1.371600
v 108.153320 176.131683 1.371600
v 108.183434 176.220215 1.371600
v 108.222969 176.307083 1.371600
v 108.271820 176.390823 1.371600
v 108.329575 176.469955 1.371600
v 108.395531 176.543121 1.371600
v 108.468697 176.609085 1.371600
v 108.547836 176.666824 1.371600
v 108.631577 176.715683 1.371600
v 108.718437 176.755219 1.371600
v 108.806961 176.785324 1.371600
v 108.895737 176.806198 1.371600
v 108.983459 176.818237 1.371600
v 109.069061 176.822098 1.371600
v 109.154640 176.818237 1.371600
v 109.242371 176.806198 1.371600
v 109.331146 176.785324 1.371600
v 109.419670 176.755219 1.371600
v 109.506531 176.715683 1.371600
v 109.590263 176.666824 1.371600
v 109.669411 176.609085 1.371600
v 109.742577 176.543121 1.371600
v 109.808525 176.469955 1.371600
v 109.866295 176.390823 1.371600
v 109.915138 176.307083 1.371600
v 109.954674 176.220215 1.371600
v 109.984787 176.131683 1.371600
v 110.005646 176.042908 1.371600
v 110.017700 175.955185 1.371600
v 110.021561 175.869598 1.371600
v 110.021561 175.869598 1.320800
v 110.017700 175.955185 1.320800
v 110.005646 176.042908 1.320800
v 109.984787 176.131683 1.320800
v 109.954674 176.220215 1.320800
v 109.915138 176.307083 1.320800
v 109.866295 176.390823 1.320800
v 109.808525 176.469955 1.320800
v 109.742577 176.543121 1.320800
v 109.669411 176.609085 1.320800
v 109.590263 176.666824 1.320800
v 109.506531 176.715683 1.320800
v 109.419670 176.755219 1.320800
v 109.331146 176.785324 1.320800
v 109.242371 176.806198 1.320800
v 109.154640 176.818237 1.320800
v 109.069061 176.822098 1.320800
v 108.983459 176.818237 1.320800
v 108.895737 176.806198 1.320800
v 108.806961 176.785324 1.320800
v 108.718437 176.755219 1.320800
v 108.631577 176.715683 1.320800
v 108.547836 176.666824 1.320800
v 108.468697 176.609085 1.320800
v 108.395531 176.543121 1.320800
v 108.329575 176.469955 1.320800
v 108.271820 176.390823 1.320800
v 108.222969 176.307083 1.320800
v 108.183434 176.220215 1.320800
v 108.153320 176.131683 1.320800
v 108.132462 176.042908 1.320800
v 108.120407 175.955185 1.320800
v 108.121605 175.967606 1.346200
v 108.137497 176.068222 1.346200
v 108.165070 176.169724 1.346200
v 108.204865 176.270142 1.346200
v 108.256927 176.367294 1.346200
v 108.320801 176.459000 1.346200
v 108.395531 176.543121 1.346200
v 108.479668 176.617844 1.346200
v 108.571358 176.681732 1.346200
v 108.668510 176.733780 1.346200
v 108.768921 176.773575 1.346200
v 108.870430 176.801163 1.346200
v 108.971039 176.817032 1.346200
v 109.069061 176.822098 1.346200
v 109.167068 176.817032 1.346200
v 109.267677 176.801163 1.346200
v 109.343834 176.781616 1.346200
v 109.419670 176.755219 1.346200
v 109.494278 176.721909 1.346200
v 109.566750 176.681732 1.346200
v 109.636147 176.634872 1.346200
v 109.701576 176.581757 1.346200
v 109.762207 176.522903 1.346200
v 109.817307 176.459000 1.346200
v 109.866295 176.390823 1.346200
v 109.908722 176.319275 1.346200
v 109.944344 176.245270 1.346200
v 109.973030 176.169724 1.346200
v 109.994843 176.093597 1.346200
v 110.009972 176.017685 1.346200
v 110.018738 175.942810 1.346200
v 108.120407 175.784012 1.320800
v 108.132462 175.696274 1.320800
v 108.153320 175.607513 1.320800
v 108.183434 175.518997 1.320800
v 108.222969 175.432114 1.320800
v 108.271820 175.348389 1.320800
v 108.329575 175.269241 1.320800
v 108.395531 175.196091 1.320800
v 108.468697 175.130127 1.320800
v 108.547836 175.072357 1.320800
v 108.631577 175.023499 1.320800
v 108.718437 174.983963 1.320800
v 108.806961 174.953873 1.320800
v 108.895737 174.932999 1.320800
v 108.983459 174.920944 1.320800
v 109.069061 174.917099 1.320800
v 109.154640 174.920944 1.320800
v 109.242371 174.932999 1.320800
v 109.331146 174.953873 1.320800
v 109.419670 174.983963 1.320800
v 109.506531 175.023499 1.320800
v 109.590263 175.072357 1.320800
v 109.669411 175.130127 1.320800
v 109.742577 175.196091 1.320800
v 109.808525 175.269241 1.320800
v 109.866295 175.348389 1.320800
v 109.915138 175.432114 1.320800
v 109.954674 175.518997 1.320800
v 109.984787 175.607513 1.320800
v 110.005646 175.696274 1.320800
v 110.017700 175.784012 1.320800
v 110.017700 175.784012 1.371600
v 110.005646 175.696274 1.371600
v 109.984787 175.607513 1.371600
v 109.954674 175.518997 1.371600
v 109.915138 175.432114 1.371600
v 109.866295 175.348389 1.371600
v 109.808525 175.269241 1.371600
v 109.742577 175.196091 1.371600
v 109.669411 175.130127 1.371600
v 109.590263 175.072357 1.371600
v 109.506531 175.023499 1.371600
v 109.419670 174.983963 1.371600
v 109.331146 174.953873 1.371600
v 109.242371 174.932999 1.371600
v 109.154640 174.920944 1.371600
v 109.069061 174.917099 1.371600
v 108.983459 174.920944 1.371600
v 108.895737 174.932999 1.371600
v 108.806961 174.953873 1.371600
v 108.718437 174.983963 1.371600
v 108.631577 175.023499 1.371600
v 108.547836 175.072357 1.371600
v 108.468697 175.130127 1.371600
v 108.395531 175.196091 1.371600
v 108.329575 175.269241 1.371600
v 108.271820 175.348389 1.371600
v 108.222969 175.432114 1.371600
v 108.183434 175.518997 1.371600
v 108.153320 175.607513 1.371600
v 108.132462 175.696274 1.371600
v 108.120407 175.784012 1.371600
v 108.128136 175.721497 1.346200
v 108.119370 175.796402 1.346200
v 108.143265 175.645599 1.346200
v 108.165070 175.569458 1.346200
v 108.193764 175.493942 1.346200
v 108.229378 175.419922 1.346200
v 108.271820 175.348389 1.346200
v 108.320801 175.280212 1.346200
v 108.375900 175.216293 1.346200
v 108.436531 175.157440 1.346200
v 108.501961 175.104309 1.346200
v 108.571358 175.057465 1.346200
v 108.643829 175.017273 1.346200
v 108.718437 174.983963 1.346200
v 108.794266 174.957596 1.346200
v 108.870430 174.938034 1.346200
v 108.971039 174.922150 1.346200
v 109.069061 174.917099 1.346200
v 109.167068 174.922150 1.346200
v 109.267677 174.938034 1.346200
v 109.369186 174.965622 1.346200
v 109.469597 175.005402 1.346200
v 109.566750 175.057465 1.346200
v 109.658440 175.121338 1.346200
v 109.742577 175.196091 1.346200
v 109.817307 175.280212 1.346200
v 109.881180 175.371902 1.346200
v 109.933243 175.469055 1.346200
v 109.973030 175.569458 1.346200
v 110.000610 175.670959 1.346200
v 110.016502 175.771591 1.346200
v 109.069061 175.869598 1.371600
v 109.069061 175.869598 1.320800
f 12531 12532 12596
f 12596 12532 12597
f 12596 12597 12595
f 12595 12597 12598
f 12595 12598 12594
f 12594 12598 12599
f 12594 12599 12593
f 12593 12599 12600
f 12593 12600 12592
f 12592 12600 12601
f 12592 12601 12591
f 12591 12601 12602
f 12591 12602 12590
f 12590 12602 12603
f 12590 12603 12589
f 12589 12603 12588
f 12588 12603 12604
f 12588 12604 12587
f 12587 12604 12605
f 12587 12605 12586
f 12586 12605 12606
f 12586 12606 12585
f 12585 12606 12607
f 12585 12607 12584
f 12584 12607 12608
f 12584 12608 12583
f 12583 12608 12609
f 12583 12609 12582
f 12582 12609 12610
f 12582 12610 12581
f 12581 12610 12580
f 12580 12610 12611
f 12580 12611 12579
f 12579 12611 12612
f 12579 12612 12578
f 12578 12612 12613
f 12578 12613 12577
f 12577 12613 12614
f 12577 12614 12615
f 12615 12614 12552
f 12615 12552 12553
f 12532 12533 12597
f 12597 12533 12534
f 12597 12534 12598
f 12598 12534 12535
f 12598 12535 12599
f 12599 12535 12536
f 12599 12536 12600
f 12600 12536 12537
f 12600 12537 12601
f 12601 12537 12538
f 12601 12538 12602
f 12602 12538 12539
f 12602 12539 12603
f 12603 12539 12540
f 12603 12540 12541
f 12603 12541 12604
f 12604 12541 12542
f 12604 12542 12605
f 12605 12542 12543
f 12605 12543 12606
f 12606 12543 12544
f 12606 12544 12607
f 12607 12544 12545
f 12607 12545 12608
f 12608 12545 12546
f 12608 12546 12609
f 12609 12546 12547
f 12609 12547 12610
f 12610 12547 12548
f 12610 12548 12549
f 12610 12549 12611
f 12611 12549 12550
f 12611 12550 12612
f 12612 12550 12551
f 12612 12551 12613
f 12613 12551 12552
f 12613 12552 12614
f 12615 12553 12616
f 12616 12553 12554
f 12616 12554 12617
f 12617 12554 12555
f 12617 12555 12618
f 12618 12555 12556
f 12618 12556 12619
f 12619 12556 12557
f 12619 12557 12620
f 12620 12557 12558
f 12620 12558 12621
f 12621 12558 12622
f 12621 12622 12571
f 12571 12622 12570
f 12570 12622 12623
f 12570 12623 12569
f 12569 12623 12624
f 12569 12624 12568
f 12568 12624 12625
f 12568 12625 12567
f 12567 12625 12626
f 12567 12626 12566
f 12566 12626 12627
f 12566 12627 12565
f 12565 12627 12564
f 12564 12627 12563
f 12563 12627 12626
f 12563 12626 12562
f 12562 12626 12625
f 12562 12625 12561
f 12561 12625 12624
f 12561 12624 12560
f 12560 12624 12623
f 12560 12623 12559
f 12559 12623 12622
f 12559 12622 12558
f 12621 12571 12620
f 12620 12571 12572
f 12620 12572 12619
f 12619 12572 12573
f 12619 12573 12618
f 12618 12573 12574
f 12618 12574 12617
f 12617 12574 12575
f 12617 12575 12616
f 12616 12575 12576
f 12616 12576 12615
f 12615 12576 12577
f 12689 12532 12691
f 12691 12532 12531
f 12691 12531 12628
f 12691 12628 12690
f 12690 12628 12629
f 12690 12629 12692
f 12692 12629 12630
f 12692 12630 12693
f 12693 12630 12631
f 12693 12631 12694
f 12694 12631 12632
f 12694 12632 12695
f 12695 12632 12633
f 12695 12633 12696
f 12696 12633 12697
f 12696 12697 12684
f 12684 12697 12683
f 12683 12697 12698
f 12683 12698 12682
f 12682 12698 12699
f 12682 12699 12681
f 12681 12699 12700
f 12681 12700 12680
f 12680 12700 12701
f 12680 12701 12679
f 12679 12701 12702
f 12679 12702 12678
f 12678 12702 12703
f 12678 12703 12704
f 12704 12703 12639
f 12704 12639 12640
f 12633 12634 12697
f 12697 12634 12698
f 12634 12635 12698
f 12698 12635 12699
f 12635 12636 12699
f 12699 12636 12700
f 12636 12637 12700
f 12700 12637 12701
f 12637 12638 12701
f 12701 12638 12702
f 12638 12639 12702
f 12702 12639 12703
f 12704 12640 12705
f 12705 12640 12641
f 12705 12641 12706
f 12706 12641 12642
f 12706 12642 12707
f 12707 12642 12643
f 12707 12643 12644
f 12707 12644 12708
f 12708 12644 12645
f 12708 12645 12709
f 12709 12645 12646
f 12709 12646 12710
f 12710 12646 12647
f 12710 12647 12711
f 12711 12647 12648
f 12711 12648 12712
f 12712 12648 12649
f 12712 12649 12713
f 12713 12649 12650
f 12713 12650 12714
f 12714 12650 12651
f 12714 12651 12652
f 12714 12652 12715
f 12715 12652 12653
f 12715 12653 12716
f 12716 12653 12654
f 12716 12654 12717
f 12717 12654 12655
f 12717 12655 12718
f 12718 12655 12656
f 12718 12656 12719
f 12719 12656 12657
f 12719 12657 12720
f 12720 12657 12658
f 12720 12658 12564
f 12564 12658 12565
f 12564 12659 12720
f 12720 12659 12660
f 12720 12660 12719
f 12719 12660 12661
f 12719 12661 12718
f 12718 12661 12662
f 12718 12662 12717
f 12717 12662 12663
f 12717 12663 12716
f 12716 12663 12664
f 12716 12664 12715
f 12715 12664 12665
f 12715 12665 12714
f 12714 12665 12666
f 12714 12666 12667
f 12714 12667 12713
f 12713 12667 12668
f 12713 12668 12712
f 12712 12668 12669
f 12712 12669 12711
f 12711 12669 12670
f 12711 12670 12710
f 12710 12670 12671
f 12710 12671 12709
f 12709 12671 12672
f 12709 12672 12708
f 12708 12672 12673
f 12708 12673 12707
f 12707 12673 12674
f 12707 12674 12675
f 12707 12675 12706
f 12706 12675 12676
f 12706 12676 12705
f 12705 12676 12677
f 12705 12677 12704
f 12704 12677 12678
f 12696 12684 12695
f 12695 12684 12685
f 12695 12685 12694
f 12694 12685 12686
f 12694 12686 12693
f 12693 12686 12687
f 12693 12687 12692
f 12692 12687 12688
f 12692 12688 12690
f 12690 12688 12689
f 12690 12689 12691
f 12659 12564 12721
f 12721 12564 12563
f 12721 12563 12562
f 12562 12561 12721
f 12721 12561 12560
f 12721 12560 12559
f 12559 12558 12721
f 12721 12558 12557
f 12721 12557 12556
f 12556 12555 12721
f 12721 12555 12554
f 12721 12554 12553
f 12553 12552 12721
f 12721 12552 12551
f 12721 12551 12550
f 12550 12549 12721
f 12721 12549 12548
f 12721 12548 12547
f 12547 12546 12721
f 12721 12546 12545
f 12721 12545 12544
f 12544 12543 12721
f 12721 12543 12542
f 12721 12542 12541
f 12541 12540 12721
f 12721 12540 12539
f 12721 12539 12538
f 12538 12537 12721
f 12721 12537 12536
f 12721 12536 12535
f 12535 12534 12721
f 12721 12534 12533
f 12721 12533 12532
f 12532 12689 12721
f 12721 12689 12688
f 12721 12688 12687
f 12687 12686 12721
f 12721 12686 12685
f 12721 12685 12684
f 12684 12683 12721
f 12721 12683 12682
f 12721 12682 12681
f 12681 12680 12721
f 12721 12680 12679
f 12721 12679 12678
f 12678 12677 12721
f 12721 12677 12676
f 12721 12676 12675
f 12675 12674 12721
f 12721 12674 12673
f 12721 12673 12672
f 12672 12671 12721
f 12721 12671 12670
f 12721 12670 12669
f 12669 12668 12721
f 12721 12668 12667
f 12721 12667 12666
f 12666 12665 12721
f 12721 12665 12664
f 12721 12664 12663
f 12663 12662 12721
f 12721 12662 12661
f 12721 12661 12660
f 12660 12659 12721
f 12628 12531 12722
f 12722 12531 12596
f 12722 12596 12595
f 12595 12594 12722
f 12722 12594 12593
f 12722 12593 12592
f 12592 12591 12722
f 12722 12591 12590
f 12722 12590 12589
f 12589 12588 12722
f 12722 12588 12587
f 12722 12587 12586
f 12586 12585 12722
f 12722 12585 12584
f 12722 12584 12583
f 12583 12582 12722
f 12722 12582 12581
f 12722 12581 12580
f 12580 12579 12722
f 12722 12579 12578
f 12722 12578 12577
f 12577 12576 12722
f 12722 12576 12575
f 12722 12575 12574
f 12574 12573 12722
f 12722 12573 12572
f 12722 12572 12571
f 12571 12570 12722
f 12722 12570 12569
f 12722 12569 12568
f 12568 12567 12722
f 12722 12567 12566
f 12722 12566 12565
f 12565 12658 12722
f 12722 12658 12657
f 12722 12657 12656
f 12656 12655 12722
f 12722 12655 12654
f 12722 12654 12653
f 12653 12652 12722
f 12722 12652 12651
f 12722 12651 12650
f 12650 12649 12722
f 12722 12649 12648
f 12722 12648 12647
f 12647 12646 12722
f 12722 12646 12645
f 12722 12645 12644
f 12644 12643 12722
f 12722 12643 12642
f 12722 12642 12641
f 12641 12640 12722
f 12722 12640 12639
f 12722 12639 12638
f 12638 12637 12722
f 12722 12637 12636
f 12722 12636 12635
f 12635 12634 12722
f 12722 12634 12633
f 12722 12633 12632
f 12632 12631 12722
f 12722 12631 12630
f 12722 12630 12629
f 12629 12628 12722
g MeshBody66

v 158.306946 100.583992 1.320800
v 158.306946 100.583992 1.371600
v 158.310806 100.669579 1.371600
v 158.322861 100.757317 1.371600
v 158.343719 100.846092 1.371600
v 158.373825 100.934616 1.371600
v 158.413361 101.021477 1.371600
v 158.462219 101.105209 1.371600
v 158.519974 101.184357 1.371600
v 158.585938 101.257523 1.371600
v 158.659088 101.323471 1.371600
v 158.738235 101.381233 1.371600
v 158.821976 101.430084 1.371600
v 158.908844 101.469620 1.371600
v 158.997360 101.499733 1.371600
v 159.086136 101.520592 1.371600
v 159.173874 101.532646 1.371600
v 159.259460 101.536491 1.371600
v 159.345032 101.532646 1.371600
v 159.432770 101.520592 1.371600
v 159.521545 101.499733 1.371600
v 159.610062 101.469620 1.371600
v 159.696930 101.430084 1.371600
v 159.780670 101.381233 1.371600
v 159.859818 101.323471 1.371600
v 159.932968 101.257523 1.371600
v 159.998932 101.184357 1.371600
v 160.056686 101.105209 1.371600
v 160.105545 101.021477 1.371600
v 160.145081 100.934616 1.371600
v 160.175186 100.846092 1.371600
v 160.196060 100.757317 1.371600
v 160.208099 100.669579 1.371600
v 160.211960 100.583992 1.371600
v 160.211960 100.583992 1.320800
v 160.208099 100.669579 1.320800
v 160.196060 100.757317 1.320800
v 160.175186 100.846092 1.320800
v 160.145081 100.934616 1.320800
v 160.105545 101.021477 1.320800
v 160.056686 101.105209 1.320800
v 159.998932 101.184357 1.320800
v 159.932968 101.257523 1.320800
v 159.859818 101.323471 1.320800
v 159.780670 101.381233 1.320800
v 159.696930 101.430084 1.320800
v 159.610062 101.469620 1.320800
v 159.521545 101.499733 1.320800
v 159.432770 101.520592 1.320800
v 159.345032 101.532646 1.320800
v 159.259460 101.536491 1.320800
v 159.173874 101.532646 1.320800
v 159.086136 101.520592 1.320800
v 158.997360 101.499733 1.320800
v 158.908844 101.469620 1.320800
v 158.821976 101.430084 1.320800
v 158.738235 101.381233 1.320800
v 158.659088 101.323471 1.320800
v 158.585938 101.257523 1.320800
v 158.519974 101.184357 1.320800
v 158.462219 101.105209 1.320800
v 158.413361 101.021477 1.320800
v 158.373825 100.934616 1.320800
v 158.343719 100.846092 1.320800
v 158.322861 100.757317 1.320800
v 158.310806 100.669579 1.320800
v 158.312012 100.682014 1.346200
v 158.327896 100.782623 1.346200
v 158.355484 100.884132 1.346200
v 158.395264 100.984543 1.346200
v 158.447327 101.081696 1.346200
v 158.511200 101.173386 1.346200
v 158.585938 101.257523 1.346200
v 158.670059 101.332245 1.346200
v 158.761749 101.396126 1.346200
v 158.858902 101.448189 1.346200
v 158.959320 101.487984 1.346200
v 159.060822 101.515556 1.346200
v 159.161438 101.531448 1.346200
v 159.259460 101.536491 1.346200
v 159.357468 101.531448 1.346200
v 159.458084 101.515556 1.346200
v 159.534225 101.496002 1.346200
v 159.610062 101.469620 1.346200
v 159.684677 101.436317 1.346200
v 159.757156 101.396126 1.346200
v 159.826553 101.349274 1.346200
v 159.891968 101.296158 1.346200
v 159.952606 101.237297 1.346200
v 160.007706 101.173386 1.346200
v 160.056686 101.105209 1.346200
v 160.099136 101.033669 1.346200
v 160.134750 100.959663 1.346200
v 160.163422 100.884132 1.346200
v 160.185242 100.807991 1.346200
v 160.200363 100.732094 1.346200
v 160.209137 100.657204 1.346200
v 158.310806 100.498405 1.320800
v 158.322861 100.410683 1.320800
v 158.343719 100.321907 1.320800
v 158.373825 100.233383 1.320800
v 158.413361 100.146523 1.320800
v 158.462219 100.062775 1.320800
v 158.519974 99.983643 1.320800
v 158.585938 99.910477 1.320800
v 158.659088 99.844521 1.320800
v 158.738235 99.786758 1.320800
v 158.821976 99.737915 1.320800
v 158.908844 99.698372 1.320800
v 158.997360 99.668266 1.320800
v 159.086136 99.647408 1.320800
v 159.173874 99.635353 1.320800
v 159.259460 99.631493 1.320800
v 159.345032 99.635353 1.320800
v 159.432770 99.647408 1.320800
v 159.521545 99.668266 1.320800
v 159.610062 99.698372 1.320800
v 159.696930 99.737915 1.320800
v 159.780670 99.786758 1.320800
v 159.859818 99.844521 1.320800
v 159.932968 99.910477 1.320800
v 159.998932 99.983643 1.320800
v 160.056686 100.062775 1.320800
v 160.105545 100.146523 1.320800
v 160.145081 100.233383 1.320800
v 160.175186 100.321907 1.320800
v 160.196060 100.410683 1.320800
v 160.208099 100.498405 1.320800
v 160.208099 100.498405 1.371600
v 160.196060 100.410683 1.371600
v 160.175186 100.321907 1.371600
v 160.145081 100.233383 1.371600
v 160.105545 100.146523 1.371600
v 160.056686 100.062775 1.371600
v 159.998932 99.983643 1.371600
v 159.932968 99.910477 1.371600
v 159.859818 99.844521 1.371600
v 159.780670 99.786758 1.371600
v 159.696930 99.737915 1.371600
v 159.610062 99.698372 1.371600
v 159.521545 99.668266 1.371600
v 159.432770 99.647408 1.371600
v 159.345032 99.635353 1.371600
v 159.259460 99.631493 1.371600
v 159.173874 99.635353 1.371600
v 159.086136 99.647408 1.371600
v 158.997360 99.668266 1.371600
v 158.908844 99.698372 1.371600
v 158.821976 99.737915 1.371600
v 158.738235 99.786758 1.371600
v 158.659088 99.844521 1.371600
v 158.585938 99.910477 1.371600
v 158.519974 99.983643 1.371600
v 158.462219 100.062775 1.371600
v 158.413361 100.146523 1.371600
v 158.373825 100.233383 1.371600
v 158.343719 100.321907 1.371600
v 158.322861 100.410683 1.371600
v 158.310806 100.498405 1.371600
v 158.318527 100.435905 1.346200
v 158.309769 100.510788 1.346200
v 158.333664 100.360008 1.346200
v 158.355484 100.283859 1.346200
v 158.384155 100.208336 1.346200
v 158.419769 100.134331 1.346200
v 158.462219 100.062775 1.346200
v 158.511200 99.994614 1.346200
v 158.566315 99.930702 1.346200
v 158.626938 99.871841 1.346200
v 158.692352 99.818710 1.346200
v 158.761749 99.771873 1.346200
v 158.834229 99.731682 1.346200
v 158.908844 99.698372 1.346200
v 158.984680 99.671997 1.346200
v 159.060822 99.652443 1.346200
v 159.161438 99.636551 1.346200
v 159.259460 99.631493 1.346200
v 159.357468 99.636551 1.346200
v 159.458084 99.652443 1.346200
v 159.559586 99.680016 1.346200
v 159.660004 99.719810 1.346200
v 159.757156 99.771873 1.346200
v 159.848846 99.835747 1.346200
v 159.932968 99.910477 1.346200
v 160.007706 99.994614 1.346200
v 160.071579 100.086304 1.346200
v 160.123642 100.183456 1.346200
v 160.163422 100.283859 1.346200
v 160.191010 100.385376 1.346200
v 160.206894 100.485985 1.346200
v 159.259460 100.583992 1.371600
v 159.259460 100.583992 1.320800
f 12723 12724 12788
f 12788 12724 12789
f 12788 12789 12787
f 12787 12789 12790
f 12787 12790 12786
f 12786 12790 12791
f 12786 12791 12785
f 12785 12791 12792
f 12785 12792 12784
f 12784 12792 12793
f 12784 12793 12783
f 12783 12793 12794
f 12783 12794 12782
f 12782 12794 12795
f 12782 12795 12781
f 12781 12795 12780
f 12780 12795 12796
f 12780 12796 12779
f 12779 12796 12797
f 12779 12797 12778
f 12778 12797 12798
f 12778 12798 12777
f 12777 12798 12799
f 12777 12799 12776
f 12776 12799 12800
f 12776 12800 12775
f 12775 12800 12801
f 12775 12801 12774
f 12774 12801 12802
f 12774 12802 12773
f 12773 12802 12772
f 12772 12802 12803
f 12772 12803 12771
f 12771 12803 12804
f 12771 12804 12770
f 12770 12804 12805
f 12770 12805 12769
f 12769 12805 12806
f 12769 12806 12807
f 12807 12806 12744
f 12807 12744 12745
f 12724 12725 12789
f 12789 12725 12726
f 12789 12726 12790
f 12790 12726 12727
f 12790 12727 12791
f 12791 12727 12728
f 12791 12728 12792
f 12792 12728 12729
f 12792 12729 12793
f 12793 12729 12730
f 12793 12730 12794
f 12794 12730 12731
f 12794 12731 12795
f 12795 12731 12732
f 12795 12732 12733
f 12795 12733 12796
f 12796 12733 12734
f 12796 12734 12797
f 12797 12734 12735
f 12797 12735 12798
f 12798 12735 12736
f 12798 12736 12799
f 12799 12736 12737
f 12799 12737 12800
f 12800 12737 12738
f 12800 12738 12801
f 12801 12738 12739
f 12801 12739 12802
f 12802 12739 12740
f 12802 12740 12741
f 12802 12741 12803
f 12803 12741 12742
f 12803 12742 12804
f 12804 12742 12743
f 12804 12743 12805
f 12805 12743 12744
f 12805 12744 12806
f 12807 12745 12808
f 12808 12745 12746
f 12808 12746 12809
f 12809 12746 12747
f 12809 12747 12810
f 12810 12747 12748
f 12810 12748 12811
f 12811 12748 12749
f 12811 12749 12812
f 12812 12749 12750
f 12812 12750 12813
f 12813 12750 12814
f 12813 12814 12763
f 12763 12814 12762
f 12762 12814 12815
f 12762 12815 12761
f 12761 12815 12816
f 12761 12816 12760
f 12760 12816 12817
f 12760 12817 12759
f 12759 12817 12818
f 12759 12818 12758
f 12758 12818 12819
f 12758 12819 12757
f 12757 12819 12756
f 12756 12819 12755
f 12755 12819 12818
f 12755 12818 12754
f 12754 12818 12817
f 12754 12817 12753
f 12753 12817 12816
f 12753 12816 12752
f 12752 12816 12815
f 12752 12815 12751
f 12751 12815 12814
f 12751 12814 12750
f 12813 12763 12812
f 12812 12763 12764
f 12812 12764 12811
f 12811 12764 12765
f 12811 12765 12810
f 12810 12765 12766
f 12810 12766 12809
f 12809 12766 12767
f 12809 12767 12808
f 12808 12767 12768
f 12808 12768 12807
f 12807 12768 12769
f 12881 12724 12883
f 12883 12724 12723
f 12883 12723 12820
f 12883 12820 12882
f 12882 12820 12821
f 12882 12821 12884
f 12884 12821 12822
f 12884 12822 12885
f 12885 12822 12823
f 12885 12823 12886
f 12886 12823 12824
f 12886 12824 12887
f 12887 12824 12825
f 12887 12825 12888
f 12888 12825 12889
f 12888 12889 12876
f 12876 12889 12875
f 12875 12889 12890
f 12875 12890 12874
f 12874 12890 12891
f 12874 12891 12873
f 12873 12891 12892
f 12873 12892 12872
f 12872 12892 12893
f 12872 12893 12871
f 12871 12893 12894
f 12871 12894 12870
f 12870 12894 12895
f 12870 12895 12896
f 12896 12895 12831
f 12896 12831 12832
f 12825 12826 12889
f 12889 12826 12890
f 12826 12827 12890
f 12890 12827 12891
f 12827 12828 12891
f 12891 12828 12892
f 12828 12829 12892
f 12892 12829 12893
f 12829 12830 12893
f 12893 12830 12894
f 12830 12831 12894
f 12894 12831 12895
f 12896 12832 12897
f 12897 12832 12833
f 12897 12833 12898
f 12898 12833 12834
f 12898 12834 12899
f 12899 12834 12835
f 12899 12835 12836
f 12899 12836 12900
f 12900 12836 12837
f 12900 12837 12901
f 12901 12837 12838
f 12901 12838 12902
f 12902 12838 12839
f 12902 12839 12903
f 12903 12839 12840
f 12903 12840 12904
f 12904 12840 12841
f 12904 12841 12905
f 12905 12841 12842
f 12905 12842 12906
f 12906 12842 12843
f 12906 12843 12844
f 12906 12844 12907
f 12907 12844 12845
f 12907 12845 12908
f 12908 12845 12846
f 12908 12846 12909
f 12909 12846 12847
f 12909 12847 12910
f 12910 12847 12848
f 12910 12848 12911
f 12911 12848 12849
f 12911 12849 12912
f 12912 12849 12850
f 12912 12850 12756
f 12756 12850 12757
f 12756 12851 12912
f 12912 12851 12852
f 12912 12852 12911
f 12911 12852 12853
f 12911 12853 12910
f 12910 12853 12854
f 12910 12854 12909
f 12909 12854 12855
f 12909 12855 12908
f 12908 12855 12856
f 12908 12856 12907
f 12907 12856 12857
f 12907 12857 12906
f 12906 12857 12858
f 12906 12858 12859
f 12906 12859 12905
f 12905 12859 12860
f 12905 12860 12904
f 12904 12860 12861
f 12904 12861 12903
f 12903 12861 12862
f 12903 12862 12902
f 12902 12862 12863
f 12902 12863 12901
f 12901 12863 12864
f 12901 12864 12900
f 12900 12864 12865
f 12900 12865 12899
f 12899 12865 12866
f 12899 12866 12867
f 12899 12867 12898
f 12898 12867 12868
f 12898 12868 12897
f 12897 12868 12869
f 12897 12869 12896
f 12896 12869 12870
f 12888 12876 12887
f 12887 12876 12877
f 12887 12877 12886
f 12886 12877 12878
f 12886 12878 12885
f 12885 12878 12879
f 12885 12879 12884
f 12884 12879 12880
f 12884 12880 12882
f 12882 12880 12881
f 12882 12881 12883
f 12851 12756 12913
f 12913 12756 12755
f 12913 12755 12754
f 12754 12753 12913
f 12913 12753 12752
f 12913 12752 12751
f 12751 12750 12913
f 12913 12750 12749
f 12913 12749 12748
f 12748 12747 12913
f 12913 12747 12746
f 12913 12746 12745
f 12745 12744 12913
f 12913 12744 12743
f 12913 12743 12742
f 12742 12741 12913
f 12913 12741 12740
f 12913 12740 12739
f 12739 12738 12913
f 12913 12738 12737
f 12913 12737 12736
f 12736 12735 12913
f 12913 12735 12734
f 12913 12734 12733
f 12733 12732 12913
f 12913 12732 12731
f 12913 12731 12730
f 12730 12729 12913
f 12913 12729 12728
f 12913 12728 12727
f 12727 12726 12913
f 12913 12726 12725
f 12913 12725 12724
f 12724 12881 12913
f 12913 12881 12880
f 12913 12880 12879
f 12879 12878 12913
f 12913 12878 12877
f 12913 12877 12876
f 12876 12875 12913
f 12913 12875 12874
f 12913 12874 12873
f 12873 12872 12913
f 12913 12872 12871
f 12913 12871 12870
f 12870 12869 12913
f 12913 12869 12868
f 12913 12868 12867
f 12867 12866 12913
f 12913 12866 12865
f 12913 12865 12864
f 12864 12863 12913
f 12913 12863 12862
f 12913 12862 12861
f 12861 12860 12913
f 12913 12860 12859
f 12913 12859 12858
f 12858 12857 12913
f 12913 12857 12856
f 12913 12856 12855
f 12855 12854 12913
f 12913 12854 12853
f 12913 12853 12852
f 12852 12851 12913
f 12820 12723 12914
f 12914 12723 12788
f 12914 12788 12787
f 12787 12786 12914
f 12914 12786 12785
f 12914 12785 12784
f 12784 12783 12914
f 12914 12783 12782
f 12914 12782 12781
f 12781 12780 12914
f 12914 12780 12779
f 12914 12779 12778
f 12778 12777 12914
f 12914 12777 12776
f 12914 12776 12775
f 12775 12774 12914
f 12914 12774 12773
f 12914 12773 12772
f 12772 12771 12914
f 12914 12771 12770
f 12914 12770 12769
f 12769 12768 12914
f 12914 12768 12767
f 12914 12767 12766
f 12766 12765 12914
f 12914 12765 12764
f 12914 12764 12763
f 12763 12762 12914
f 12914 12762 12761
f 12914 12761 12760
f 12760 12759 12914
f 12914 12759 12758
f 12914 12758 12757
f 12757 12850 12914
f 12914 12850 12849
f 12914 12849 12848
f 12848 12847 12914
f 12914 12847 12846
f 12914 12846 12845
f 12845 12844 12914
f 12914 12844 12843
f 12914 12843 12842
f 12842 12841 12914
f 12914 12841 12840
f 12914 12840 12839
f 12839 12838 12914
f 12914 12838 12837
f 12914 12837 12836
f 12836 12835 12914
f 12914 12835 12834
f 12914 12834 12833
f 12833 12832 12914
f 12914 12832 12831
f 12914 12831 12830
f 12830 12829 12914
f 12914 12829 12828
f 12914 12828 12827
f 12827 12826 12914
f 12914 12826 12825
f 12914 12825 12824
f 12824 12823 12914
f 12914 12823 12822
f 12914 12822 12821
f 12821 12820 12914
g MeshBody67

v 108.116554 100.583992 1.320800
v 108.116554 100.583992 1.371600
v 108.120407 100.669579 1.371600
v 108.132462 100.757317 1.371600
v 108.153320 100.846092 1.371600
v 108.183434 100.934616 1.371600
v 108.222969 101.021477 1.371600
v 108.271820 101.105209 1.371600
v 108.329575 101.184357 1.371600
v 108.395531 101.257523 1.371600
v 108.468697 101.323471 1.371600
v 108.547836 101.381233 1.371600
v 108.631577 101.430084 1.371600
v 108.718437 101.469620 1.371600
v 108.806961 101.499733 1.371600
v 108.895737 101.520592 1.371600
v 108.983459 101.532646 1.371600
v 109.069061 101.536491 1.371600
v 109.154640 101.532646 1.371600
v 109.242371 101.520592 1.371600
v 109.331146 101.499733 1.371600
v 109.419670 101.469620 1.371600
v 109.506531 101.430084 1.371600
v 109.590263 101.381233 1.371600
v 109.669411 101.323471 1.371600
v 109.742577 101.257523 1.371600
v 109.808525 101.184357 1.371600
v 109.866295 101.105209 1.371600
v 109.915138 101.021477 1.371600
v 109.954674 100.934616 1.371600
v 109.984787 100.846092 1.371600
v 110.005646 100.757317 1.371600
v 110.017700 100.669579 1.371600
v 110.021561 100.583992 1.371600
v 110.021561 100.583992 1.320800
v 110.017700 100.669579 1.320800
v 110.005646 100.757317 1.320800
v 109.984787 100.846092 1.320800
v 109.954674 100.934616 1.320800
v 109.915138 101.021477 1.320800
v 109.866295 101.105209 1.320800
v 109.808525 101.184357 1.320800
v 109.742577 101.257523 1.320800
v 109.669411 101.323471 1.320800
v 109.590263 101.381233 1.320800
v 109.506531 101.430084 1.320800
v 109.419670 101.469620 1.320800
v 109.331146 101.499733 1.320800
v 109.242371 101.520592 1.320800
v 109.154640 101.532646 1.320800
v 109.069061 101.536491 1.320800
v 108.983459 101.532646 1.320800
v 108.895737 101.520592 1.320800
v 108.806961 101.499733 1.320800
v 108.718437 101.469620 1.320800
v 108.631577 101.430084 1.320800
v 108.547836 101.381233 1.320800
v 108.468697 101.323471 1.320800
v 108.395531 101.257523 1.320800
v 108.329575 101.184357 1.320800
v 108.271820 101.105209 1.320800
v 108.222969 101.021477 1.320800
v 108.183434 100.934616 1.320800
v 108.153320 100.846092 1.320800
v 108.132462 100.757317 1.320800
v 108.120407 100.669579 1.320800
v 108.121605 100.682014 1.346200
v 108.137497 100.782623 1.346200
v 108.165070 100.884132 1.346200
v 108.204865 100.984543 1.346200
v 108.256927 101.081696 1.346200
v 108.320801 101.173386 1.346200
v 108.395531 101.257523 1.346200
v 108.479668 101.332245 1.346200
v 108.571358 101.396126 1.346200
v 108.668510 101.448189 1.346200
v 108.768921 101.487984 1.346200
v 108.870430 101.515556 1.346200
v 108.971039 101.531448 1.346200
v 109.069061 101.536491 1.346200
v 109.167068 101.531448 1.346200
v 109.267677 101.515556 1.346200
v 109.343834 101.496002 1.346200
v 109.419670 101.469620 1.346200
v 109.494278 101.436317 1.346200
v 109.566750 101.396126 1.346200
v 109.636147 101.349274 1.346200
v 109.701576 101.296158 1.346200
v 109.762207 101.237297 1.346200
v 109.817307 101.173386 1.346200
v 109.866295 101.105209 1.346200
v 109.908722 101.033669 1.346200
v 109.944344 100.959663 1.346200
v 109.973030 100.884132 1.346200
v 109.994843 100.807991 1.346200
v 110.009972 100.732094 1.346200
v 110.018738 100.657204 1.346200
v 108.120407 100.498405 1.320800
v 108.132462 100.410683 1.320800
v 108.153320 100.321907 1.320800
v 108.183434 100.233383 1.320800
v 108.222969 100.146523 1.320800
v 108.271820 100.062775 1.320800
v 108.329575 99.983643 1.320800
v 108.395531 99.910477 1.320800
v 108.468697 99.844521 1.320800
v 108.547836 99.786758 1.320800
v 108.631577 99.737915 1.320800
v 108.718437 99.698372 1.320800
v 108.806961 99.668266 1.320800
v 108.895737 99.647408 1.320800
v 108.983459 99.635353 1.320800
v 109.069061 99.631493 1.320800
v 109.154640 99.635353 1.320800
v 109.242371 99.647408 1.320800
v 109.331146 99.668266 1.320800
v 109.419670 99.698372 1.320800
v 109.506531 99.737915 1.320800
v 109.590263 99.786758 1.320800
v 109.669411 99.844521 1.320800
v 109.742577 99.910477 1.320800
v 109.808525 99.983643 1.320800
v 109.866295 100.062775 1.320800
v 109.915138 100.146523 1.320800
v 109.954674 100.233383 1.320800
v 109.984787 100.321907 1.320800
v 110.005646 100.410683 1.320800
v 110.017700 100.498405 1.320800
v 110.017700 100.498405 1.371600
v 110.005646 100.410683 1.371600
v 109.984787 100.321907 1.371600
v 109.954674 100.233383 1.371600
v 109.915138 100.146523 1.371600
v 109.866295 100.062775 1.371600
v 109.808525 99.983643 1.371600
v 109.742577 99.910477 1.371600
v 109.669411 99.844521 1.371600
v 109.590263 99.786758 1.371600
v 109.506531 99.737915 1.371600
v 109.419670 99.698372 1.371600
v 109.331146 99.668266 1.371600
v 109.242371 99.647408 1.371600
v 109.154640 99.635353 1.371600
v 109.069061 99.631493 1.371600
v 108.983459 99.635353 1.371600
v 108.895737 99.647408 1.371600
v 108.806961 99.668266 1.371600
v 108.718437 99.698372 1.371600
v 108.631577 99.737915 1.371600
v 108.547836 99.786758 1.371600
v 108.468697 99.844521 1.371600
v 108.395531 99.910477 1.371600
v 108.329575 99.983643 1.371600
v 108.271820 100.062775 1.371600
v 108.222969 100.146523 1.371600
v 108.183434 100.233383 1.371600
v 108.153320 100.321907 1.371600
v 108.132462 100.410683 1.371600
v 108.120407 100.498405 1.371600
v 108.128136 100.435905 1.346200
v 108.119370 100.510788 1.346200
v 108.143265 100.360008 1.346200
v 108.165070 100.283859 1.346200
v 108.193764 100.208336 1.346200
v 108.229378 100.134331 1.346200
v 108.271820 100.062775 1.346200
v 108.320801 99.994614 1.346200
v 108.375900 99.930702 1.346200
v 108.436531 99.871841 1.346200
v 108.501961 99.818710 1.346200
v 108.571358 99.771873 1.346200
v 108.643829 99.731682 1.346200
v 108.718437 99.698372 1.346200
v 108.794266 99.671997 1.346200
v 108.870430 99.652443 1.346200
v 108.971039 99.636551 1.346200
v 109.069061 99.631493 1.346200
v 109.167068 99.636551 1.346200
v 109.267677 99.652443 1.346200
v 109.369186 99.680016 1.346200
v 109.469597 99.719810 1.346200
v 109.566750 99.771873 1.346200
v 109.658440 99.835747 1.346200
v 109.742577 99.910477 1.346200
v 109.817307 99.994614 1.346200
v 109.881180 100.086304 1.346200
v 109.933243 100.183456 1.346200
v 109.973030 100.283859 1.346200
v 110.000610 100.385376 1.346200
v 110.016502 100.485985 1.346200
v 109.069061 100.583992 1.371600
v 109.069061 100.583992 1.320800
f 12915 12916 12980
f 12980 12916 12981
f 12980 12981 12979
f 12979 12981 12982
f 12979 12982 12978
f 12978 12982 12983
f 12978 12983 12977
f 12977 12983 12984
f 12977 12984 12976
f 12976 12984 12985
f 12976 12985 12975
f 12975 12985 12986
f 12975 12986 12974
f 12974 12986 12987
f 12974 12987 12973
f 12973 12987 12972
f 12972 12987 12988
f 12972 12988 12971
f 12971 12988 12989
f 12971 12989 12970
f 12970 12989 12990
f 12970 12990 12969
f 12969 12990 12991
f 12969 12991 12968
f 12968 12991 12992
f 12968 12992 12967
f 12967 12992 12993
f 12967 12993 12966
f 12966 12993 12994
f 12966 12994 12965
f 12965 12994 12964
f 12964 12994 12995
f 12964 12995 12963
f 12963 12995 12996
f 12963 12996 12962
f 12962 12996 12997
f 12962 12997 12961
f 12961 12997 12998
f 12961 12998 12999
f 12999 12998 12936
f 12999 12936 12937
f 12916 12917 12981
f 12981 12917 12918
f 12981 12918 12982
f 12982 12918 12919
f 12982 12919 12983
f 12983 12919 12920
f 12983 12920 12984
f 12984 12920 12921
f 12984 12921 12985
f 12985 12921 12922
f 12985 12922 12986
f 12986 12922 12923
f 12986 12923 12987
f 12987 12923 12924
f 12987 12924 12925
f 12987 12925 12988
f 12988 12925 12926
f 12988 12926 12989
f 12989 12926 12927
f 12989 12927 12990
f 12990 12927 12928
f 12990 12928 12991
f 12991 12928 12929
f 12991 12929 12992
f 12992 12929 12930
f 12992 12930 12993
f 12993 12930 12931
f 12993 12931 12994
f 12994 12931 12932
f 12994 12932 12933
f 12994 12933 12995
f 12995 12933 12934
f 12995 12934 12996
f 12996 12934 12935
f 12996 12935 12997
f 12997 12935 12936
f 12997 12936 12998
f 12999 12937 13000
f 13000 12937 12938
f 13000 12938 13001
f 13001 12938 12939
f 13001 12939 13002
f 13002 12939 12940
f 13002 12940 13003
f 13003 12940 12941
f 13003 12941 13004
f 13004 12941 12942
f 13004 12942 13005
f 13005 12942 13006
f 13005 13006 12955
f 12955 13006 12954
f 12954 13006 13007
f 12954 13007 12953
f 12953 13007 13008
f 12953 13008 12952
f 12952 13008 13009
f 12952 13009 12951
f 12951 13009 13010
f 12951 13010 12950
f 12950 13010 13011
f 12950 13011 12949
f 12949 13011 12948
f 12948 13011 12947
f 12947 13011 13010
f 12947 13010 12946
f 12946 13010 13009
f 12946 13009 12945
f 12945 13009 13008
f 12945 13008 12944
f 12944 13008 13007
f 12944 13007 12943
f 12943 13007 13006
f 12943 13006 12942
f 13005 12955 13004
f 13004 12955 12956
f 13004 12956 13003
f 13003 12956 12957
f 13003 12957 13002
f 13002 12957 12958
f 13002 12958 13001
f 13001 12958 12959
f 13001 12959 13000
f 13000 12959 12960
f 13000 12960 12999
f 12999 12960 12961
f 13073 12916 13075
f 13075 12916 12915
f 13075 12915 13012
f 13075 13012 13074
f 13074 13012 13013
f 13074 13013 13076
f 13076 13013 13014
f 13076 13014 13077
f 13077 13014 13015
f 13077 13015 13078
f 13078 13015 13016
f 13078 13016 13079
f 13079 13016 13017
f 13079 13017 13080
f 13080 13017 13081
f 13080 13081 13068
f 13068 13081 13067
f 13067 13081 13082
f 13067 13082 13066
f 13066 13082 13083
f 13066 13083 13065
f 13065 13083 13084
f 13065 13084 13064
f 13064 13084 13085
f 13064 13085 13063
f 13063 13085 13086
f 13063 13086 13062
f 13062 13086 13087
f 13062 13087 13088
f 13088 13087 13023
f 13088 13023 13024
f 13017 13018 13081
f 13081 13018 13082
f 13018 13019 13082
f 13082 13019 13083
f 13019 13020 13083
f 13083 13020 13084
f 13020 13021 13084
f 13084 13021 13085
f 13021 13022 13085
f 13085 13022 13086
f 13022 13023 13086
f 13086 13023 13087
f 13088 13024 13089
f 13089 13024 13025
f 13089 13025 13090
f 13090 13025 13026
f 13090 13026 13091
f 13091 13026 13027
f 13091 13027 13028
f 13091 13028 13092
f 13092 13028 13029
f 13092 13029 13093
f 13093 13029 13030
f 13093 13030 13094
f 13094 13030 13031
f 13094 13031 13095
f 13095 13031 13032
f 13095 13032 13096
f 13096 13032 13033
f 13096 13033 13097
f 13097 13033 13034
f 13097 13034 13098
f 13098 13034 13035
f 13098 13035 13036
f 13098 13036 13099
f 13099 13036 13037
f 13099 13037 13100
f 13100 13037 13038
f 13100 13038 13101
f 13101 13038 13039
f 13101 13039 13102
f 13102 13039 13040
f 13102 13040 13103
f 13103 13040 13041
f 13103 13041 13104
f 13104 13041 13042
f 13104 13042 12948
f 12948 13042 12949
f 12948 13043 13104
f 13104 13043 13044
f 13104 13044 13103
f 13103 13044 13045
f 13103 13045 13102
f 13102 13045 13046
f 13102 13046 13101
f 13101 13046 13047
f 13101 13047 13100
f 13100 13047 13048
f 13100 13048 13099
f 13099 13048 13049
f 13099 13049 13098
f 13098 13049 13050
f 13098 13050 13051
f 13098 13051 13097
f 13097 13051 13052
f 13097 13052 13096
f 13096 13052 13053
f 13096 13053 13095
f 13095 13053 13054
f 13095 13054 13094
f 13094 13054 13055
f 13094 13055 13093
f 13093 13055 13056
f 13093 13056 13092
f 13092 13056 13057
f 13092 13057 13091
f 13091 13057 13058
f 13091 13058 13059
f 13091 13059 13090
f 13090 13059 13060
f 13090 13060 13089
f 13089 13060 13061
f 13089 13061 13088
f 13088 13061 13062
f 13080 13068 13079
f 13079 13068 13069
f 13079 13069 13078
f 13078 13069 13070
f 13078 13070 13077
f 13077 13070 13071
f 13077 13071 13076
f 13076 13071 13072
f 13076 13072 13074
f 13074 13072 13073
f 13074 13073 13075
f 13043 12948 13105
f 13105 12948 12947
f 13105 12947 12946
f 12946 12945 13105
f 13105 12945 12944
f 13105 12944 12943
f 12943 12942 13105
f 13105 12942 12941
f 13105 12941 12940
f 12940 12939 13105
f 13105 12939 12938
f 13105 12938 12937
f 12937 12936 13105
f 13105 12936 12935
f 13105 12935 12934
f 12934 12933 13105
f 13105 12933 12932
f 13105 12932 12931
f 12931 12930 13105
f 13105 12930 12929
f 13105 12929 12928
f 12928 12927 13105
f 13105 12927 12926
f 13105 12926 12925
f 12925 12924 13105
f 13105 12924 12923
f 13105 12923 12922
f 12922 12921 13105
f 13105 12921 12920
f 13105 12920 12919
f 12919 12918 13105
f 13105 12918 12917
f 13105 12917 12916
f 12916 13073 13105
f 13105 13073 13072
f 13105 13072 13071
f 13071 13070 13105
f 13105 13070 13069
f 13105 13069 13068
f 13068 13067 13105
f 13105 13067 13066
f 13105 13066 13065
f 13065 13064 13105
f 13105 13064 13063
f 13105 13063 13062
f 13062 13061 13105
f 13105 13061 13060
f 13105 13060 13059
f 13059 13058 13105
f 13105 13058 13057
f 13105 13057 13056
f 13056 13055 13105
f 13105 13055 13054
f 13105 13054 13053
f 13053 13052 13105
f 13105 13052 13051
f 13105 13051 13050
f 13050 13049 13105
f 13105 13049 13048
f 13105 13048 13047
f 13047 13046 13105
f 13105 13046 13045
f 13105 13045 13044
f 13044 13043 13105
f 13012 12915 13106
f 13106 12915 12980
f 13106 12980 12979
f 12979 12978 13106
f 13106 12978 12977
f 13106 12977 12976
f 12976 12975 13106
f 13106 12975 12974
f 13106 12974 12973
f 12973 12972 13106
f 13106 12972 12971
f 13106 12971 12970
f 12970 12969 13106
f 13106 12969 12968
f 13106 12968 12967
f 12967 12966 13106
f 13106 12966 12965
f 13106 12965 12964
f 12964 12963 13106
f 13106 12963 12962
f 13106 12962 12961
f 12961 12960 13106
f 13106 12960 12959
f 13106 12959 12958
f 12958 12957 13106
f 13106 12957 12956
f 13106 12956 12955
f 12955 12954 13106
f 13106 12954 12953
f 13106 12953 12952
f 12952 12951 13106
f 13106 12951 12950
f 13106 12950 12949
f 12949 13042 13106
f 13106 13042 13041
f 13106 13041 13040
f 13040 13039 13106
f 13106 13039 13038
f 13106 13038 13037
f 13037 13036 13106
f 13106 13036 13035
f 13106 13035 13034
f 13034 13033 13106
f 13106 13033 13032
f 13106 13032 13031
f 13031 13030 13106
f 13106 13030 13029
f 13106 13029 13028
f 13028 13027 13106
f 13106 13027 13026
f 13106 13026 13025
f 13025 13024 13106
f 13106 13024 13023
f 13106 13023 13022
f 13022 13021 13106
f 13106 13021 13020
f 13106 13020 13019
f 13019 13018 13106
f 13106 13018 13017
f 13106 13017 13016
f 13016 13015 13106
f 13106 13015 13014
f 13106 13014 13013
f 13013 13012 13106
g MeshBody68

v 57.926155 50.393600 1.320800
v 57.926155 50.393600 1.371600
v 57.930004 50.479187 1.371600
v 57.942055 50.566917 1.371600
v 57.962921 50.655685 1.371600
v 57.993031 50.744209 1.371600
v 58.032562 50.831078 1.371600
v 58.081413 50.914818 1.371600
v 58.139179 50.993961 1.371600
v 58.205132 51.067120 1.371600
v 58.278297 51.133076 1.371600
v 58.357433 51.190838 1.371600
v 58.441174 51.239693 1.371600
v 58.528046 51.279224 1.371600
v 58.616566 51.309334 1.371600
v 58.705334 51.330200 1.371600
v 58.793068 51.342247 1.371600
v 58.878654 51.346100 1.371600
v 58.964241 51.342247 1.371600
v 59.051975 51.330200 1.371600
v 59.140739 51.309334 1.371600
v 59.229267 51.279224 1.371600
v 59.316132 51.239693 1.371600
v 59.399872 51.190838 1.371600
v 59.479015 51.133076 1.371600
v 59.552174 51.067120 1.371600
v 59.618130 50.993961 1.371600
v 59.675892 50.914818 1.371600
v 59.724747 50.831078 1.371600
v 59.764278 50.744209 1.371600
v 59.794388 50.655685 1.371600
v 59.815254 50.566917 1.371600
v 59.827301 50.479187 1.371600
v 59.831154 50.393600 1.371600
v 59.831154 50.393600 1.320800
v 59.827301 50.479187 1.320800
v 59.815254 50.566917 1.320800
v 59.794388 50.655685 1.320800
v 59.764278 50.744209 1.320800
v 59.724747 50.831078 1.320800
v 59.675892 50.914818 1.320800
v 59.618130 50.993961 1.320800
v 59.552174 51.067120 1.320800
v 59.479015 51.133076 1.320800
v 59.399872 51.190838 1.320800
v 59.316132 51.239693 1.320800
v 59.229267 51.279224 1.320800
v 59.140739 51.309334 1.320800
v 59.051975 51.330200 1.320800
v 58.964241 51.342247 1.320800
v 58.878654 51.346100 1.320800
v 58.793068 51.342247 1.320800
v 58.705334 51.330200 1.320800
v 58.616566 51.309334 1.320800
v 58.528046 51.279224 1.320800
v 58.441174 51.239693 1.320800
v 58.357433 51.190838 1.320800
v 58.278297 51.133076 1.320800
v 58.205132 51.067120 1.320800
v 58.139179 50.993961 1.320800
v 58.081413 50.914818 1.320800
v 58.032562 50.831078 1.320800
v 57.993031 50.744209 1.320800
v 57.962921 50.655685 1.320800
v 57.942055 50.566917 1.320800
v 57.930004 50.479187 1.320800
v 57.931210 50.491611 1.346200
v 57.947098 50.592232 1.346200
v 57.974678 50.693737 1.346200
v 58.014465 50.794147 1.346200
v 58.066528 50.891296 1.346200
v 58.130405 50.982986 1.346200
v 58.205132 51.067120 1.346200
v 58.289265 51.141850 1.346200
v 58.380955 51.205730 1.346200
v 58.478111 51.257786 1.346200
v 58.578518 51.297577 1.346200
v 58.680023 51.325157 1.346200
v 58.780640 51.341042 1.346200
v 58.878654 51.346100 1.346200
v 58.976665 51.341042 1.346200
v 59.077286 51.325157 1.346200
v 59.153435 51.305603 1.346200
v 59.229267 51.279224 1.346200
v 59.303879 51.245911 1.346200
v 59.376350 51.205730 1.346200
v 59.445751 51.158882 1.346200
v 59.511177 51.105762 1.346200
v 59.571804 51.046902 1.346200
v 59.626904 50.982986 1.346200
v 59.675892 50.914818 1.346200
v 59.718330 50.843266 1.346200
v 59.753944 50.769260 1.346200
v 59.782631 50.693737 1.346200
v 59.804440 50.617599 1.346200
v 59.819569 50.541695 1.346200
v 59.828339 50.466801 1.346200
v 57.930004 50.308014 1.320800
v 57.942055 50.220284 1.320800
v 57.962921 50.131512 1.320800
v 57.993031 50.042992 1.320800
v 58.032562 49.956123 1.320800
v 58.081413 49.872383 1.320800
v 58.139179 49.793240 1.320800
v 58.205132 49.720081 1.320800
v 58.278297 49.654125 1.320800
v 58.357433 49.596363 1.320800
v 58.441174 49.547508 1.320800
v 58.528046 49.507977 1.320800
v 58.616566 49.477867 1.320800
v 58.705334 49.457001 1.320800
v 58.793068 49.444950 1.320800
v 58.878654 49.441101 1.320800
v 58.964241 49.444950 1.320800
v 59.051975 49.457001 1.320800
v 59.140739 49.477867 1.320800
v 59.229267 49.507977 1.320800
v 59.316132 49.547508 1.320800
v 59.399872 49.596363 1.320800
v 59.479015 49.654125 1.320800
v 59.552174 49.720081 1.320800
v 59.618130 49.793240 1.320800
v 59.675892 49.872383 1.320800
v 59.724747 49.956123 1.320800
v 59.764278 50.042992 1.320800
v 59.794388 50.131512 1.320800
v 59.815254 50.220284 1.320800
v 59.827301 50.308014 1.320800
v 59.827301 50.308014 1.371600
v 59.815254 50.220284 1.371600
v 59.794388 50.131512 1.371600
v 59.764278 50.042992 1.371600
v 59.724747 49.956123 1.371600
v 59.675892 49.872383 1.371600
v 59.618130 49.793240 1.371600
v 59.552174 49.720081 1.371600
v 59.479015 49.654125 1.371600
v 59.399872 49.596363 1.371600
v 59.316132 49.547508 1.371600
v 59.229267 49.507977 1.371600
v 59.140739 49.477867 1.371600
v 59.051975 49.457001 1.371600
v 58.964241 49.444950 1.371600
v 58.878654 49.441101 1.371600
v 58.793068 49.444950 1.371600
v 58.705334 49.457001 1.371600
v 58.616566 49.477867 1.371600
v 58.528046 49.507977 1.371600
v 58.441174 49.547508 1.371600
v 58.357433 49.596363 1.371600
v 58.278297 49.654125 1.371600
v 58.205132 49.720081 1.371600
v 58.139179 49.793240 1.371600
v 58.081413 49.872383 1.371600
v 58.032562 49.956123 1.371600
v 57.993031 50.042992 1.371600
v 57.962921 50.131512 1.371600
v 57.942055 50.220284 1.371600
v 57.930004 50.308014 1.371600
v 57.937737 50.245502 1.346200
v 57.928974 50.320396 1.346200
v 57.952866 50.169601 1.346200
v 57.974678 50.093464 1.346200
v 58.003365 50.017941 1.346200
v 58.038975 49.943932 1.346200
v 58.081413 49.872383 1.346200
v 58.130405 49.804211 1.346200
v 58.185509 49.740295 1.346200
v 58.246132 49.681438 1.346200
v 58.311558 49.628319 1.346200
v 58.380955 49.581470 1.346200
v 58.453426 49.541286 1.346200
v 58.528046 49.507977 1.346200
v 58.603874 49.481598 1.346200
v 58.680023 49.462040 1.346200
v 58.780640 49.446159 1.346200
v 58.878654 49.441101 1.346200
v 58.976665 49.446159 1.346200
v 59.077286 49.462040 1.346200
v 59.178791 49.489624 1.346200
v 59.279202 49.529411 1.346200
v 59.376350 49.581470 1.346200
v 59.468040 49.645351 1.346200
v 59.552174 49.720081 1.346200
v 59.626904 49.804211 1.346200
v 59.690784 49.895901 1.346200
v 59.742840 49.993053 1.346200
v 59.782631 50.093464 1.346200
v 59.810215 50.194969 1.346200
v 59.826099 50.295586 1.346200
v 58.878654 50.393600 1.371600
v 58.878654 50.393600 1.320800
f 13107 13108 13172
f 13172 13108 13173
f 13172 13173 13171
f 13171 13173 13174
f 13171 13174 13170
f 13170 13174 13175
f 13170 13175 13169
f 13169 13175 13176
f 13169 13176 13168
f 13168 13176 13177
f 13168 13177 13167
f 13167 13177 13178
f 13167 13178 13166
f 13166 13178 13179
f 13166 13179 13165
f 13165 13179 13164
f 13164 13179 13180
f 13164 13180 13163
f 13163 13180 13181
f 13163 13181 13162
f 13162 13181 13182
f 13162 13182 13161
f 13161 13182 13183
f 13161 13183 13160
f 13160 13183 13184
f 13160 13184 13159
f 13159 13184 13185
f 13159 13185 13158
f 13158 13185 13186
f 13158 13186 13157
f 13157 13186 13156
f 13156 13186 13187
f 13156 13187 13155
f 13155 13187 13188
f 13155 13188 13154
f 13154 13188 13189
f 13154 13189 13153
f 13153 13189 13190
f 13153 13190 13191
f 13191 13190 13128
f 13191 13128 13129
f 13108 13109 13173
f 13173 13109 13110
f 13173 13110 13174
f 13174 13110 13111
f 13174 13111 13175
f 13175 13111 13112
f 13175 13112 13176
f 13176 13112 13113
f 13176 13113 13177
f 13177 13113 13114
f 13177 13114 13178
f 13178 13114 13115
f 13178 13115 13179
f 13179 13115 13116
f 13179 13116 13117
f 13179 13117 13180
f 13180 13117 13118
f 13180 13118 13181
f 13181 13118 13119
f 13181 13119 13182
f 13182 13119 13120
f 13182 13120 13183
f 13183 13120 13121
f 13183 13121 13184
f 13184 13121 13122
f 13184 13122 13185
f 13185 13122 13123
f 13185 13123 13186
f 13186 13123 13124
f 13186 13124 13125
f 13186 13125 13187
f 13187 13125 13126
f 13187 13126 13188
f 13188 13126 13127
f 13188 13127 13189
f 13189 13127 13128
f 13189 13128 13190
f 13191 13129 13192
f 13192 13129 13130
f 13192 13130 13193
f 13193 13130 13131
f 13193 13131 13194
f 13194 13131 13132
f 13194 13132 13195
f 13195 13132 13133
f 13195 13133 13196
f 13196 13133 13134
f 13196 13134 13197
f 13197 13134 13198
f 13197 13198 13147
f 13147 13198 13146
f 13146 13198 13199
f 13146 13199 13145
f 13145 13199 13200
f 13145 13200 13144
f 13144 13200 13201
f 13144 13201 13143
f 13143 13201 13202
f 13143 13202 13142
f 13142 13202 13203
f 13142 13203 13141
f 13141 13203 13140
f 13140 13203 13139
f 13139 13203 13202
f 13139 13202 13138
f 13138 13202 13201
f 13138 13201 13137
f 13137 13201 13200
f 13137 13200 13136
f 13136 13200 13199
f 13136 13199 13135
f 13135 13199 13198
f 13135 13198 13134
f 13197 13147 13196
f 13196 13147 13148
f 13196 13148 13195
f 13195 13148 13149
f 13195 13149 13194
f 13194 13149 13150
f 13194 13150 13193
f 13193 13150 13151
f 13193 13151 13192
f 13192 13151 13152
f 13192 13152 13191
f 13191 13152 13153
f 13265 13108 13267
f 13267 13108 13107
f 13267 13107 13204
f 13267 13204 13266
f 13266 13204 13205
f 13266 13205 13268
f 13268 13205 13206
f 13268 13206 13269
f 13269 13206 13207
f 13269 13207 13270
f 13270 13207 13208
f 13270 13208 13271
f 13271 13208 13209
f 13271 13209 13272
f 13272 13209 13273
f 13272 13273 13260
f 13260 13273 13259
f 13259 13273 13274
f 13259 13274 13258
f 13258 13274 13275
f 13258 13275 13257
f 13257 13275 13276
f 13257 13276 13256
f 13256 13276 13277
f 13256 13277 13255
f 13255 13277 13278
f 13255 13278 13254
f 13254 13278 13279
f 13254 13279 13280
f 13280 13279 13215
f 13280 13215 13216
f 13209 13210 13273
f 13273 13210 13274
f 13210 13211 13274
f 13274 13211 13275
f 13211 13212 13275
f 13275 13212 13276
f 13212 13213 13276
f 13276 13213 13277
f 13213 13214 13277
f 13277 13214 13278
f 13214 13215 13278
f 13278 13215 13279
f 13280 13216 13281
f 13281 13216 13217
f 13281 13217 13282
f 13282 13217 13218
f 13282 13218 13283
f 13283 13218 13219
f 13283 13219 13220
f 13283 13220 13284
f 13284 13220 13221
f 13284 13221 13285
f 13285 13221 13222
f 13285 13222 13286
f 13286 13222 13223
f 13286 13223 13287
f 13287 13223 13224
f 13287 13224 13288
f 13288 13224 13225
f 13288 13225 13289
f 13289 13225 13226
f 13289 13226 13290
f 13290 13226 13227
f 13290 13227 13228
f 13290 13228 13291
f 13291 13228 13229
f 13291 13229 13292
f 13292 13229 13230
f 13292 13230 13293
f 13293 13230 13231
f 13293 13231 13294
f 13294 13231 13232
f 13294 13232 13295
f 13295 13232 13233
f 13295 13233 13296
f 13296 13233 13234
f 13296 13234 13140
f 13140 13234 13141
f 13140 13235 13296
f 13296 13235 13236
f 13296 13236 13295
f 13295 13236 13237
f 13295 13237 13294
f 13294 13237 13238
f 13294 13238 13293
f 13293 13238 13239
f 13293 13239 13292
f 13292 13239 13240
f 13292 13240 13291
f 13291 13240 13241
f 13291 13241 13290
f 13290 13241 13242
f 13290 13242 13243
f 13290 13243 13289
f 13289 13243 13244
f 13289 13244 13288
f 13288 13244 13245
f 13288 13245 13287
f 13287 13245 13246
f 13287 13246 13286
f 13286 13246 13247
f 13286 13247 13285
f 13285 13247 13248
f 13285 13248 13284
f 13284 13248 13249
f 13284 13249 13283
f 13283 13249 13250
f 13283 13250 13251
f 13283 13251 13282
f 13282 13251 13252
f 13282 13252 13281
f 13281 13252 13253
f 13281 13253 13280
f 13280 13253 13254
f 13272 13260 13271
f 13271 13260 13261
f 13271 13261 13270
f 13270 13261 13262
f 13270 13262 13269
f 13269 13262 13263
f 13269 13263 13268
f 13268 13263 13264
f 13268 13264 13266
f 13266 13264 13265
f 13266 13265 13267
f 13235 13140 13297
f 13297 13140 13139
f 13297 13139 13138
f 13138 13137 13297
f 13297 13137 13136
f 13297 13136 13135
f 13135 13134 13297
f 13297 13134 13133
f 13297 13133 13132
f 13132 13131 13297
f 13297 13131 13130
f 13297 13130 13129
f 13129 13128 13297
f 13297 13128 13127
f 13297 13127 13126
f 13126 13125 13297
f 13297 13125 13124
f 13297 13124 13123
f 13123 13122 13297
f 13297 13122 13121
f 13297 13121 13120
f 13120 13119 13297
f 13297 13119 13118
f 13297 13118 13117
f 13117 13116 13297
f 13297 13116 13115
f 13297 13115 13114
f 13114 13113 13297
f 13297 13113 13112
f 13297 13112 13111
f 13111 13110 13297
f 13297 13110 13109
f 13297 13109 13108
f 13108 13265 13297
f 13297 13265 13264
f 13297 13264 13263
f 13263 13262 13297
f 13297 13262 13261
f 13297 13261 13260
f 13260 13259 13297
f 13297 13259 13258
f 13297 13258 13257
f 13257 13256 13297
f 13297 13256 13255
f 13297 13255 13254
f 13254 13253 13297
f 13297 13253 13252
f 13297 13252 13251
f 13251 13250 13297
f 13297 13250 13249
f 13297 13249 13248
f 13248 13247 13297
f 13297 13247 13246
f 13297 13246 13245
f 13245 13244 13297
f 13297 13244 13243
f 13297 13243 13242
f 13242 13241 13297
f 13297 13241 13240
f 13297 13240 13239
f 13239 13238 13297
f 13297 13238 13237
f 13297 13237 13236
f 13236 13235 13297
f 13204 13107 13298
f 13298 13107 13172
f 13298 13172 13171
f 13171 13170 13298
f 13298 13170 13169
f 13298 13169 13168
f 13168 13167 13298
f 13298 13167 13166
f 13298 13166 13165
f 13165 13164 13298
f 13298 13164 13163
f 13298 13163 13162
f 13162 13161 13298
f 13298 13161 13160
f 13298 13160 13159
f 13159 13158 13298
f 13298 13158 13157
f 13298 13157 13156
f 13156 13155 13298
f 13298 13155 13154
f 13298 13154 13153
f 13153 13152 13298
f 13298 13152 13151
f 13298 13151 13150
f 13150 13149 13298
f 13298 13149 13148
f 13298 13148 13147
f 13147 13146 13298
f 13298 13146 13145
f 13298 13145 13144
f 13144 13143 13298
f 13298 13143 13142
f 13298 13142 13141
f 13141 13234 13298
f 13298 13234 13233
f 13298 13233 13232
f 13232 13231 13298
f 13298 13231 13230
f 13298 13230 13229
f 13229 13228 13298
f 13298 13228 13227
f 13298 13227 13226
f 13226 13225 13298
f 13298 13225 13224
f 13298 13224 13223
f 13223 13222 13298
f 13298 13222 13221
f 13298 13221 13220
f 13220 13219 13298
f 13298 13219 13218
f 13298 13218 13217
f 13217 13216 13298
f 13298 13216 13215
f 13298 13215 13214
f 13214 13213 13298
f 13298 13213 13212
f 13298 13212 13211
f 13211 13210 13298
f 13298 13210 13209
f 13298 13209 13208
f 13208 13207 13298
f 13298 13207 13206
f 13298 13206 13205
f 13205 13204 13298
g MeshBody69

v 32.830952 25.298399 1.320800
v 32.830952 25.298399 1.371600
v 32.834808 25.383986 1.371600
v 32.846855 25.471720 1.371600
v 32.867722 25.560490 1.371600
v 32.897831 25.649010 1.371600
v 32.937363 25.735878 1.371600
v 32.986214 25.819618 1.371600
v 33.043980 25.898758 1.371600
v 33.109936 25.971920 1.371600
v 33.183094 26.037874 1.371600
v 33.262238 26.095638 1.371600
v 33.345978 26.144489 1.371600
v 33.432846 26.184025 1.371600
v 33.521366 26.214130 1.371600
v 33.610134 26.234997 1.371600
v 33.697868 26.247046 1.371600
v 33.783455 26.250900 1.371600
v 33.869041 26.247046 1.371600
v 33.956772 26.234997 1.371600
v 34.045544 26.214130 1.371600
v 34.134064 26.184025 1.371600
v 34.220932 26.144489 1.371600
v 34.304672 26.095638 1.371600
v 34.383816 26.037874 1.371600
v 34.456974 25.971920 1.371600
v 34.522930 25.898758 1.371600
v 34.580692 25.819618 1.371600
v 34.629543 25.735878 1.371600
v 34.669079 25.649010 1.371600
v 34.699188 25.560490 1.371600
v 34.720055 25.471720 1.371600
v 34.732101 25.383986 1.371600
v 34.735954 25.298399 1.371600
v 34.735954 25.298399 1.320800
v 34.732101 25.383986 1.320800
v 34.720055 25.471720 1.320800
v 34.699188 25.560490 1.320800
v 34.669079 25.649010 1.320800
v 34.629543 25.735878 1.320800
v 34.580692 25.819618 1.320800
v 34.522930 25.898758 1.320800
v 34.456974 25.971920 1.320800
v 34.383816 26.037874 1.320800
v 34.304672 26.095638 1.320800
v 34.220932 26.144489 1.320800
v 34.134064 26.184025 1.320800
v 34.045544 26.214130 1.320800
v 33.956772 26.234997 1.320800
v 33.869041 26.247046 1.320800
v 33.783455 26.250900 1.320800
v 33.697868 26.247046 1.320800
v 33.610134 26.234997 1.320800
v 33.521366 26.214130 1.320800
v 33.432846 26.184025 1.320800
v 33.345978 26.144489 1.320800
v 33.262238 26.095638 1.320800
v 33.183094 26.037874 1.320800
v 33.109936 25.971920 1.320800
v 33.043980 25.898758 1.320800
v 32.986214 25.819618 1.320800
v 32.937363 25.735878 1.320800
v 32.897831 25.649010 1.320800
v 32.867722 25.560490 1.320800
v 32.846855 25.471720 1.320800
v 32.834808 25.383986 1.320800
v 32.836010 25.396412 1.346200
v 32.851894 25.497028 1.346200
v 32.879478 25.598536 1.346200
v 32.919266 25.698944 1.346200
v 32.971325 25.796097 1.346200
v 33.035206 25.887787 1.346200
v 33.109936 25.971920 1.346200
v 33.194065 26.046648 1.346200
v 33.285755 26.110527 1.346200
v 33.382908 26.162586 1.346200
v 33.483318 26.202375 1.346200
v 33.584824 26.229959 1.346200
v 33.685444 26.245844 1.346200
v 33.783455 26.250900 1.346200
v 33.881466 26.245844 1.346200
v 33.982086 26.229959 1.346200
v 34.058235 26.210403 1.346200
v 34.134064 26.184025 1.346200
v 34.208679 26.150715 1.346200
v 34.281155 26.110527 1.346200
v 34.350552 26.063683 1.346200
v 34.415974 26.010561 1.346200
v 34.476601 25.951700 1.346200
v 34.531704 25.887787 1.346200
v 34.580692 25.819618 1.346200
v 34.623131 25.748068 1.346200
v 34.658745 25.674063 1.346200
v 34.687431 25.598536 1.346200
v 34.709244 25.522396 1.346200
v 34.724373 25.446493 1.346200
v 34.733135 25.371605 1.346200
v 32.834808 25.212814 1.320800
v 32.846855 25.125080 1.320800
v 32.867722 25.036310 1.320800
v 32.897831 24.947788 1.320800
v 32.937363 24.860922 1.320800
v 32.986214 24.777182 1.320800
v 33.043980 24.698042 1.320800
v 33.109936 24.624880 1.320800
v 33.183094 24.558922 1.320800
v 33.262238 24.501162 1.320800
v 33.345978 24.452309 1.320800
v 33.432846 24.412775 1.320800
v 33.521366 24.382668 1.320800
v 33.610134 24.361803 1.320800
v 33.697868 24.349754 1.320800
v 33.783455 24.345900 1.320800
v 33.869041 24.349754 1.320800
v 33.956772 24.361803 1.320800
v 34.045544 24.382668 1.320800
v 34.134064 24.412775 1.320800
v 34.220932 24.452309 1.320800
v 34.304672 24.501162 1.320800
v 34.383816 24.558922 1.320800
v 34.456974 24.624880 1.320800
v 34.522930 24.698042 1.320800
v 34.580692 24.777182 1.320800
v 34.629543 24.860922 1.320800
v 34.669079 24.947788 1.320800
v 34.699188 25.036310 1.320800
v 34.720055 25.125080 1.320800
v 34.732101 25.212814 1.320800
v 34.732101 25.212814 1.371600
v 34.720055 25.125080 1.371600
v 34.699188 25.036310 1.371600
v 34.669079 24.947788 1.371600
v 34.629543 24.860922 1.371600
v 34.580692 24.777182 1.371600
v 34.522930 24.698042 1.371600
v 34.456974 24.624880 1.371600
v 34.383816 24.558922 1.371600
v 34.304672 24.501162 1.371600
v 34.220932 24.452309 1.371600
v 34.134064 24.412775 1.371600
v 34.045544 24.382668 1.371600
v 33.956772 24.361803 1.371600
v 33.869041 24.349754 1.371600
v 33.783455 24.345900 1.371600
v 33.697868 24.349754 1.371600
v 33.610134 24.361803 1.371600
v 33.521366 24.382668 1.371600
v 33.432846 24.412775 1.371600
v 33.345978 24.452309 1.371600
v 33.262238 24.501162 1.371600
v 33.183094 24.558922 1.371600
v 33.109936 24.624880 1.371600
v 33.043980 24.698042 1.371600
v 32.986214 24.777182 1.371600
v 32.937363 24.860922 1.371600
v 32.897831 24.947788 1.371600
v 32.867722 25.036310 1.371600
v 32.846855 25.125080 1.371600
v 32.834808 25.212814 1.371600
v 32.842537 25.150303 1.346200
v 32.833775 25.225195 1.346200
v 32.857666 25.074404 1.346200
v 32.879478 24.998262 1.346200
v 32.908161 24.922737 1.346200
v 32.943779 24.848732 1.346200
v 32.986214 24.777182 1.346200
v 33.035206 24.709013 1.346200
v 33.090309 24.645100 1.346200
v 33.150932 24.586239 1.346200
v 33.216358 24.533117 1.346200
v 33.285755 24.486271 1.346200
v 33.358231 24.446085 1.346200
v 33.432846 24.412775 1.346200
v 33.508675 24.386396 1.346200
v 33.584824 24.366840 1.346200
v 33.685444 24.350956 1.346200
v 33.783455 24.345900 1.346200
v 33.881466 24.350956 1.346200
v 33.982086 24.366840 1.346200
v 34.083591 24.394421 1.346200
v 34.184002 24.434214 1.346200
v 34.281155 24.486271 1.346200
v 34.372845 24.550150 1.346200
v 34.456974 24.624880 1.346200
v 34.531704 24.709013 1.346200
v 34.595585 24.800703 1.346200
v 34.647644 24.897856 1.346200
v 34.687431 24.998262 1.346200
v 34.715015 25.099771 1.346200
v 34.730900 25.200388 1.346200
v 33.783455 25.298399 1.371600
v 33.783455 25.298399 1.320800
f 13299 13300 13364
f 13364 13300 13365
f 13364 13365 13363
f 13363 13365 13366
f 13363 13366 13362
f 13362 13366 13367
f 13362 13367 13361
f 13361 13367 13368
f 13361 13368 13360
f 13360 13368 13369
f 13360 13369 13359
f 13359 13369 13370
f 13359 13370 13358
f 13358 13370 13371
f 13358 13371 13357
f 13357 13371 13356
f 13356 13371 13372
f 13356 13372 13355
f 13355 13372 13373
f 13355 13373 13354
f 13354 13373 13374
f 13354 13374 13353
f 13353 13374 13375
f 13353 13375 13352
f 13352 13375 13376
f 13352 13376 13351
f 13351 13376 13377
f 13351 13377 13350
f 13350 13377 13378
f 13350 13378 13349
f 13349 13378 13348
f 13348 13378 13379
f 13348 13379 13347
f 13347 13379 13380
f 13347 13380 13346
f 13346 13380 13381
f 13346 13381 13345
f 13345 13381 13382
f 13345 13382 13383
f 13383 13382 13320
f 13383 13320 13321
f 13300 13301 13365
f 13365 13301 13302
f 13365 13302 13366
f 13366 13302 13303
f 13366 13303 13367
f 13367 13303 13304
f 13367 13304 13368
f 13368 13304 13305
f 13368 13305 13369
f 13369 13305 13306
f 13369 13306 13370
f 13370 13306 13307
f 13370 13307 13371
f 13371 13307 13308
f 13371 13308 13309
f 13371 13309 13372
f 13372 13309 13310
f 13372 13310 13373
f 13373 13310 13311
f 13373 13311 13374
f 13374 13311 13312
f 13374 13312 13375
f 13375 13312 13313
f 13375 13313 13376
f 13376 13313 13314
f 13376 13314 13377
f 13377 13314 13315
f 13377 13315 13378
f 13378 13315 13316
f 13378 13316 13317
f 13378 13317 13379
f 13379 13317 13318
f 13379 13318 13380
f 13380 13318 13319
f 13380 13319 13381
f 13381 13319 13320
f 13381 13320 13382
f 13383 13321 13384
f 13384 13321 13322
f 13384 13322 13385
f 13385 13322 13323
f 13385 13323 13386
f 13386 13323 13324
f 13386 13324 13387
f 13387 13324 13325
f 13387 13325 13388
f 13388 13325 13326
f 13388 13326 13389
f 13389 13326 13390
f 13389 13390 13339
f 13339 13390 13338
f 13338 13390 13391
f 13338 13391 13337
f 13337 13391 13392
f 13337 13392 13336
f 13336 13392 13393
f 13336 13393 13335
f 13335 13393 13394
f 13335 13394 13334
f 13334 13394 13395
f 13334 13395 13333
f 13333 13395 13332
f 13332 13395 13331
f 13331 13395 13394
f 13331 13394 13330
f 13330 13394 13393
f 13330 13393 13329
f 13329 13393 13392
f 13329 13392 13328
f 13328 13392 13391
f 13328 13391 13327
f 13327 13391 13390
f 13327 13390 13326
f 13389 13339 13388
f 13388 13339 13340
f 13388 13340 13387
f 13387 13340 13341
f 13387 13341 13386
f 13386 13341 13342
f 13386 13342 13385
f 13385 13342 13343
f 13385 13343 13384
f 13384 13343 13344
f 13384 13344 13383
f 13383 13344 13345
f 13457 13300 13459
f 13459 13300 13299
f 13459 13299 13396
f 13459 13396 13458
f 13458 13396 13397
f 13458 13397 13460
f 13460 13397 13398
f 13460 13398 13461
f 13461 13398 13399
f 13461 13399 13462
f 13462 13399 13400
f 13462 13400 13463
f 13463 13400 13401
f 13463 13401 13464
f 13464 13401 13465
f 13464 13465 13452
f 13452 13465 13451
f 13451 13465 13466
f 13451 13466 13450
f 13450 13466 13467
f 13450 13467 13449
f 13449 13467 13468
f 13449 13468 13448
f 13448 13468 13469
f 13448 13469 13447
f 13447 13469 13470
f 13447 13470 13446
f 13446 13470 13471
f 13446 13471 13472
f 13472 13471 13407
f 13472 13407 13408
f 13401 13402 13465
f 13465 13402 13466
f 13402 13403 13466
f 13466 13403 13467
f 13403 13404 13467
f 13467 13404 13468
f 13404 13405 13468
f 13468 13405 13469
f 13405 13406 13469
f 13469 13406 13470
f 13406 13407 13470
f 13470 13407 13471
f 13472 13408 13473
f 13473 13408 13409
f 13473 13409 13474
f 13474 13409 13410
f 13474 13410 13475
f 13475 13410 13411
f 13475 13411 13412
f 13475 13412 13476
f 13476 13412 13413
f 13476 13413 13477
f 13477 13413 13414
f 13477 13414 13478
f 13478 13414 13415
f 13478 13415 13479
f 13479 13415 13416
f 13479 13416 13480
f 13480 13416 13417
f 13480 13417 13481
f 13481 13417 13418
f 13481 13418 13482
f 13482 13418 13419
f 13482 13419 13420
f 13482 13420 13483
f 13483 13420 13421
f 13483 13421 13484
f 13484 13421 13422
f 13484 13422 13485
f 13485 13422 13423
f 13485 13423 13486
f 13486 13423 13424
f 13486 13424 13487
f 13487 13424 13425
f 13487 13425 13488
f 13488 13425 13426
f 13488 13426 13332
f 13332 13426 13333
f 13332 13427 13488
f 13488 13427 13428
f 13488 13428 13487
f 13487 13428 13429
f 13487 13429 13486
f 13486 13429 13430
f 13486 13430 13485
f 13485 13430 13431
f 13485 13431 13484
f 13484 13431 13432
f 13484 13432 13483
f 13483 13432 13433
f 13483 13433 13482
f 13482 13433 13434
f 13482 13434 13435
f 13482 13435 13481
f 13481 13435 13436
f 13481 13436 13480
f 13480 13436 13437
f 13480 13437 13479
f 13479 13437 13438
f 13479 13438 13478
f 13478 13438 13439
f 13478 13439 13477
f 13477 13439 13440
f 13477 13440 13476
f 13476 13440 13441
f 13476 13441 13475
f 13475 13441 13442
f 13475 13442 13443
f 13475 13443 13474
f 13474 13443 13444
f 13474 13444 13473
f 13473 13444 13445
f 13473 13445 13472
f 13472 13445 13446
f 13464 13452 13463
f 13463 13452 13453
f 13463 13453 13462
f 13462 13453 13454
f 13462 13454 13461
f 13461 13454 13455
f 13461 13455 13460
f 13460 13455 13456
f 13460 13456 13458
f 13458 13456 13457
f 13458 13457 13459
f 13427 13332 13489
f 13489 13332 13331
f 13489 13331 13330
f 13330 13329 13489
f 13489 13329 13328
f 13489 13328 13327
f 13327 13326 13489
f 13489 13326 13325
f 13489 13325 13324
f 13324 13323 13489
f 13489 13323 13322
f 13489 13322 13321
f 13321 13320 13489
f 13489 13320 13319
f 13489 13319 13318
f 13318 13317 13489
f 13489 13317 13316
f 13489 13316 13315
f 13315 13314 13489
f 13489 13314 13313
f 13489 13313 13312
f 13312 13311 13489
f 13489 13311 13310
f 13489 13310 13309
f 13309 13308 13489
f 13489 13308 13307
f 13489 13307 13306
f 13306 13305 13489
f 13489 13305 13304
f 13489 13304 13303
f 13303 13302 13489
f 13489 13302 13301
f 13489 13301 13300
f 13300 13457 13489
f 13489 13457 13456
f 13489 13456 13455
f 13455 13454 13489
f 13489 13454 13453
f 13489 13453 13452
f 13452 13451 13489
f 13489 13451 13450
f 13489 13450 13449
f 13449 13448 13489
f 13489 13448 13447
f 13489 13447 13446
f 13446 13445 13489
f 13489 13445 13444
f 13489 13444 13443
f 13443 13442 13489
f 13489 13442 13441
f 13489 13441 13440
f 13440 13439 13489
f 13489 13439 13438
f 13489 13438 13437
f 13437 13436 13489
f 13489 13436 13435
f 13489 13435 13434
f 13434 13433 13489
f 13489 13433 13432
f 13489 13432 13431
f 13431 13430 13489
f 13489 13430 13429
f 13489 13429 13428
f 13428 13427 13489
f 13396 13299 13490
f 13490 13299 13364
f 13490 13364 13363
f 13363 13362 13490
f 13490 13362 13361
f 13490 13361 13360
f 13360 13359 13490
f 13490 13359 13358
f 13490 13358 13357
f 13357 13356 13490
f 13490 13356 13355
f 13490 13355 13354
f 13354 13353 13490
f 13490 13353 13352
f 13490 13352 13351
f 13351 13350 13490
f 13490 13350 13349
f 13490 13349 13348
f 13348 13347 13490
f 13490 13347 13346
f 13490 13346 13345
f 13345 13344 13490
f 13490 13344 13343
f 13490 13343 13342
f 13342 13341 13490
f 13490 13341 13340
f 13490 13340 13339
f 13339 13338 13490
f 13490 13338 13337
f 13490 13337 13336
f 13336 13335 13490
f 13490 13335 13334
f 13490 13334 13333
f 13333 13426 13490
f 13490 13426 13425
f 13490 13425 13424
f 13424 13423 13490
f 13490 13423 13422
f 13490 13422 13421
f 13421 13420 13490
f 13490 13420 13419
f 13490 13419 13418
f 13418 13417 13490
f 13490 13417 13416
f 13490 13416 13415
f 13415 13414 13490
f 13490 13414 13413
f 13490 13413 13412
f 13412 13411 13490
f 13490 13411 13410
f 13490 13410 13409
f 13409 13408 13490
f 13490 13408 13407
f 13490 13407 13406
f 13406 13405 13490
f 13490 13405 13404
f 13490 13404 13403
f 13403 13402 13490
f 13490 13402 13401
f 13490 13401 13400
f 13400 13399 13490
f 13490 13399 13398
f 13490 13398 13397
f 13397 13396 13490
g MeshBody70

v 158.306946 150.774399 1.320800
v 158.306946 150.774399 1.371600
v 158.310806 150.859985 1.371600
v 158.322861 150.947723 1.371600
v 158.343719 151.036484 1.371600
v 158.373825 151.125015 1.371600
v 158.413361 151.211868 1.371600
v 158.462219 151.295624 1.371600
v 158.519974 151.374756 1.371600
v 158.585938 151.447922 1.371600
v 158.659088 151.513870 1.371600
v 158.738235 151.571640 1.371600
v 158.821976 151.620499 1.371600
v 158.908844 151.660019 1.371600
v 158.997360 151.690125 1.371600
v 159.086136 151.710999 1.371600
v 159.173874 151.723038 1.371600
v 159.259460 151.726898 1.371600
v 159.345032 151.723038 1.371600
v 159.432770 151.710999 1.371600
v 159.521545 151.690125 1.371600
v 159.610062 151.660019 1.371600
v 159.696930 151.620499 1.371600
v 159.780670 151.571640 1.371600
v 159.859818 151.513870 1.371600
v 159.932968 151.447922 1.371600
v 159.998932 151.374756 1.371600
v 160.056686 151.295624 1.371600
v 160.105545 151.211868 1.371600
v 160.145081 151.125015 1.371600
v 160.175186 151.036484 1.371600
v 160.196060 150.947723 1.371600
v 160.208099 150.859985 1.371600
v 160.211960 150.774399 1.371600
v 160.211960 150.774399 1.320800
v 160.208099 150.859985 1.320800
v 160.196060 150.947723 1.320800
v 160.175186 151.036484 1.320800
v 160.145081 151.125015 1.320800
v 160.105545 151.211868 1.320800
v 160.056686 151.295624 1.320800
v 159.998932 151.374756 1.320800
v 159.932968 151.447922 1.320800
v 159.859818 151.513870 1.320800
v 159.780670 151.571640 1.320800
v 159.696930 151.620499 1.320800
v 159.610062 151.660019 1.320800
v 159.521545 151.690125 1.320800
v 159.432770 151.710999 1.320800
v 159.345032 151.723038 1.320800
v 159.259460 151.726898 1.320800
v 159.173874 151.723038 1.320800
v 159.086136 151.710999 1.320800
v 158.997360 151.690125 1.320800
v 158.908844 151.660019 1.320800
v 158.821976 151.620499 1.320800
v 158.738235 151.571640 1.320800
v 158.659088 151.513870 1.320800
v 158.585938 151.447922 1.320800
v 158.519974 151.374756 1.320800
v 158.462219 151.295624 1.320800
v 158.413361 151.211868 1.320800
v 158.373825 151.125015 1.320800
v 158.343719 151.036484 1.320800
v 158.322861 150.947723 1.320800
v 158.310806 150.859985 1.320800
v 158.312012 150.872406 1.346200
v 158.327896 150.973038 1.346200
v 158.355484 151.074539 1.346200
v 158.395264 151.174942 1.346200
v 158.447327 151.272095 1.346200
v 158.511200 151.363785 1.346200
v 158.585938 151.447922 1.346200
v 158.670059 151.522644 1.346200
v 158.761749 151.586533 1.346200
v 158.858902 151.638580 1.346200
v 158.959320 151.678375 1.346200
v 159.060822 151.705963 1.346200
v 159.161438 151.721848 1.346200
v 159.259460 151.726898 1.346200
v 159.357468 151.721848 1.346200
v 159.458084 151.705963 1.346200
v 159.534225 151.686401 1.346200
v 159.610062 151.660019 1.346200
v 159.684677 151.626709 1.346200
v 159.757156 151.586533 1.346200
v 159.826553 151.539688 1.346200
v 159.891968 151.486557 1.346200
v 159.952606 151.427704 1.346200
v 160.007706 151.363785 1.346200
v 160.056686 151.295624 1.346200
v 160.099136 151.224060 1.346200
v 160.134750 151.150070 1.346200
v 160.163422 151.074539 1.346200
v 160.185242 150.998398 1.346200
v 160.200363 150.922485 1.346200
v 160.209137 150.847595 1.346200
v 158.310806 150.688812 1.320800
v 158.322861 150.601074 1.320800
v 158.343719 150.512314 1.320800
v 158.373825 150.423798 1.320800
v 158.413361 150.336914 1.320800
v 158.462219 150.253174 1.320800
v 158.519974 150.174042 1.320800
v 158.585938 150.100876 1.320800
v 158.659088 150.034912 1.320800
v 158.738235 149.977158 1.320800
v 158.821976 149.928314 1.320800
v 158.908844 149.888779 1.320800
v 158.997360 149.858658 1.320800
v 159.086136 149.837799 1.320800
v 159.173874 149.825745 1.320800
v 159.259460 149.821899 1.320800
v 159.345032 149.825745 1.320800
v 159.432770 149.837799 1.320800
v 159.521545 149.858658 1.320800
v 159.610062 149.888779 1.320800
v 159.696930 149.928314 1.320800
v 159.780670 149.977158 1.320800
v 159.859818 150.034912 1.320800
v 159.932968 150.100876 1.320800
v 159.998932 150.174042 1.320800
v 160.056686 150.253174 1.320800
v 160.105545 150.336914 1.320800
v 160.145081 150.423798 1.320800
v 160.175186 150.512314 1.320800
v 160.196060 150.601074 1.320800
v 160.208099 150.688812 1.320800
v 160.208099 150.688812 1.371600
v 160.196060 150.601074 1.371600
v 160.175186 150.512314 1.371600
v 160.145081 150.423798 1.371600
v 160.105545 150.336914 1.371600
v 160.056686 150.253174 1.371600
v 159.998932 150.174042 1.371600
v 159.932968 150.100876 1.371600
v 159.859818 150.034912 1.371600
v 159.780670 149.977158 1.371600
v 159.696930 149.928314 1.371600
v 159.610062 149.888779 1.371600
v 159.521545 149.858658 1.371600
v 159.432770 149.837799 1.371600
v 159.345032 149.825745 1.371600
v 159.259460 149.821899 1.371600
v 159.173874 149.825745 1.371600
v 159.086136 149.837799 1.371600
v 158.997360 149.858658 1.371600
v 158.908844 149.888779 1.371600
v 158.821976 149.928314 1.371600
v 158.738235 149.977158 1.371600
v 158.659088 150.034912 1.371600
v 158.585938 150.100876 1.371600
v 158.519974 150.174042 1.371600
v 158.462219 150.253174 1.371600
v 158.413361 150.336914 1.371600
v 158.373825 150.423798 1.371600
v 158.343719 150.512314 1.371600
v 158.322861 150.601074 1.371600
v 158.310806 150.688812 1.371600
v 158.318527 150.626297 1.346200
v 158.309769 150.701202 1.346200
v 158.333664 150.550400 1.346200
v 158.355484 150.474258 1.346200
v 158.384155 150.398727 1.346200
v 158.419769 150.324722 1.346200
v 158.462219 150.253174 1.346200
v 158.511200 150.185013 1.346200
v 158.566315 150.121094 1.346200
v 158.626938 150.062241 1.346200
v 158.692352 150.009109 1.346200
v 158.761749 149.962265 1.346200
v 158.834229 149.922089 1.346200
v 158.908844 149.888779 1.346200
v 158.984680 149.862396 1.346200
v 159.060822 149.842834 1.346200
v 159.161438 149.826950 1.346200
v 159.259460 149.821899 1.346200
v 159.357468 149.826950 1.346200
v 159.458084 149.842834 1.346200
v 159.559586 149.870422 1.346200
v 159.660004 149.910202 1.346200
v 159.757156 149.962265 1.346200
v 159.848846 150.026154 1.346200
v 159.932968 150.100876 1.346200
v 160.007706 150.185013 1.346200
v 160.071579 150.276703 1.346200
v 160.123642 150.373856 1.346200
v 160.163422 150.474258 1.346200
v 160.191010 150.575775 1.346200
v 160.206894 150.676376 1.346200
v 159.259460 150.774399 1.371600
v 159.259460 150.774399 1.320800
f 13491 13492 13556
f 13556 13492 13557
f 13556 13557 13555
f 13555 13557 13558
f 13555 13558 13554
f 13554 13558 13559
f 13554 13559 13553
f 13553 13559 13560
f 13553 13560 13552
f 13552 13560 13561
f 13552 13561 13551
f 13551 13561 13562
f 13551 13562 13550
f 13550 13562 13563
f 13550 13563 13549
f 13549 13563 13548
f 13548 13563 13564
f 13548 13564 13547
f 13547 13564 13565
f 13547 13565 13546
f 13546 13565 13566
f 13546 13566 13545
f 13545 13566 13567
f 13545 13567 13544
f 13544 13567 13568
f 13544 13568 13543
f 13543 13568 13569
f 13543 13569 13542
f 13542 13569 13570
f 13542 13570 13541
f 13541 13570 13540
f 13540 13570 13571
f 13540 13571 13539
f 13539 13571 13572
f 13539 13572 13538
f 13538 13572 13573
f 13538 13573 13537
f 13537 13573 13574
f 13537 13574 13575
f 13575 13574 13512
f 13575 13512 13513
f 13492 13493 13557
f 13557 13493 13494
f 13557 13494 13558
f 13558 13494 13495
f 13558 13495 13559
f 13559 13495 13496
f 13559 13496 13560
f 13560 13496 13497
f 13560 13497 13561
f 13561 13497 13498
f 13561 13498 13562
f 13562 13498 13499
f 13562 13499 13563
f 13563 13499 13500
f 13563 13500 13501
f 13563 13501 13564
f 13564 13501 13502
f 13564 13502 13565
f 13565 13502 13503
f 13565 13503 13566
f 13566 13503 13504
f 13566 13504 13567
f 13567 13504 13505
f 13567 13505 13568
f 13568 13505 13506
f 13568 13506 13569
f 13569 13506 13507
f 13569 13507 13570
f 13570 13507 13508
f 13570 13508 13509
f 13570 13509 13571
f 13571 13509 13510
f 13571 13510 13572
f 13572 13510 13511
f 13572 13511 13573
f 13573 13511 13512
f 13573 13512 13574
f 13575 13513 13576
f 13576 13513 13514
f 13576 13514 13577
f 13577 13514 13515
f 13577 13515 13578
f 13578 13515 13516
f 13578 13516 13579
f 13579 13516 13517
f 13579 13517 13580
f 13580 13517 13518
f 13580 13518 13581
f 13581 13518 13582
f 13581 13582 13531
f 13531 13582 13530
f 13530 13582 13583
f 13530 13583 13529
f 13529 13583 13584
f 13529 13584 13528
f 13528 13584 13585
f 13528 13585 13527
f 13527 13585 13586
f 13527 13586 13526
f 13526 13586 13587
f 13526 13587 13525
f 13525 13587 13524
f 13524 13587 13523
f 13523 13587 13586
f 13523 13586 13522
f 13522 13586 13585
f 13522 13585 13521
f 13521 13585 13584
f 13521 13584 13520
f 13520 13584 13583
f 13520 13583 13519
f 13519 13583 13582
f 13519 13582 13518
f 13581 13531 13580
f 13580 13531 13532
f 13580 13532 13579
f 13579 13532 13533
f 13579 13533 13578
f 13578 13533 13534
f 13578 13534 13577
f 13577 13534 13535
f 13577 13535 13576
f 13576 13535 13536
f 13576 13536 13575
f 13575 13536 13537
f 13649 13492 13651
f 13651 13492 13491
f 13651 13491 13588
f 13651 13588 13650
f 13650 13588 13589
f 13650 13589 13652
f 13652 13589 13590
f 13652 13590 13653
f 13653 13590 13591
f 13653 13591 13654
f 13654 13591 13592
f 13654 13592 13655
f 13655 13592 13593
f 13655 13593 13656
f 13656 13593 13657
f 13656 13657 13644
f 13644 13657 13643
f 13643 13657 13658
f 13643 13658 13642
f 13642 13658 13659
f 13642 13659 13641
f 13641 13659 13660
f 13641 13660 13640
f 13640 13660 13661
f 13640 13661 13639
f 13639 13661 13662
f 13639 13662 13638
f 13638 13662 13663
f 13638 13663 13664
f 13664 13663 13599
f 13664 13599 13600
f 13593 13594 13657
f 13657 13594 13658
f 13594 13595 13658
f 13658 13595 13659
f 13595 13596 13659
f 13659 13596 13660
f 13596 13597 13660
f 13660 13597 13661
f 13597 13598 13661
f 13661 13598 13662
f 13598 13599 13662
f 13662 13599 13663
f 13664 13600 13665
f 13665 13600 13601
f 13665 13601 13666
f 13666 13601 13602
f 13666 13602 13667
f 13667 13602 13603
f 13667 13603 13604
f 13667 13604 13668
f 13668 13604 13605
f 13668 13605 13669
f 13669 13605 13606
f 13669 13606 13670
f 13670 13606 13607
f 13670 13607 13671
f 13671 13607 13608
f 13671 13608 13672
f 13672 13608 13609
f 13672 13609 13673
f 13673 13609 13610
f 13673 13610 13674
f 13674 13610 13611
f 13674 13611 13612
f 13674 13612 13675
f 13675 13612 13613
f 13675 13613 13676
f 13676 13613 13614
f 13676 13614 13677
f 13677 13614 13615
f 13677 13615 13678
f 13678 13615 13616
f 13678 13616 13679
f 13679 13616 13617
f 13679 13617 13680
f 13680 13617 13618
f 13680 13618 13524
f 13524 13618 13525
f 13524 13619 13680
f 13680 13619 13620
f 13680 13620 13679
f 13679 13620 13621
f 13679 13621 13678
f 13678 13621 13622
f 13678 13622 13677
f 13677 13622 13623
f 13677 13623 13676
f 13676 13623 13624
f 13676 13624 13675
f 13675 13624 13625
f 13675 13625 13674
f 13674 13625 13626
f 13674 13626 13627
f 13674 13627 13673
f 13673 13627 13628
f 13673 13628 13672
f 13672 13628 13629
f 13672 13629 13671
f 13671 13629 13630
f 13671 13630 13670
f 13670 13630 13631
f 13670 13631 13669
f 13669 13631 13632
f 13669 13632 13668
f 13668 13632 13633
f 13668 13633 13667
f 13667 13633 13634
f 13667 13634 13635
f 13667 13635 13666
f 13666 13635 13636
f 13666 13636 13665
f 13665 13636 13637
f 13665 13637 13664
f 13664 13637 13638
f 13656 13644 13655
f 13655 13644 13645
f 13655 13645 13654
f 13654 13645 13646
f 13654 13646 13653
f 13653 13646 13647
f 13653 13647 13652
f 13652 13647 13648
f 13652 13648 13650
f 13650 13648 13649
f 13650 13649 13651
f 13619 13524 13681
f 13681 13524 13523
f 13681 13523 13522
f 13522 13521 13681
f 13681 13521 13520
f 13681 13520 13519
f 13519 13518 13681
f 13681 13518 13517
f 13681 13517 13516
f 13516 13515 13681
f 13681 13515 13514
f 13681 13514 13513
f 13513 13512 13681
f 13681 13512 13511
f 13681 13511 13510
f 13510 13509 13681
f 13681 13509 13508
f 13681 13508 13507
f 13507 13506 13681
f 13681 13506 13505
f 13681 13505 13504
f 13504 13503 13681
f 13681 13503 13502
f 13681 13502 13501
f 13501 13500 13681
f 13681 13500 13499
f 13681 13499 13498
f 13498 13497 13681
f 13681 13497 13496
f 13681 13496 13495
f 13495 13494 13681
f 13681 13494 13493
f 13681 13493 13492
f 13492 13649 13681
f 13681 13649 13648
f 13681 13648 13647
f 13647 13646 13681
f 13681 13646 13645
f 13681 13645 13644
f 13644 13643 13681
f 13681 13643 13642
f 13681 13642 13641
f 13641 13640 13681
f 13681 13640 13639
f 13681 13639 13638
f 13638 13637 13681
f 13681 13637 13636
f 13681 13636 13635
f 13635 13634 13681
f 13681 13634 13633
f 13681 13633 13632
f 13632 13631 13681
f 13681 13631 13630
f 13681 13630 13629
f 13629 13628 13681
f 13681 13628 13627
f 13681 13627 13626
f 13626 13625 13681
f 13681 13625 13624
f 13681 13624 13623
f 13623 13622 13681
f 13681 13622 13621
f 13681 13621 13620
f 13620 13619 13681
f 13588 13491 13682
f 13682 13491 13556
f 13682 13556 13555
f 13555 13554 13682
f 13682 13554 13553
f 13682 13553 13552
f 13552 13551 13682
f 13682 13551 13550
f 13682 13550 13549
f 13549 13548 13682
f 13682 13548 13547
f 13682 13547 13546
f 13546 13545 13682
f 13682 13545 13544
f 13682 13544 13543
f 13543 13542 13682
f 13682 13542 13541
f 13682 13541 13540
f 13540 13539 13682
f 13682 13539 13538
f 13682 13538 13537
f 13537 13536 13682
f 13682 13536 13535
f 13682 13535 13534
f 13534 13533 13682
f 13682 13533 13532
f 13682 13532 13531
f 13531 13530 13682
f 13682 13530 13529
f 13682 13529 13528
f 13528 13527 13682
f 13682 13527 13526
f 13682 13526 13525
f 13525 13618 13682
f 13682 13618 13617
f 13682 13617 13616
f 13616 13615 13682
f 13682 13615 13614
f 13682 13614 13613
f 13613 13612 13682
f 13682 13612 13611
f 13682 13611 13610
f 13610 13609 13682
f 13682 13609 13608
f 13682 13608 13607
f 13607 13606 13682
f 13682 13606 13605
f 13682 13605 13604
f 13604 13603 13682
f 13682 13603 13602
f 13682 13602 13601
f 13601 13600 13682
f 13682 13600 13599
f 13682 13599 13598
f 13598 13597 13682
f 13682 13597 13596
f 13682 13596 13595
f 13595 13594 13682
f 13682 13594 13593
f 13682 13593 13592
f 13592 13591 13682
f 13682 13591 13590
f 13682 13590 13589
f 13589 13588 13682
g MeshBody71

v 133.211746 175.869598 1.320800
v 133.211746 175.869598 1.371600
v 133.215607 175.955185 1.371600
v 133.227646 176.042908 1.371600
v 133.248520 176.131683 1.371600
v 133.278625 176.220215 1.371600
v 133.318161 176.307083 1.371600
v 133.367020 176.390823 1.371600
v 133.424774 176.469955 1.371600
v 133.490738 176.543121 1.371600
v 133.563889 176.609085 1.371600
v 133.643036 176.666824 1.371600
v 133.726776 176.715683 1.371600
v 133.813644 176.755219 1.371600
v 133.902161 176.785324 1.371600
v 133.990936 176.806198 1.371600
v 134.078659 176.818237 1.371600
v 134.164246 176.822098 1.371600
v 134.249832 176.818237 1.371600
v 134.337570 176.806198 1.371600
v 134.426331 176.785324 1.371600
v 134.514862 176.755219 1.371600
v 134.601730 176.715683 1.371600
v 134.685471 176.666824 1.371600
v 134.764618 176.609085 1.371600
v 134.837769 176.543121 1.371600
v 134.903732 176.469955 1.371600
v 134.961487 176.390823 1.371600
v 135.010345 176.307083 1.371600
v 135.049881 176.220215 1.371600
v 135.079987 176.131683 1.371600
v 135.100845 176.042908 1.371600
v 135.112900 175.955185 1.371600
v 135.116745 175.869598 1.371600
v 135.116745 175.869598 1.320800
v 135.112900 175.955185 1.320800
v 135.100845 176.042908 1.320800
v 135.079987 176.131683 1.320800
v 135.049881 176.220215 1.320800
v 135.010345 176.307083 1.320800
v 134.961487 176.390823 1.320800
v 134.903732 176.469955 1.320800
v 134.837769 176.543121 1.320800
v 134.764618 176.609085 1.320800
v 134.685471 176.666824 1.320800
v 134.601730 176.715683 1.320800
v 134.514862 176.755219 1.320800
v 134.426331 176.785324 1.320800
v 134.337570 176.806198 1.320800
v 134.249832 176.818237 1.320800
v 134.164246 176.822098 1.320800
v 134.078659 176.818237 1.320800
v 133.990936 176.806198 1.320800
v 133.902161 176.785324 1.320800
v 133.813644 176.755219 1.320800
v 133.726776 176.715683 1.320800
v 133.643036 176.666824 1.320800
v 133.563889 176.609085 1.320800
v 133.490738 176.543121 1.320800
v 133.424774 176.469955 1.320800
v 133.367020 176.390823 1.320800
v 133.318161 176.307083 1.320800
v 133.278625 176.220215 1.320800
v 133.248520 176.131683 1.320800
v 133.227646 176.042908 1.320800
v 133.215607 175.955185 1.320800
v 133.216812 175.967606 1.346200
v 133.232697 176.068222 1.346200
v 133.260269 176.169724 1.346200
v 133.300064 176.270142 1.346200
v 133.352127 176.367294 1.346200
v 133.416000 176.459000 1.346200
v 133.490738 176.543121 1.346200
v 133.574875 176.617844 1.346200
v 133.666565 176.681732 1.346200
v 133.763702 176.733780 1.346200
v 133.864120 176.773575 1.346200
v 133.965622 176.801163 1.346200
v 134.066238 176.817032 1.346200
v 134.164246 176.822098 1.346200
v 134.262268 176.817032 1.346200
v 134.362885 176.801163 1.346200
v 134.439026 176.781616 1.346200
v 134.514862 176.755219 1.346200
v 134.589478 176.721909 1.346200
v 134.661957 176.681732 1.346200
v 134.731354 176.634872 1.346200
v 134.796768 176.581757 1.346200
v 134.857391 176.522903 1.346200
v 134.912506 176.459000 1.346200
v 134.961487 176.390823 1.346200
v 135.003922 176.319275 1.346200
v 135.039551 176.245270 1.346200
v 135.068222 176.169724 1.346200
v 135.090042 176.093597 1.346200
v 135.105179 176.017685 1.346200
v 135.113937 175.942810 1.346200
v 133.215607 175.784012 1.320800
v 133.227646 175.696274 1.320800
v 133.248520 175.607513 1.320800
v 133.278625 175.518997 1.320800
v 133.318161 175.432114 1.320800
v 133.367020 175.348389 1.320800
v 133.424774 175.269241 1.320800
v 133.490738 175.196091 1.320800
v 133.563889 175.130127 1.320800
v 133.643036 175.072357 1.320800
v 133.726776 175.023499 1.320800
v 133.813644 174.983963 1.320800
v 133.902161 174.953873 1.320800
v 133.990936 174.932999 1.320800
v 134.078659 174.920944 1.320800
v 134.164246 174.917099 1.320800
v 134.249832 174.920944 1.320800
v 134.337570 174.932999 1.320800
v 134.426331 174.953873 1.320800
v 134.514862 174.983963 1.320800
v 134.601730 175.023499 1.320800
v 134.685471 175.072357 1.320800
v 134.764618 175.130127 1.320800
v 134.837769 175.196091 1.320800
v 134.903732 175.269241 1.320800
v 134.961487 175.348389 1.320800
v 135.010345 175.432114 1.320800
v 135.049881 175.518997 1.320800
v 135.079987 175.607513 1.320800
v 135.100845 175.696274 1.320800
v 135.112900 175.784012 1.320800
v 135.112900 175.784012 1.371600
v 135.100845 175.696274 1.371600
v 135.079987 175.607513 1.371600
v 135.049881 175.518997 1.371600
v 135.010345 175.432114 1.371600
v 134.961487 175.348389 1.371600
v 134.903732 175.269241 1.371600
v 134.837769 175.196091 1.371600
v 134.764618 175.130127 1.371600
v 134.685471 175.072357 1.371600
v 134.601730 175.023499 1.371600
v 134.514862 174.983963 1.371600
v 134.426331 174.953873 1.371600
v 134.337570 174.932999 1.371600
v 134.249832 174.920944 1.371600
v 134.164246 174.917099 1.371600
v 134.078659 174.920944 1.371600
v 133.990936 174.932999 1.371600
v 133.902161 174.953873 1.371600
v 133.813644 174.983963 1.371600
v 133.726776 175.023499 1.371600
v 133.643036 175.072357 1.371600
v 133.563889 175.130127 1.371600
v 133.490738 175.196091 1.371600
v 133.424774 175.269241 1.371600
v 133.367020 175.348389 1.371600
v 133.318161 175.432114 1.371600
v 133.278625 175.518997 1.371600
v 133.248520 175.607513 1.371600
v 133.227646 175.696274 1.371600
v 133.215607 175.784012 1.371600
v 133.223343 175.721497 1.346200
v 133.214569 175.796402 1.346200
v 133.238464 175.645599 1.346200
v 133.260269 175.569458 1.346200
v 133.288971 175.493942 1.346200
v 133.324570 175.419922 1.346200
v 133.367020 175.348389 1.346200
v 133.416000 175.280212 1.346200
v 133.471100 175.216293 1.346200
v 133.531738 175.157440 1.346200
v 133.597153 175.104309 1.346200
v 133.666565 175.057465 1.346200
v 133.739029 175.017273 1.346200
v 133.813644 174.983963 1.346200
v 133.889465 174.957596 1.346200
v 133.965622 174.938034 1.346200
v 134.066238 174.922150 1.346200
v 134.164246 174.917099 1.346200
v 134.262268 174.922150 1.346200
v 134.362885 174.938034 1.346200
v 134.464386 174.965622 1.346200
v 134.564804 175.005402 1.346200
v 134.661957 175.057465 1.346200
v 134.753647 175.121338 1.346200
v 134.837769 175.196091 1.346200
v 134.912506 175.280212 1.346200
v 134.976379 175.371902 1.346200
v 135.028442 175.469055 1.346200
v 135.068222 175.569458 1.346200
v 135.095810 175.670959 1.346200
v 135.111694 175.771591 1.346200
v 134.164246 175.869598 1.371600
v 134.164246 175.869598 1.320800
f 13683 13684 13748
f 13748 13684 13749
f 13748 13749 13747
f 13747 13749 13750
f 13747 13750 13746
f 13746 13750 13751
f 13746 13751 13745
f 13745 13751 13752
f 13745 13752 13744
f 13744 13752 13753
f 13744 13753 13743
f 13743 13753 13754
f 13743 13754 13742
f 13742 13754 13755
f 13742 13755 13741
f 13741 13755 13740
f 13740 13755 13756
f 13740 13756 13739
f 13739 13756 13757
f 13739 13757 13738
f 13738 13757 13758
f 13738 13758 13737
f 13737 13758 13759
f 13737 13759 13736
f 13736 13759 13760
f 13736 13760 13735
f 13735 13760 13761
f 13735 13761 13734
f 13734 13761 13762
f 13734 13762 13733
f 13733 13762 13732
f 13732 13762 13763
f 13732 13763 13731
f 13731 13763 13764
f 13731 13764 13730
f 13730 13764 13765
f 13730 13765 13729
f 13729 13765 13766
f 13729 13766 13767
f 13767 13766 13704
f 13767 13704 13705
f 13684 13685 13749
f 13749 13685 13686
f 13749 13686 13750
f 13750 13686 13687
f 13750 13687 13751
f 13751 13687 13688
f 13751 13688 13752
f 13752 13688 13689
f 13752 13689 13753
f 13753 13689 13690
f 13753 13690 13754
f 13754 13690 13691
f 13754 13691 13755
f 13755 13691 13692
f 13755 13692 13693
f 13755 13693 13756
f 13756 13693 13694
f 13756 13694 13757
f 13757 13694 13695
f 13757 13695 13758
f 13758 13695 13696
f 13758 13696 13759
f 13759 13696 13697
f 13759 13697 13760
f 13760 13697 13698
f 13760 13698 13761
f 13761 13698 13699
f 13761 13699 13762
f 13762 13699 13700
f 13762 13700 13701
f 13762 13701 13763
f 13763 13701 13702
f 13763 13702 13764
f 13764 13702 13703
f 13764 13703 13765
f 13765 13703 13704
f 13765 13704 13766
f 13767 13705 13768
f 13768 13705 13706
f 13768 13706 13769
f 13769 13706 13707
f 13769 13707 13770
f 13770 13707 13708
f 13770 13708 13771
f 13771 13708 13709
f 13771 13709 13772
f 13772 13709 13710
f 13772 13710 13773
f 13773 13710 13774
f 13773 13774 13723
f 13723 13774 13722
f 13722 13774 13775
f 13722 13775 13721
f 13721 13775 13776
f 13721 13776 13720
f 13720 13776 13777
f 13720 13777 13719
f 13719 13777 13778
f 13719 13778 13718
f 13718 13778 13779
f 13718 13779 13717
f 13717 13779 13716
f 13716 13779 13715
f 13715 13779 13778
f 13715 13778 13714
f 13714 13778 13777
f 13714 13777 13713
f 13713 13777 13776
f 13713 13776 13712
f 13712 13776 13775
f 13712 13775 13711
f 13711 13775 13774
f 13711 13774 13710
f 13773 13723 13772
f 13772 13723 13724
f 13772 13724 13771
f 13771 13724 13725
f 13771 13725 13770
f 13770 13725 13726
f 13770 13726 13769
f 13769 13726 13727
f 13769 13727 13768
f 13768 13727 13728
f 13768 13728 13767
f 13767 13728 13729
f 13841 13684 13843
f 13843 13684 13683
f 13843 13683 13780
f 13843 13780 13842
f 13842 13780 13781
f 13842 13781 13844
f 13844 13781 13782
f 13844 13782 13845
f 13845 13782 13783
f 13845 13783 13846
f 13846 13783 13784
f 13846 13784 13847
f 13847 13784 13785
f 13847 13785 13848
f 13848 13785 13849
f 13848 13849 13836
f 13836 13849 13835
f 13835 13849 13850
f 13835 13850 13834
f 13834 13850 13851
f 13834 13851 13833
f 13833 13851 13852
f 13833 13852 13832
f 13832 13852 13853
f 13832 13853 13831
f 13831 13853 13854
f 13831 13854 13830
f 13830 13854 13855
f 13830 13855 13856
f 13856 13855 13791
f 13856 13791 13792
f 13785 13786 13849
f 13849 13786 13850
f 13786 13787 13850
f 13850 13787 13851
f 13787 13788 13851
f 13851 13788 13852
f 13788 13789 13852
f 13852 13789 13853
f 13789 13790 13853
f 13853 13790 13854
f 13790 13791 13854
f 13854 13791 13855
f 13856 13792 13857
f 13857 13792 13793
f 13857 13793 13858
f 13858 13793 13794
f 13858 13794 13859
f 13859 13794 13795
f 13859 13795 13796
f 13859 13796 13860
f 13860 13796 13797
f 13860 13797 13861
f 13861 13797 13798
f 13861 13798 13862
f 13862 13798 13799
f 13862 13799 13863
f 13863 13799 13800
f 13863 13800 13864
f 13864 13800 13801
f 13864 13801 13865
f 13865 13801 13802
f 13865 13802 13866
f 13866 13802 13803
f 13866 13803 13804
f 13866 13804 13867
f 13867 13804 13805
f 13867 13805 13868
f 13868 13805 13806
f 13868 13806 13869
f 13869 13806 13807
f 13869 13807 13870
f 13870 13807 13808
f 13870 13808 13871
f 13871 13808 13809
f 13871 13809 13872
f 13872 13809 13810
f 13872 13810 13716
f 13716 13810 13717
f 13716 13811 13872
f 13872 13811 13812
f 13872 13812 13871
f 13871 13812 13813
f 13871 13813 13870
f 13870 13813 13814
f 13870 13814 13869
f 13869 13814 13815
f 13869 13815 13868
f 13868 13815 13816
f 13868 13816 13867
f 13867 13816 13817
f 13867 13817 13866
f 13866 13817 13818
f 13866 13818 13819
f 13866 13819 13865
f 13865 13819 13820
f 13865 13820 13864
f 13864 13820 13821
f 13864 13821 13863
f 13863 13821 13822
f 13863 13822 13862
f 13862 13822 13823
f 13862 13823 13861
f 13861 13823 13824
f 13861 13824 13860
f 13860 13824 13825
f 13860 13825 13859
f 13859 13825 13826
f 13859 13826 13827
f 13859 13827 13858
f 13858 13827 13828
f 13858 13828 13857
f 13857 13828 13829
f 13857 13829 13856
f 13856 13829 13830
f 13848 13836 13847
f 13847 13836 13837
f 13847 13837 13846
f 13846 13837 13838
f 13846 13838 13845
f 13845 13838 13839
f 13845 13839 13844
f 13844 13839 13840
f 13844 13840 13842
f 13842 13840 13841
f 13842 13841 13843
f 13811 13716 13873
f 13873 13716 13715
f 13873 13715 13714
f 13714 13713 13873
f 13873 13713 13712
f 13873 13712 13711
f 13711 13710 13873
f 13873 13710 13709
f 13873 13709 13708
f 13708 13707 13873
f 13873 13707 13706
f 13873 13706 13705
f 13705 13704 13873
f 13873 13704 13703
f 13873 13703 13702
f 13702 13701 13873
f 13873 13701 13700
f 13873 13700 13699
f 13699 13698 13873
f 13873 13698 13697
f 13873 13697 13696
f 13696 13695 13873
f 13873 13695 13694
f 13873 13694 13693
f 13693 13692 13873
f 13873 13692 13691
f 13873 13691 13690
f 13690 13689 13873
f 13873 13689 13688
f 13873 13688 13687
f 13687 13686 13873
f 13873 13686 13685
f 13873 13685 13684
f 13684 13841 13873
f 13873 13841 13840
f 13873 13840 13839
f 13839 13838 13873
f 13873 13838 13837
f 13873 13837 13836
f 13836 13835 13873
f 13873 13835 13834
f 13873 13834 13833
f 13833 13832 13873
f 13873 13832 13831
f 13873 13831 13830
f 13830 13829 13873
f 13873 13829 13828
f 13873 13828 13827
f 13827 13826 13873
f 13873 13826 13825
f 13873 13825 13824
f 13824 13823 13873
f 13873 13823 13822
f 13873 13822 13821
f 13821 13820 13873
f 13873 13820 13819
f 13873 13819 13818
f 13818 13817 13873
f 13873 13817 13816
f 13873 13816 13815
f 13815 13814 13873
f 13873 13814 13813
f 13873 13813 13812
f 13812 13811 13873
f 13780 13683 13874
f 13874 13683 13748
f 13874 13748 13747
f 13747 13746 13874
f 13874 13746 13745
f 13874 13745 13744
f 13744 13743 13874
f 13874 13743 13742
f 13874 13742 13741
f 13741 13740 13874
f 13874 13740 13739
f 13874 13739 13738
f 13738 13737 13874
f 13874 13737 13736
f 13874 13736 13735
f 13735 13734 13874
f 13874 13734 13733
f 13874 13733 13732
f 13732 13731 13874
f 13874 13731 13730
f 13874 13730 13729
f 13729 13728 13874
f 13874 13728 13727
f 13874 13727 13726
f 13726 13725 13874
f 13874 13725 13724
f 13874 13724 13723
f 13723 13722 13874
f 13874 13722 13721
f 13874 13721 13720
f 13720 13719 13874
f 13874 13719 13718
f 13874 13718 13717
f 13717 13810 13874
f 13874 13810 13809
f 13874 13809 13808
f 13808 13807 13874
f 13874 13807 13806
f 13874 13806 13805
f 13805 13804 13874
f 13874 13804 13803
f 13874 13803 13802
f 13802 13801 13874
f 13874 13801 13800
f 13874 13800 13799
f 13799 13798 13874
f 13874 13798 13797
f 13874 13797 13796
f 13796 13795 13874
f 13874 13795 13794
f 13874 13794 13793
f 13793 13792 13874
f 13874 13792 13791
f 13874 13791 13790
f 13790 13789 13874
f 13874 13789 13788
f 13874 13788 13787
f 13787 13786 13874
f 13874 13786 13785
f 13874 13785 13784
f 13784 13783 13874
f 13874 13783 13782
f 13874 13782 13781
f 13781 13780 13874
g MeshBody72

v 133.211746 125.679199 1.320800
v 133.211746 125.679199 1.371600
v 133.215607 125.764786 1.371600
v 133.227646 125.852516 1.371600
v 133.248520 125.941284 1.371600
v 133.278625 126.029808 1.371600
v 133.318161 126.116676 1.371600
v 133.367020 126.200417 1.371600
v 133.424774 126.279556 1.371600
v 133.490738 126.352722 1.371600
v 133.563889 126.418678 1.371600
v 133.643036 126.476433 1.371600
v 133.726776 126.525291 1.371600
v 133.813644 126.564819 1.371600
v 133.902161 126.594925 1.371600
v 133.990936 126.615799 1.371600
v 134.078659 126.627838 1.371600
v 134.164246 126.631699 1.371600
v 134.249832 126.627838 1.371600
v 134.337570 126.615799 1.371600
v 134.426331 126.594925 1.371600
v 134.514862 126.564819 1.371600
v 134.601730 126.525291 1.371600
v 134.685471 126.476433 1.371600
v 134.764618 126.418678 1.371600
v 134.837769 126.352722 1.371600
v 134.903732 126.279556 1.371600
v 134.961487 126.200417 1.371600
v 135.010345 126.116676 1.371600
v 135.049881 126.029808 1.371600
v 135.079987 125.941284 1.371600
v 135.100845 125.852516 1.371600
v 135.112900 125.764786 1.371600
v 135.116745 125.679199 1.371600
v 135.116745 125.679199 1.320800
v 135.112900 125.764786 1.320800
v 135.100845 125.852516 1.320800
v 135.079987 125.941284 1.320800
v 135.049881 126.029808 1.320800
v 135.010345 126.116676 1.320800
v 134.961487 126.200417 1.320800
v 134.903732 126.279556 1.320800
v 134.837769 126.352722 1.320800
v 134.764618 126.418678 1.320800
v 134.685471 126.476433 1.320800
v 134.601730 126.525291 1.320800
v 134.514862 126.564819 1.320800
v 134.426331 126.594925 1.320800
v 134.337570 126.615799 1.320800
v 134.249832 126.627838 1.320800
v 134.164246 126.631699 1.320800
v 134.078659 126.627838 1.320800
v 133.990936 126.615799 1.320800
v 133.902161 126.594925 1.320800
v 133.813644 126.564819 1.320800
v 133.726776 126.525291 1.320800
v 133.643036 126.476433 1.320800
v 133.563889 126.418678 1.320800
v 133.490738 126.352722 1.320800
v 133.424774 126.279556 1.320800
v 133.367020 126.200417 1.320800
v 133.318161 126.116676 1.320800
v 133.278625 126.029808 1.320800
v 133.248520 125.941284 1.320800
v 133.227646 125.852516 1.320800
v 133.215607 125.764786 1.320800
v 133.216812 125.777214 1.346200
v 133.232697 125.877831 1.346200
v 133.260269 125.979332 1.346200
v 133.300064 126.079742 1.346200
v 133.352127 126.176903 1.346200
v 133.416000 126.268593 1.346200
v 133.490738 126.352722 1.346200
v 133.574875 126.427444 1.346200
v 133.666565 126.491325 1.346200
v 133.763702 126.543388 1.346200
v 133.864120 126.583176 1.346200
v 133.965622 126.610756 1.346200
v 134.066238 126.626640 1.346200
v 134.164246 126.631699 1.346200
v 134.262268 126.626640 1.346200
v 134.362885 126.610756 1.346200
v 134.439026 126.591202 1.346200
v 134.514862 126.564819 1.346200
v 134.589478 126.531509 1.346200
v 134.661957 126.491325 1.346200
v 134.731354 126.444481 1.346200
v 134.796768 126.391365 1.346200
v 134.857391 126.332497 1.346200
v 134.912506 126.268593 1.346200
v 134.961487 126.200417 1.346200
v 135.003922 126.128868 1.346200
v 135.039551 126.054863 1.346200
v 135.068222 125.979332 1.346200
v 135.090042 125.903198 1.346200
v 135.105179 125.827286 1.346200
v 135.113937 125.752403 1.346200
v 133.215607 125.593613 1.320800
v 133.227646 125.505875 1.320800
v 133.248520 125.417107 1.320800
v 133.278625 125.328590 1.320800
v 133.318161 125.241722 1.320800
v 133.367020 125.157982 1.320800
v 133.424774 125.078835 1.320800
v 133.490738 125.005684 1.320800
v 133.563889 124.939720 1.320800
v 133.643036 124.881958 1.320800
v 133.726776 124.833107 1.320800
v 133.813644 124.793571 1.320800
v 133.902161 124.763466 1.320800
v 133.990936 124.742599 1.320800
v 134.078659 124.730553 1.320800
v 134.164246 124.726700 1.320800
v 134.249832 124.730553 1.320800
v 134.337570 124.742599 1.320800
v 134.426331 124.763466 1.320800
v 134.514862 124.793571 1.320800
v 134.601730 124.833107 1.320800
v 134.685471 124.881958 1.320800
v 134.764618 124.939720 1.320800
v 134.837769 125.005684 1.320800
v 134.903732 125.078835 1.320800
v 134.961487 125.157982 1.320800
v 135.010345 125.241722 1.320800
v 135.049881 125.328590 1.320800
v 135.079987 125.417107 1.320800
v 135.100845 125.505875 1.320800
v 135.112900 125.593613 1.320800
v 135.112900 125.593613 1.371600
v 135.100845 125.505875 1.371600
v 135.079987 125.417107 1.371600
v 135.049881 125.328590 1.371600
v 135.010345 125.241722 1.371600
v 134.961487 125.157982 1.371600
v 134.903732 125.078835 1.371600
v 134.837769 125.005684 1.371600
v 134.764618 124.939720 1.371600
v 134.685471 124.881958 1.371600
v 134.601730 124.833107 1.371600
v 134.514862 124.793571 1.371600
v 134.426331 124.763466 1.371600
v 134.337570 124.742599 1.371600
v 134.249832 124.730553 1.371600
v 134.164246 124.726700 1.371600
v 134.078659 124.730553 1.371600
v 133.990936 124.742599 1.371600
v 133.902161 124.763466 1.371600
v 133.813644 124.793571 1.371600
v 133.726776 124.833107 1.371600
v 133.643036 124.881958 1.371600
v 133.563889 124.939720 1.371600
v 133.490738 125.005684 1.371600
v 133.424774 125.078835 1.371600
v 133.367020 125.157982 1.371600
v 133.318161 125.241722 1.371600
v 133.278625 125.328590 1.371600
v 133.248520 125.417107 1.371600
v 133.227646 125.505875 1.371600
v 133.215607 125.593613 1.371600
v 133.223343 125.531105 1.346200
v 133.214569 125.605995 1.346200
v 133.238464 125.455200 1.346200
v 133.260269 125.379059 1.346200
v 133.288971 125.303535 1.346200
v 133.324570 125.229538 1.346200
v 133.367020 125.157982 1.346200
v 133.416000 125.089813 1.346200
v 133.471100 125.025894 1.346200
v 133.531738 124.967041 1.346200
v 133.597153 124.913918 1.346200
v 133.666565 124.867065 1.346200
v 133.739029 124.826881 1.346200
v 133.813644 124.793571 1.346200
v 133.889465 124.767197 1.346200
v 133.965622 124.747635 1.346200
v 134.066238 124.731758 1.346200
v 134.164246 124.726700 1.346200
v 134.262268 124.731758 1.346200
v 134.362885 124.747635 1.346200
v 134.464386 124.775223 1.346200
v 134.564804 124.815018 1.346200
v 134.661957 124.867065 1.346200
v 134.753647 124.930946 1.346200
v 134.837769 125.005684 1.346200
v 134.912506 125.089813 1.346200
v 134.976379 125.181503 1.346200
v 135.028442 125.278648 1.346200
v 135.068222 125.379059 1.346200
v 135.095810 125.480568 1.346200
v 135.111694 125.581192 1.346200
v 134.164246 125.679199 1.371600
v 134.164246 125.679199 1.320800
f 13875 13876 13940
f 13940 13876 13941
f 13940 13941 13939
f 13939 13941 13942
f 13939 13942 13938
f 13938 13942 13943
f 13938 13943 13937
f 13937 13943 13944
f 13937 13944 13936
f 13936 13944 13945
f 13936 13945 13935
f 13935 13945 13946
f 13935 13946 13934
f 13934 13946 13947
f 13934 13947 13933
f 13933 13947 13932
f 13932 13947 13948
f 13932 13948 13931
f 13931 13948 13949
f 13931 13949 13930
f 13930 13949 13950
f 13930 13950 13929
f 13929 13950 13951
f 13929 13951 13928
f 13928 13951 13952
f 13928 13952 13927
f 13927 13952 13953
f 13927 13953 13926
f 13926 13953 13954
f 13926 13954 13925
f 13925 13954 13924
f 13924 13954 13955
f 13924 13955 13923
f 13923 13955 13956
f 13923 13956 13922
f 13922 13956 13957
f 13922 13957 13921
f 13921 13957 13958
f 13921 13958 13959
f 13959 13958 13896
f 13959 13896 13897
f 13876 13877 13941
f 13941 13877 13878
f 13941 13878 13942
f 13942 13878 13879
f 13942 13879 13943
f 13943 13879 13880
f 13943 13880 13944
f 13944 13880 13881
f 13944 13881 13945
f 13945 13881 13882
f 13945 13882 13946
f 13946 13882 13883
f 13946 13883 13947
f 13947 13883 13884
f 13947 13884 13885
f 13947 13885 13948
f 13948 13885 13886
f 13948 13886 13949
f 13949 13886 13887
f 13949 13887 13950
f 13950 13887 13888
f 13950 13888 13951
f 13951 13888 13889
f 13951 13889 13952
f 13952 13889 13890
f 13952 13890 13953
f 13953 13890 13891
f 13953 13891 13954
f 13954 13891 13892
f 13954 13892 13893
f 13954 13893 13955
f 13955 13893 13894
f 13955 13894 13956
f 13956 13894 13895
f 13956 13895 13957
f 13957 13895 13896
f 13957 13896 13958
f 13959 13897 13960
f 13960 13897 13898
f 13960 13898 13961
f 13961 13898 13899
f 13961 13899 13962
f 13962 13899 13900
f 13962 13900 13963
f 13963 13900 13901
f 13963 13901 13964
f 13964 13901 13902
f 13964 13902 13965
f 13965 13902 13966
f 13965 13966 13915
f 13915 13966 13914
f 13914 13966 13967
f 13914 13967 13913
f 13913 13967 13968
f 13913 13968 13912
f 13912 13968 13969
f 13912 13969 13911
f 13911 13969 13970
f 13911 13970 13910
f 13910 13970 13971
f 13910 13971 13909
f 13909 13971 13908
f 13908 13971 13907
f 13907 13971 13970
f 13907 13970 13906
f 13906 13970 13969
f 13906 13969 13905
f 13905 13969 13968
f 13905 13968 13904
f 13904 13968 13967
f 13904 13967 13903
f 13903 13967 13966
f 13903 13966 13902
f 13965 13915 13964
f 13964 13915 13916
f 13964 13916 13963
f 13963 13916 13917
f 13963 13917 13962
f 13962 13917 13918
f 13962 13918 13961
f 13961 13918 13919
f 13961 13919 13960
f 13960 13919 13920
f 13960 13920 13959
f 13959 13920 13921
f 14033 13876 14035
f 14035 13876 13875
f 14035 13875 13972
f 14035 13972 14034
f 14034 13972 13973
f 14034 13973 14036
f 14036 13973 13974
f 14036 13974 14037
f 14037 13974 13975
f 14037 13975 14038
f 14038 13975 13976
f 14038 13976 14039
f 14039 13976 13977
f 14039 13977 14040
f 14040 13977 14041
f 14040 14041 14028
f 14028 14041 14027
f 14027 14041 14042
f 14027 14042 14026
f 14026 14042 14043
f 14026 14043 14025
f 14025 14043 14044
f 14025 14044 14024
f 14024 14044 14045
f 14024 14045 14023
f 14023 14045 14046
f 14023 14046 14022
f 14022 14046 14047
f 14022 14047 14048
f 14048 14047 13983
f 14048 13983 13984
f 13977 13978 14041
f 14041 13978 14042
f 13978 13979 14042
f 14042 13979 14043
f 13979 13980 14043
f 14043 13980 14044
f 13980 13981 14044
f 14044 13981 14045
f 13981 13982 14045
f 14045 13982 14046
f 13982 13983 14046
f 14046 13983 14047
f 14048 13984 14049
f 14049 13984 13985
f 14049 13985 14050
f 14050 13985 13986
f 14050 13986 14051
f 14051 13986 13987
f 14051 13987 13988
f 14051 13988 14052
f 14052 13988 13989
f 14052 13989 14053
f 14053 13989 13990
f 14053 13990 14054
f 14054 13990 13991
f 14054 13991 14055
f 14055 13991 13992
f 14055 13992 14056
f 14056 13992 13993
f 14056 13993 14057
f 14057 13993 13994
f 14057 13994 14058
f 14058 13994 13995
f 14058 13995 13996
f 14058 13996 14059
f 14059 13996 13997
f 14059 13997 14060
f 14060 13997 13998
f 14060 13998 14061
f 14061 13998 13999
f 14061 13999 14062
f 14062 13999 14000
f 14062 14000 14063
f 14063 14000 14001
f 14063 14001 14064
f 14064 14001 14002
f 14064 14002 13908
f 13908 14002 13909
f 13908 14003 14064
f 14064 14003 14004
f 14064 14004 14063
f 14063 14004 14005
f 14063 14005 14062
f 14062 14005 14006
f 14062 14006 14061
f 14061 14006 14007
f 14061 14007 14060
f 14060 14007 14008
f 14060 14008 14059
f 14059 14008 14009
f 14059 14009 14058
f 14058 14009 14010
f 14058 14010 14011
f 14058 14011 14057
f 14057 14011 14012
f 14057 14012 14056
f 14056 14012 14013
f 14056 14013 14055
f 14055 14013 14014
f 14055 14014 14054
f 14054 14014 14015
f 14054 14015 14053
f 14053 14015 14016
f 14053 14016 14052
f 14052 14016 14017
f 14052 14017 14051
f 14051 14017 14018
f 14051 14018 14019
f 14051 14019 14050
f 14050 14019 14020
f 14050 14020 14049
f 14049 14020 14021
f 14049 14021 14048
f 14048 14021 14022
f 14040 14028 14039
f 14039 14028 14029
f 14039 14029 14038
f 14038 14029 14030
f 14038 14030 14037
f 14037 14030 14031
f 14037 14031 14036
f 14036 14031 14032
f 14036 14032 14034
f 14034 14032 14033
f 14034 14033 14035
f 14003 13908 14065
f 14065 13908 13907
f 14065 13907 13906
f 13906 13905 14065
f 14065 13905 13904
f 14065 13904 13903
f 13903 13902 14065
f 14065 13902 13901
f 14065 13901 13900
f 13900 13899 14065
f 14065 13899 13898
f 14065 13898 13897
f 13897 13896 14065
f 14065 13896 13895
f 14065 13895 13894
f 13894 13893 14065
f 14065 13893 13892
f 14065 13892 13891
f 13891 13890 14065
f 14065 13890 13889
f 14065 13889 13888
f 13888 13887 14065
f 14065 13887 13886
f 14065 13886 13885
f 13885 13884 14065
f 14065 13884 13883
f 14065 13883 13882
f 13882 13881 14065
f 14065 13881 13880
f 14065 13880 13879
f 13879 13878 14065
f 14065 13878 13877
f 14065 13877 13876
f 13876 14033 14065
f 14065 14033 14032
f 14065 14032 14031
f 14031 14030 14065
f 14065 14030 14029
f 14065 14029 14028
f 14028 14027 14065
f 14065 14027 14026
f 14065 14026 14025
f 14025 14024 14065
f 14065 14024 14023
f 14065 14023 14022
f 14022 14021 14065
f 14065 14021 14020
f 14065 14020 14019
f 14019 14018 14065
f 14065 14018 14017
f 14065 14017 14016
f 14016 14015 14065
f 14065 14015 14014
f 14065 14014 14013
f 14013 14012 14065
f 14065 14012 14011
f 14065 14011 14010
f 14010 14009 14065
f 14065 14009 14008
f 14065 14008 14007
f 14007 14006 14065
f 14065 14006 14005
f 14065 14005 14004
f 14004 14003 14065
f 13972 13875 14066
f 14066 13875 13940
f 14066 13940 13939
f 13939 13938 14066
f 14066 13938 13937
f 14066 13937 13936
f 13936 13935 14066
f 14066 13935 13934
f 14066 13934 13933
f 13933 13932 14066
f 14066 13932 13931
f 14066 13931 13930
f 13930 13929 14066
f 14066 13929 13928
f 14066 13928 13927
f 13927 13926 14066
f 14066 13926 13925
f 14066 13925 13924
f 13924 13923 14066
f 14066 13923 13922
f 14066 13922 13921
f 13921 13920 14066
f 14066 13920 13919
f 14066 13919 13918
f 13918 13917 14066
f 14066 13917 13916
f 14066 13916 13915
f 13915 13914 14066
f 14066 13914 13913
f 14066 13913 13912
f 13912 13911 14066
f 14066 13911 13910
f 14066 13910 13909
f 13909 14002 14066
f 14066 14002 14001
f 14066 14001 14000
f 14000 13999 14066
f 14066 13999 13998
f 14066 13998 13997
f 13997 13996 14066
f 14066 13996 13995
f 14066 13995 13994
f 13994 13993 14066
f 14066 13993 13992
f 14066 13992 13991
f 13991 13990 14066
f 14066 13990 13989
f 14066 13989 13988
f 13988 13987 14066
f 14066 13987 13986
f 14066 13986 13985
f 13985 13984 14066
f 14066 13984 13983
f 14066 13983 13982
f 13982 13981 14066
f 14066 13981 13980
f 14066 13980 13979
f 13979 13978 14066
f 14066 13978 13977
f 14066 13977 13976
f 13976 13975 14066
f 14066 13975 13974
f 14066 13974 13973
f 13973 13972 14066
g MeshBody73

v 208.497345 211.124802 1.320800
v 208.497345 211.124802 1.371600
v 208.501205 211.210373 1.371600
v 208.513260 211.298111 1.371600
v 208.534134 211.386887 1.371600
v 208.564224 211.475403 1.371600
v 208.603760 211.562271 1.371600
v 208.652603 211.646011 1.371600
v 208.710373 211.725159 1.371600
v 208.776321 211.798309 1.371600
v 208.849503 211.864273 1.371600
v 208.928635 211.922043 1.371600
v 209.012375 211.970901 1.371600
v 209.099243 212.010422 1.371600
v 209.187775 212.040527 1.371600
v 209.276520 212.061401 1.371600
v 209.364273 212.073441 1.371600
v 209.449844 212.077301 1.371600
v 209.535446 212.073441 1.371600
v 209.623169 212.061401 1.371600
v 209.711945 212.040527 1.371600
v 209.800461 212.010422 1.371600
v 209.887314 211.970901 1.371600
v 209.971069 211.922043 1.371600
v 210.050217 211.864273 1.371600
v 210.123367 211.798309 1.371600
v 210.189331 211.725159 1.371600
v 210.247086 211.646011 1.371600
v 210.295944 211.562271 1.371600
v 210.335480 211.475403 1.371600
v 210.365585 211.386887 1.371600
v 210.386459 211.298111 1.371600
v 210.398499 211.210373 1.371600
v 210.402344 211.124802 1.371600
v 210.402344 211.124802 1.320800
v 210.398499 211.210373 1.320800
v 210.386459 211.298111 1.320800
v 210.365585 211.386887 1.320800
v 210.335480 211.475403 1.320800
v 210.295944 211.562271 1.320800
v 210.247086 211.646011 1.320800
v 210.189331 211.725159 1.320800
v 210.123367 211.798309 1.320800
v 210.050217 211.864273 1.320800
v 209.971069 211.922043 1.320800
v 209.887314 211.970901 1.320800
v 209.800461 212.010422 1.320800
v 209.711945 212.040527 1.320800
v 209.623169 212.061401 1.320800
v 209.535446 212.073441 1.320800
v 209.449844 212.077301 1.320800
v 209.364273 212.073441 1.320800
v 209.276520 212.061401 1.320800
v 209.187775 212.040527 1.320800
v 209.099243 212.010422 1.320800
v 209.012375 211.970901 1.320800
v 208.928635 211.922043 1.320800
v 208.849503 211.864273 1.320800
v 208.776321 211.798309 1.320800
v 208.710373 211.725159 1.320800
v 208.652603 211.646011 1.320800
v 208.603760 211.562271 1.320800
v 208.564224 211.475403 1.320800
v 208.534134 211.386887 1.320800
v 208.513260 211.298111 1.320800
v 208.501205 211.210373 1.320800
v 208.502411 211.222809 1.346200
v 208.518295 211.323441 1.346200
v 208.545868 211.424942 1.346200
v 208.585663 211.525345 1.346200
v 208.637726 211.622482 1.346200
v 208.701599 211.714188 1.346200
v 208.776321 211.798309 1.346200
v 208.860458 211.873047 1.346200
v 208.952148 211.936920 1.346200
v 209.049316 211.988983 1.346200
v 209.149704 212.028778 1.346200
v 209.251221 212.056351 1.346200
v 209.351837 212.072250 1.346200
v 209.449844 212.077301 1.346200
v 209.547867 212.072250 1.346200
v 209.648483 212.056351 1.346200
v 209.724640 212.036804 1.346200
v 209.800461 212.010422 1.346200
v 209.875076 211.977112 1.346200
v 209.947556 211.936920 1.346200
v 210.016953 211.890091 1.346200
v 210.082367 211.836945 1.346200
v 210.143005 211.778091 1.346200
v 210.198090 211.714188 1.346200
v 210.247086 211.646011 1.346200
v 210.289520 211.574463 1.346200
v 210.325150 211.500458 1.346200
v 210.353821 211.424942 1.346200
v 210.375641 211.348801 1.346200
v 210.390762 211.272888 1.346200
v 210.399536 211.197998 1.346200
v 208.501205 211.039215 1.320800
v 208.513260 210.951477 1.320800
v 208.534134 210.862701 1.320800
v 208.564224 210.774185 1.320800
v 208.603760 210.687317 1.320800
v 208.652603 210.603577 1.320800
v 208.710373 210.524429 1.320800
v 208.776321 210.451279 1.320800
v 208.849503 210.385315 1.320800
v 208.928635 210.327560 1.320800
v 209.012375 210.278717 1.320800
v 209.099243 210.239182 1.320800
v 209.187775 210.209061 1.320800
v 209.276520 210.188202 1.320800
v 209.364273 210.176147 1.320800
v 209.449844 210.172302 1.320800
v 209.535446 210.176147 1.320800
v 209.623169 210.188202 1.320800
v 209.711945 210.209061 1.320800
v 209.800461 210.239182 1.320800
v 209.887314 210.278717 1.320800
v 209.971069 210.327560 1.320800
v 210.050217 210.385315 1.320800
v 210.123367 210.451279 1.320800
v 210.189331 210.524429 1.320800
v 210.247086 210.603577 1.320800
v 210.295944 210.687317 1.320800
v 210.335480 210.774185 1.320800
v 210.365585 210.862701 1.320800
v 210.386459 210.951477 1.320800
v 210.398499 211.039215 1.320800
v 210.398499 211.039215 1.371600
v 210.386459 210.951477 1.371600
v 210.365585 210.862701 1.371600
v 210.335480 210.774185 1.371600
v 210.295944 210.687317 1.371600
v 210.247086 210.603577 1.371600
v 210.189331 210.524429 1.371600
v 210.123367 210.451279 1.371600
v 210.050217 210.385315 1.371600
v 209.971069 210.327560 1.371600
v 209.887314 210.278717 1.371600
v 209.800461 210.239182 1.371600
v 209.711945 210.209061 1.371600
v 209.623169 210.188202 1.371600
v 209.535446 210.176147 1.371600
v 209.449844 210.172302 1.371600
v 209.364273 210.176147 1.371600
v 209.276520 210.188202 1.371600
v 209.187775 210.209061 1.371600
v 209.099243 210.239182 1.371600
v 209.012375 210.278717 1.371600
v 208.928635 210.327560 1.371600
v 208.849503 210.385315 1.371600
v 208.776321 210.451279 1.371600
v 208.710373 210.524429 1.371600
v 208.652603 210.603577 1.371600
v 208.603760 210.687317 1.371600
v 208.564224 210.774185 1.371600
v 208.534134 210.862701 1.371600
v 208.513260 210.951477 1.371600
v 208.501205 211.039215 1.371600
v 208.508942 210.976700 1.346200
v 208.500183 211.051590 1.346200
v 208.524078 210.900803 1.346200
v 208.545868 210.824661 1.346200
v 208.574554 210.749130 1.346200
v 208.610168 210.675125 1.346200
v 208.652603 210.603577 1.346200
v 208.701599 210.535400 1.346200
v 208.756714 210.471497 1.346200
v 208.817322 210.412643 1.346200
v 208.882751 210.359528 1.346200
v 208.952148 210.312668 1.346200
v 209.024628 210.272491 1.346200
v 209.099243 210.239182 1.346200
v 209.175079 210.212784 1.346200
v 209.251221 210.193237 1.346200
v 209.351837 210.177368 1.346200
v 209.449844 210.172302 1.346200
v 209.547867 210.177368 1.346200
v 209.648483 210.193237 1.346200
v 209.749985 210.220825 1.346200
v 209.850403 210.260605 1.346200
v 209.947556 210.312668 1.346200
v 210.039246 210.376556 1.346200
v 210.123367 210.451279 1.346200
v 210.198090 210.535400 1.346200
v 210.261993 210.627106 1.346200
v 210.314041 210.724243 1.346200
v 210.353821 210.824661 1.346200
v 210.381424 210.926178 1.346200
v 210.397293 211.026779 1.346200
v 209.449844 211.124802 1.371600
v 209.449844 211.124802 1.320800
f 14067 14068 14132
f 14132 14068 14133
f 14132 14133 14131
f 14131 14133 14134
f 14131 14134 14130
f 14130 14134 14135
f 14130 14135 14129
f 14129 14135 14136
f 14129 14136 14128
f 14128 14136 14137
f 14128 14137 14127
f 14127 14137 14138
f 14127 14138 14126
f 14126 14138 14139
f 14126 14139 14125
f 14125 14139 14124
f 14124 14139 14140
f 14124 14140 14123
f 14123 14140 14141
f 14123 14141 14122
f 14122 14141 14142
f 14122 14142 14121
f 14121 14142 14143
f 14121 14143 14120
f 14120 14143 14144
f 14120 14144 14119
f 14119 14144 14145
f 14119 14145 14118
f 14118 14145 14146
f 14118 14146 14117
f 14117 14146 14116
f 14116 14146 14147
f 14116 14147 14115
f 14115 14147 14148
f 14115 14148 14114
f 14114 14148 14149
f 14114 14149 14113
f 14113 14149 14150
f 14113 14150 14151
f 14151 14150 14088
f 14151 14088 14089
f 14068 14069 14133
f 14133 14069 14070
f 14133 14070 14134
f 14134 14070 14071
f 14134 14071 14135
f 14135 14071 14072
f 14135 14072 14136
f 14136 14072 14073
f 14136 14073 14137
f 14137 14073 14074
f 14137 14074 14138
f 14138 14074 14075
f 14138 14075 14139
f 14139 14075 14076
f 14139 14076 14077
f 14139 14077 14140
f 14140 14077 14078
f 14140 14078 14141
f 14141 14078 14079
f 14141 14079 14142
f 14142 14079 14080
f 14142 14080 14143
f 14143 14080 14081
f 14143 14081 14144
f 14144 14081 14082
f 14144 14082 14145
f 14145 14082 14083
f 14145 14083 14146
f 14146 14083 14084
f 14146 14084 14085
f 14146 14085 14147
f 14147 14085 14086
f 14147 14086 14148
f 14148 14086 14087
f 14148 14087 14149
f 14149 14087 14088
f 14149 14088 14150
f 14151 14089 14152
f 14152 14089 14090
f 14152 14090 14153
f 14153 14090 14091
f 14153 14091 14154
f 14154 14091 14092
f 14154 14092 14155
f 14155 14092 14093
f 14155 14093 14156
f 14156 14093 14094
f 14156 14094 14157
f 14157 14094 14158
f 14157 14158 14107
f 14107 14158 14106
f 14106 14158 14159
f 14106 14159 14105
f 14105 14159 14160
f 14105 14160 14104
f 14104 14160 14161
f 14104 14161 14103
f 14103 14161 14162
f 14103 14162 14102
f 14102 14162 14163
f 14102 14163 14101
f 14101 14163 14100
f 14100 14163 14099
f 14099 14163 14162
f 14099 14162 14098
f 14098 14162 14161
f 14098 14161 14097
f 14097 14161 14160
f 14097 14160 14096
f 14096 14160 14159
f 14096 14159 14095
f 14095 14159 14158
f 14095 14158 14094
f 14157 14107 14156
f 14156 14107 14108
f 14156 14108 14155
f 14155 14108 14109
f 14155 14109 14154
f 14154 14109 14110
f 14154 14110 14153
f 14153 14110 14111
f 14153 14111 14152
f 14152 14111 14112
f 14152 14112 14151
f 14151 14112 14113
f 14225 14068 14227
f 14227 14068 14067
f 14227 14067 14164
f 14227 14164 14226
f 14226 14164 14165
f 14226 14165 14228
f 14228 14165 14166
f 14228 14166 14229
f 14229 14166 14167
f 14229 14167 14230
f 14230 14167 14168
f 14230 14168 14231
f 14231 14168 14169
f 14231 14169 14232
f 14232 14169 14233
f 14232 14233 14220
f 14220 14233 14219
f 14219 14233 14234
f 14219 14234 14218
f 14218 14234 14235
f 14218 14235 14217
f 14217 14235 14236
f 14217 14236 14216
f 14216 14236 14237
f 14216 14237 14215
f 14215 14237 14238
f 14215 14238 14214
f 14214 14238 14239
f 14214 14239 14240
f 14240 14239 14175
f 14240 14175 14176
f 14169 14170 14233
f 14233 14170 14234
f 14170 14171 14234
f 14234 14171 14235
f 14171 14172 14235
f 14235 14172 14236
f 14172 14173 14236
f 14236 14173 14237
f 14173 14174 14237
f 14237 14174 14238
f 14174 14175 14238
f 14238 14175 14239
f 14240 14176 14241
f 14241 14176 14177
f 14241 14177 14242
f 14242 14177 14178
f 14242 14178 14243
f 14243 14178 14179
f 14243 14179 14180
f 14243 14180 14244
f 14244 14180 14181
f 14244 14181 14245
f 14245 14181 14182
f 14245 14182 14246
f 14246 14182 14183
f 14246 14183 14247
f 14247 14183 14184
f 14247 14184 14248
f 14248 14184 14185
f 14248 14185 14249
f 14249 14185 14186
f 14249 14186 14250
f 14250 14186 14187
f 14250 14187 14188
f 14250 14188 14251
f 14251 14188 14189
f 14251 14189 14252
f 14252 14189 14190
f 14252 14190 14253
f 14253 14190 14191
f 14253 14191 14254
f 14254 14191 14192
f 14254 14192 14255
f 14255 14192 14193
f 14255 14193 14256
f 14256 14193 14194
f 14256 14194 14100
f 14100 14194 14101
f 14100 14195 14256
f 14256 14195 14196
f 14256 14196 14255
f 14255 14196 14197
f 14255 14197 14254
f 14254 14197 14198
f 14254 14198 14253
f 14253 14198 14199
f 14253 14199 14252
f 14252 14199 14200
f 14252 14200 14251
f 14251 14200 14201
f 14251 14201 14250
f 14250 14201 14202
f 14250 14202 14203
f 14250 14203 14249
f 14249 14203 14204
f 14249 14204 14248
f 14248 14204 14205
f 14248 14205 14247
f 14247 14205 14206
f 14247 14206 14246
f 14246 14206 14207
f 14246 14207 14245
f 14245 14207 14208
f 14245 14208 14244
f 14244 14208 14209
f 14244 14209 14243
f 14243 14209 14210
f 14243 14210 14211
f 14243 14211 14242
f 14242 14211 14212
f 14242 14212 14241
f 14241 14212 14213
f 14241 14213 14240
f 14240 14213 14214
f 14232 14220 14231
f 14231 14220 14221
f 14231 14221 14230
f 14230 14221 14222
f 14230 14222 14229
f 14229 14222 14223
f 14229 14223 14228
f 14228 14223 14224
f 14228 14224 14226
f 14226 14224 14225
f 14226 14225 14227
f 14195 14100 14257
f 14257 14100 14099
f 14257 14099 14098
f 14098 14097 14257
f 14257 14097 14096
f 14257 14096 14095
f 14095 14094 14257
f 14257 14094 14093
f 14257 14093 14092
f 14092 14091 14257
f 14257 14091 14090
f 14257 14090 14089
f 14089 14088 14257
f 14257 14088 14087
f 14257 14087 14086
f 14086 14085 14257
f 14257 14085 14084
f 14257 14084 14083
f 14083 14082 14257
f 14257 14082 14081
f 14257 14081 14080
f 14080 14079 14257
f 14257 14079 14078
f 14257 14078 14077
f 14077 14076 14257
f 14257 14076 14075
f 14257 14075 14074
f 14074 14073 14257
f 14257 14073 14072
f 14257 14072 14071
f 14071 14070 14257
f 14257 14070 14069
f 14257 14069 14068
f 14068 14225 14257
f 14257 14225 14224
f 14257 14224 14223
f 14223 14222 14257
f 14257 14222 14221
f 14257 14221 14220
f 14220 14219 14257
f 14257 14219 14218
f 14257 14218 14217
f 14217 14216 14257
f 14257 14216 14215
f 14257 14215 14214
f 14214 14213 14257
f 14257 14213 14212
f 14257 14212 14211
f 14211 14210 14257
f 14257 14210 14209
f 14257 14209 14208
f 14208 14207 14257
f 14257 14207 14206
f 14257 14206 14205
f 14205 14204 14257
f 14257 14204 14203
f 14257 14203 14202
f 14202 14201 14257
f 14257 14201 14200
f 14257 14200 14199
f 14199 14198 14257
f 14257 14198 14197
f 14257 14197 14196
f 14196 14195 14257
f 14164 14067 14258
f 14258 14067 14132
f 14258 14132 14131
f 14131 14130 14258
f 14258 14130 14129
f 14258 14129 14128
f 14128 14127 14258
f 14258 14127 14126
f 14258 14126 14125
f 14125 14124 14258
f 14258 14124 14123
f 14258 14123 14122
f 14122 14121 14258
f 14258 14121 14120
f 14258 14120 14119
f 14119 14118 14258
f 14258 14118 14117
f 14258 14117 14116
f 14116 14115 14258
f 14258 14115 14114
f 14258 14114 14113
f 14113 14112 14258
f 14258 14112 14111
f 14258 14111 14110
f 14110 14109 14258
f 14258 14109 14108
f 14258 14108 14107
f 14107 14106 14258
f 14258 14106 14105
f 14258 14105 14104
f 14104 14103 14258
f 14258 14103 14102
f 14258 14102 14101
f 14101 14194 14258
f 14258 14194 14193
f 14258 14193 14192
f 14192 14191 14258
f 14258 14191 14190
f 14258 14190 14189
f 14189 14188 14258
f 14258 14188 14187
f 14258 14187 14186
f 14186 14185 14258
f 14258 14185 14184
f 14258 14184 14183
f 14183 14182 14258
f 14258 14182 14181
f 14258 14181 14180
f 14180 14179 14258
f 14258 14179 14178
f 14258 14178 14177
f 14177 14176 14258
f 14258 14176 14175
f 14258 14175 14174
f 14174 14173 14258
f 14258 14173 14172
f 14258 14172 14171
f 14171 14170 14258
f 14258 14170 14169
f 14258 14169 14168
f 14168 14167 14258
f 14258 14167 14166
f 14258 14166 14165
f 14165 14164 14258
g MeshBody74

v 188.177353 231.444809 1.320800
v 188.177353 231.444809 1.371600
v 188.181198 231.530380 1.371600
v 188.193253 231.618103 1.371600
v 188.214127 231.706879 1.371600
v 188.244217 231.795395 1.371600
v 188.283752 231.882278 1.371600
v 188.332611 231.966019 1.371600
v 188.390381 232.045151 1.371600
v 188.456329 232.118301 1.371600
v 188.529495 232.184280 1.371600
v 188.608643 232.242035 1.371600
v 188.692368 232.290894 1.371600
v 188.779251 232.330429 1.371600
v 188.867767 232.360519 1.371600
v 188.956528 232.381393 1.371600
v 189.044266 232.393448 1.371600
v 189.129852 232.397308 1.371600
v 189.215439 232.393448 1.371600
v 189.303177 232.381393 1.371600
v 189.391937 232.360519 1.371600
v 189.480469 232.330429 1.371600
v 189.567322 232.290894 1.371600
v 189.651077 232.242035 1.371600
v 189.730225 232.184280 1.371600
v 189.803375 232.118301 1.371600
v 189.869339 232.045151 1.371600
v 189.927094 231.966019 1.371600
v 189.975937 231.882278 1.371600
v 190.015472 231.795395 1.371600
v 190.045593 231.706879 1.371600
v 190.066452 231.618103 1.371600
v 190.078491 231.530380 1.371600
v 190.082352 231.444809 1.371600
v 190.082352 231.444809 1.320800
v 190.078491 231.530380 1.320800
v 190.066452 231.618103 1.320800
v 190.045593 231.706879 1.320800
v 190.015472 231.795395 1.320800
v 189.975937 231.882278 1.320800
v 189.927094 231.966019 1.320800
v 189.869339 232.045151 1.320800
v 189.803375 232.118301 1.320800
v 189.730225 232.184280 1.320800
v 189.651077 232.242035 1.320800
v 189.567322 232.290894 1.320800
v 189.480469 232.330429 1.320800
v 189.391937 232.360519 1.320800
v 189.303177 232.381393 1.320800
v 189.215439 232.393448 1.320800
v 189.129852 232.397308 1.320800
v 189.044266 232.393448 1.320800
v 188.956528 232.381393 1.320800
v 188.867767 232.360519 1.320800
v 188.779251 232.330429 1.320800
v 188.692368 232.290894 1.320800
v 188.608643 232.242035 1.320800
v 188.529495 232.184280 1.320800
v 188.456329 232.118301 1.320800
v 188.390381 232.045151 1.320800
v 188.332611 231.966019 1.320800
v 188.283752 231.882278 1.320800
v 188.244217 231.795395 1.320800
v 188.214127 231.706879 1.320800
v 188.193253 231.618103 1.320800
v 188.181198 231.530380 1.320800
v 188.182404 231.542801 1.346200
v 188.198303 231.643433 1.346200
v 188.225876 231.744934 1.346200
v 188.265656 231.845337 1.346200
v 188.317734 231.942490 1.346200
v 188.381592 232.034180 1.346200
v 188.456329 232.118301 1.346200
v 188.540466 232.193054 1.346200
v 188.632141 232.256927 1.346200
v 188.729309 232.308975 1.346200
v 188.829712 232.348785 1.346200
v 188.931213 232.376358 1.346200
v 189.031830 232.392242 1.346200
v 189.129852 232.397308 1.346200
v 189.227859 232.392242 1.346200
v 189.328476 232.376358 1.346200
v 189.404633 232.356796 1.346200
v 189.480469 232.330429 1.346200
v 189.555069 232.297119 1.346200
v 189.627548 232.256927 1.346200
v 189.696945 232.210083 1.346200
v 189.762375 232.156952 1.346200
v 189.822998 232.098099 1.346200
v 189.878098 232.034180 1.346200
v 189.927094 231.966019 1.346200
v 189.969528 231.894470 1.346200
v 190.005142 231.820465 1.346200
v 190.033829 231.744934 1.346200
v 190.055649 231.668808 1.346200
v 190.070755 231.592896 1.346200
v 190.079544 231.517990 1.346200
v 188.181198 231.359207 1.320800
v 188.193253 231.271484 1.320800
v 188.214127 231.182709 1.320800
v 188.244217 231.094193 1.320800
v 188.283752 231.007309 1.320800
v 188.332611 230.923569 1.320800
v 188.390381 230.844437 1.320800
v 188.456329 230.771286 1.320800
v 188.529495 230.705307 1.320800
v 188.608643 230.647568 1.320800
v 188.692368 230.598709 1.320800
v 188.779251 230.559174 1.320800
v 188.867767 230.529068 1.320800
v 188.956528 230.508194 1.320800
v 189.044266 230.496140 1.320800
v 189.129852 230.492310 1.320800
v 189.215439 230.496140 1.320800
v 189.303177 230.508194 1.320800
v 189.391937 230.529068 1.320800
v 189.480469 230.559174 1.320800
v 189.567322 230.598709 1.320800
v 189.651077 230.647568 1.320800
v 189.730225 230.705307 1.320800
v 189.803375 230.771286 1.320800
v 189.869339 230.844437 1.320800
v 189.927094 230.923569 1.320800
v 189.975937 231.007309 1.320800
v 190.015472 231.094193 1.320800
v 190.045593 231.182709 1.320800
v 190.066452 231.271484 1.320800
v 190.078491 231.359207 1.320800
v 190.078491 231.359207 1.371600
v 190.066452 231.271484 1.371600
v 190.045593 231.182709 1.371600
v 190.015472 231.094193 1.371600
v 189.975937 231.007309 1.371600
v 189.927094 230.923569 1.371600
v 189.869339 230.844437 1.371600
v 189.803375 230.771286 1.371600
v 189.730225 230.705307 1.371600
v 189.651077 230.647568 1.371600
v 189.567322 230.598709 1.371600
v 189.480469 230.559174 1.371600
v 189.391937 230.529068 1.371600
v 189.303177 230.508194 1.371600
v 189.215439 230.496140 1.371600
v 189.129852 230.492310 1.371600
v 189.044266 230.496140 1.371600
v 188.956528 230.508194 1.371600
v 188.867767 230.529068 1.371600
v 188.779251 230.559174 1.371600
v 188.692368 230.598709 1.371600
v 188.608643 230.647568 1.371600
v 188.529495 230.705307 1.371600
v 188.456329 230.771286 1.371600
v 188.390381 230.844437 1.371600
v 188.332611 230.923569 1.371600
v 188.283752 231.007309 1.371600
v 188.244217 231.094193 1.371600
v 188.214127 231.182709 1.371600
v 188.193253 231.271484 1.371600
v 188.181198 231.359207 1.371600
v 188.188934 231.296692 1.346200
v 188.180176 231.371597 1.346200
v 188.204071 231.220810 1.346200
v 188.225876 231.144669 1.346200
v 188.254547 231.069122 1.346200
v 188.290176 230.995117 1.346200
v 188.332611 230.923569 1.346200
v 188.381592 230.855408 1.346200
v 188.436707 230.791489 1.346200
v 188.497330 230.732635 1.346200
v 188.562744 230.679520 1.346200
v 188.632141 230.632660 1.346200
v 188.704620 230.592499 1.346200
v 188.779251 230.559174 1.346200
v 188.855072 230.532791 1.346200
v 188.931213 230.513229 1.346200
v 189.031830 230.497360 1.346200
v 189.129852 230.492310 1.346200
v 189.227859 230.497360 1.346200
v 189.328476 230.513229 1.346200
v 189.429977 230.540833 1.346200
v 189.530411 230.580612 1.346200
v 189.627548 230.632660 1.346200
v 189.719254 230.696548 1.346200
v 189.803375 230.771286 1.346200
v 189.878098 230.855408 1.346200
v 189.941986 230.947098 1.346200
v 189.994034 231.044250 1.346200
v 190.033829 231.144669 1.346200
v 190.061417 231.246170 1.346200
v 190.077286 231.346786 1.346200
v 189.129852 231.444809 1.371600
v 189.129852 231.444809 1.320800
f 14259 14260 14324
f 14324 14260 14325
f 14324 14325 14323
f 14323 14325 14326
f 14323 14326 14322
f 14322 14326 14327
f 14322 14327 14321
f 14321 14327 14328
f 14321 14328 14320
f 14320 14328 14329
f 14320 14329 14319
f 14319 14329 14330
f 14319 14330 14318
f 14318 14330 14331
f 14318 14331 14317
f 14317 14331 14316
f 14316 14331 14332
f 14316 14332 14315
f 14315 14332 14333
f 14315 14333 14314
f 14314 14333 14334
f 14314 14334 14313
f 14313 14334 14335
f 14313 14335 14312
f 14312 14335 14336
f 14312 14336 14311
f 14311 14336 14337
f 14311 14337 14310
f 14310 14337 14338
f 14310 14338 14309
f 14309 14338 14308
f 14308 14338 14339
f 14308 14339 14307
f 14307 14339 14340
f 14307 14340 14306
f 14306 14340 14341
f 14306 14341 14305
f 14305 14341 14342
f 14305 14342 14343
f 14343 14342 14280
f 14343 14280 14281
f 14260 14261 14325
f 14325 14261 14262
f 14325 14262 14326
f 14326 14262 14263
f 14326 14263 14327
f 14327 14263 14264
f 14327 14264 14328
f 14328 14264 14265
f 14328 14265 14329
f 14329 14265 14266
f 14329 14266 14330
f 14330 14266 14267
f 14330 14267 14331
f 14331 14267 14268
f 14331 14268 14269
f 14331 14269 14332
f 14332 14269 14270
f 14332 14270 14333
f 14333 14270 14271
f 14333 14271 14334
f 14334 14271 14272
f 14334 14272 14335
f 14335 14272 14273
f 14335 14273 14336
f 14336 14273 14274
f 14336 14274 14337
f 14337 14274 14275
f 14337 14275 14338
f 14338 14275 14276
f 14338 14276 14277
f 14338 14277 14339
f 14339 14277 14278
f 14339 14278 14340
f 14340 14278 14279
f 14340 14279 14341
f 14341 14279 14280
f 14341 14280 14342
f 14343 14281 14344
f 14344 14281 14282
f 14344 14282 14345
f 14345 14282 14283
f 14345 14283 14346
f 14346 14283 14284
f 14346 14284 14347
f 14347 14284 14285
f 14347 14285 14348
f 14348 14285 14286
f 14348 14286 14349
f 14349 14286 14350
f 14349 14350 14299
f 14299 14350 14298
f 14298 14350 14351
f 14298 14351 14297
f 14297 14351 14352
f 14297 14352 14296
f 14296 14352 14353
f 14296 14353 14295
f 14295 14353 14354
f 14295 14354 14294
f 14294 14354 14355
f 14294 14355 14293
f 14293 14355 14292
f 14292 14355 14291
f 14291 14355 14354
f 14291 14354 14290
f 14290 14354 14353
f 14290 14353 14289
f 14289 14353 14352
f 14289 14352 14288
f 14288 14352 14351
f 14288 14351 14287
f 14287 14351 14350
f 14287 14350 14286
f 14349 14299 14348
f 14348 14299 14300
f 14348 14300 14347
f 14347 14300 14301
f 14347 14301 14346
f 14346 14301 14302
f 14346 14302 14345
f 14345 14302 14303
f 14345 14303 14344
f 14344 14303 14304
f 14344 14304 14343
f 14343 14304 14305
f 14417 14260 14419
f 14419 14260 14259
f 14419 14259 14356
f 14419 14356 14418
f 14418 14356 14357
f 14418 14357 14420
f 14420 14357 14358
f 14420 14358 14421
f 14421 14358 14359
f 14421 14359 14422
f 14422 14359 14360
f 14422 14360 14423
f 14423 14360 14361
f 14423 14361 14424
f 14424 14361 14425
f 14424 14425 14412
f 14412 14425 14411
f 14411 14425 14426
f 14411 14426 14410
f 14410 14426 14427
f 14410 14427 14409
f 14409 14427 14428
f 14409 14428 14408
f 14408 14428 14429
f 14408 14429 14407
f 14407 14429 14430
f 14407 14430 14406
f 14406 14430 14431
f 14406 14431 14432
f 14432 14431 14367
f 14432 14367 14368
f 14361 14362 14425
f 14425 14362 14426
f 14362 14363 14426
f 14426 14363 14427
f 14363 14364 14427
f 14427 14364 14428
f 14364 14365 14428
f 14428 14365 14429
f 14365 14366 14429
f 14429 14366 14430
f 14366 14367 14430
f 14430 14367 14431
f 14432 14368 14433
f 14433 14368 14369
f 14433 14369 14434
f 14434 14369 14370
f 14434 14370 14435
f 14435 14370 14371
f 14435 14371 14372
f 14435 14372 14436
f 14436 14372 14373
f 14436 14373 14437
f 14437 14373 14374
f 14437 14374 14438
f 14438 14374 14375
f 14438 14375 14439
f 14439 14375 14376
f 14439 14376 14440
f 14440 14376 14377
f 14440 14377 14441
f 14441 14377 14378
f 14441 14378 14442
f 14442 14378 14379
f 14442 14379 14380
f 14442 14380 14443
f 14443 14380 14381
f 14443 14381 14444
f 14444 14381 14382
f 14444 14382 14445
f 14445 14382 14383
f 14445 14383 14446
f 14446 14383 14384
f 14446 14384 14447
f 14447 14384 14385
f 14447 14385 14448
f 14448 14385 14386
f 14448 14386 14292
f 14292 14386 14293
f 14292 14387 14448
f 14448 14387 14388
f 14448 14388 14447
f 14447 14388 14389
f 14447 14389 14446
f 14446 14389 14390
f 14446 14390 14445
f 14445 14390 14391
f 14445 14391 14444
f 14444 14391 14392
f 14444 14392 14443
f 14443 14392 14393
f 14443 14393 14442
f 14442 14393 14394
f 14442 14394 14395
f 14442 14395 14441
f 14441 14395 14396
f 14441 14396 14440
f 14440 14396 14397
f 14440 14397 14439
f 14439 14397 14398
f 14439 14398 14438
f 14438 14398 14399
f 14438 14399 14437
f 14437 14399 14400
f 14437 14400 14436
f 14436 14400 14401
f 14436 14401 14435
f 14435 14401 14402
f 14435 14402 14403
f 14435 14403 14434
f 14434 14403 14404
f 14434 14404 14433
f 14433 14404 14405
f 14433 14405 14432
f 14432 14405 14406
f 14424 14412 14423
f 14423 14412 14413
f 14423 14413 14422
f 14422 14413 14414
f 14422 14414 14421
f 14421 14414 14415
f 14421 14415 14420
f 14420 14415 14416
f 14420 14416 14418
f 14418 14416 14417
f 14418 14417 14419
f 14387 14292 14449
f 14449 14292 14291
f 14449 14291 14290
f 14290 14289 14449
f 14449 14289 14288
f 14449 14288 14287
f 14287 14286 14449
f 14449 14286 14285
f 14449 14285 14284
f 14284 14283 14449
f 14449 14283 14282
f 14449 14282 14281
f 14281 14280 14449
f 14449 14280 14279
f 14449 14279 14278
f 14278 14277 14449
f 14449 14277 14276
f 14449 14276 14275
f 14275 14274 14449
f 14449 14274 14273
f 14449 14273 14272
f 14272 14271 14449
f 14449 14271 14270
f 14449 14270 14269
f 14269 14268 14449
f 14449 14268 14267
f 14449 14267 14266
f 14266 14265 14449
f 14449 14265 14264
f 14449 14264 14263
f 14263 14262 14449
f 14449 14262 14261
f 14449 14261 14260
f 14260 14417 14449
f 14449 14417 14416
f 14449 14416 14415
f 14415 14414 14449
f 14449 14414 14413
f 14449 14413 14412
f 14412 14411 14449
f 14449 14411 14410
f 14449 14410 14409
f 14409 14408 14449
f 14449 14408 14407
f 14449 14407 14406
f 14406 14405 14449
f 14449 14405 14404
f 14449 14404 14403
f 14403 14402 14449
f 14449 14402 14401
f 14449 14401 14400
f 14400 14399 14449
f 14449 14399 14398
f 14449 14398 14397
f 14397 14396 14449
f 14449 14396 14395
f 14449 14395 14394
f 14394 14393 14449
f 14449 14393 14392
f 14449 14392 14391
f 14391 14390 14449
f 14449 14390 14389
f 14449 14389 14388
f 14388 14387 14449
f 14356 14259 14450
f 14450 14259 14324
f 14450 14324 14323
f 14323 14322 14450
f 14450 14322 14321
f 14450 14321 14320
f 14320 14319 14450
f 14450 14319 14318
f 14450 14318 14317
f 14317 14316 14450
f 14450 14316 14315
f 14450 14315 14314
f 14314 14313 14450
f 14450 14313 14312
f 14450 14312 14311
f 14311 14310 14450
f 14450 14310 14309
f 14450 14309 14308
f 14308 14307 14450
f 14450 14307 14306
f 14450 14306 14305
f 14305 14304 14450
f 14450 14304 14303
f 14450 14303 14302
f 14302 14301 14450
f 14450 14301 14300
f 14450 14300 14299
f 14299 14298 14450
f 14450 14298 14297
f 14450 14297 14296
f 14296 14295 14450
f 14450 14295 14294
f 14450 14294 14293
f 14293 14386 14450
f 14450 14386 14385
f 14450 14385 14384
f 14384 14383 14450
f 14450 14383 14382
f 14450 14382 14381
f 14381 14380 14450
f 14450 14380 14379
f 14450 14379 14378
f 14378 14377 14450
f 14450 14377 14376
f 14450 14376 14375
f 14375 14374 14450
f 14450 14374 14373
f 14450 14373 14372
f 14372 14371 14450
f 14450 14371 14370
f 14450 14370 14369
f 14369 14368 14450
f 14450 14368 14367
f 14450 14367 14366
f 14366 14365 14450
f 14450 14365 14364
f 14450 14364 14363
f 14363 14362 14450
f 14450 14362 14361
f 14450 14361 14360
f 14360 14359 14450
f 14450 14359 14358
f 14450 14358 14357
f 14357 14356 14450
g MeshBody75

v 147.537354 231.444809 1.320800
v 147.537354 231.444809 1.371600
v 147.541199 231.530380 1.371600
v 147.553253 231.618103 1.371600
v 147.574127 231.706879 1.371600
v 147.604233 231.795395 1.371600
v 147.643768 231.882278 1.371600
v 147.692612 231.966019 1.371600
v 147.750381 232.045151 1.371600
v 147.816330 232.118301 1.371600
v 147.889496 232.184280 1.371600
v 147.968643 232.242035 1.371600
v 148.052368 232.290894 1.371600
v 148.139236 232.330429 1.371600
v 148.227768 232.360519 1.371600
v 148.316528 232.381393 1.371600
v 148.404266 232.393448 1.371600
v 148.489853 232.397308 1.371600
v 148.575439 232.393448 1.371600
v 148.663177 232.381393 1.371600
v 148.751938 232.360519 1.371600
v 148.840469 232.330429 1.371600
v 148.927338 232.290894 1.371600
v 149.011063 232.242035 1.371600
v 149.090210 232.184280 1.371600
v 149.163376 232.118301 1.371600
v 149.229324 232.045151 1.371600
v 149.287094 231.966019 1.371600
v 149.335938 231.882278 1.371600
v 149.375473 231.795395 1.371600
v 149.405594 231.706879 1.371600
v 149.426453 231.618103 1.371600
v 149.438507 231.530380 1.371600
v 149.442352 231.444809 1.371600
v 149.442352 231.444809 1.320800
v 149.438507 231.530380 1.320800
v 149.426453 231.618103 1.320800
v 149.405594 231.706879 1.320800
v 149.375473 231.795395 1.320800
v 149.335938 231.882278 1.320800
v 149.287094 231.966019 1.320800
v 149.229324 232.045151 1.320800
v 149.163376 232.118301 1.320800
v 149.090210 232.184280 1.320800
v 149.011063 232.242035 1.320800
v 148.927338 232.290894 1.320800
v 148.840469 232.330429 1.320800
v 148.751938 232.360519 1.320800
v 148.663177 232.381393 1.320800
v 148.575439 232.393448 1.320800
v 148.489853 232.397308 1.320800
v 148.404266 232.393448 1.320800
v 148.316528 232.381393 1.320800
v 148.227768 232.360519 1.320800
v 148.139236 232.330429 1.320800
v 148.052368 232.290894 1.320800
v 147.968643 232.242035 1.320800
v 147.889496 232.184280 1.320800
v 147.816330 232.118301 1.320800
v 147.750381 232.045151 1.320800
v 147.692612 231.966019 1.320800
v 147.643768 231.882278 1.320800
v 147.604233 231.795395 1.320800
v 147.574127 231.706879 1.320800
v 147.553253 231.618103 1.320800
v 147.541199 231.530380 1.320800
v 147.542404 231.542801 1.346200
v 147.558304 231.643433 1.346200
v 147.585876 231.744934 1.346200
v 147.625671 231.845337 1.346200
v 147.677734 231.942490 1.346200
v 147.741592 232.034180 1.346200
v 147.816330 232.118301 1.346200
v 147.900467 232.193054 1.346200
v 147.992157 232.256927 1.346200
v 148.089310 232.308975 1.346200
v 148.189713 232.348785 1.346200
v 148.291229 232.376358 1.346200
v 148.391846 232.392242 1.346200
v 148.489853 232.397308 1.346200
v 148.587860 232.392242 1.346200
v 148.688477 232.376358 1.346200
v 148.764633 232.356796 1.346200
v 148.840469 232.330429 1.346200
v 148.915070 232.297119 1.346200
v 148.987549 232.256927 1.346200
v 149.056946 232.210083 1.346200
v 149.122375 232.156952 1.346200
v 149.182999 232.098099 1.346200
v 149.238098 232.034180 1.346200
v 149.287094 231.966019 1.346200
v 149.329529 231.894470 1.346200
v 149.365143 231.820465 1.346200
v 149.393829 231.744934 1.346200
v 149.415634 231.668808 1.346200
v 149.430771 231.592896 1.346200
v 149.439545 231.517990 1.346200
v 147.541199 231.359207 1.320800
v 147.553253 231.271484 1.320800
v 147.574127 231.182709 1.320800
v 147.604233 231.094193 1.320800
v 147.643768 231.007309 1.320800
v 147.692612 230.923569 1.320800
v 147.750381 230.844437 1.320800
v 147.816330 230.771286 1.320800
v 147.889496 230.705307 1.320800
v 147.968643 230.647568 1.320800
v 148.052368 230.598709 1.320800
v 148.139236 230.559174 1.320800
v 148.227768 230.529068 1.320800
v 148.316528 230.508194 1.320800
v 148.404266 230.496140 1.320800
v 148.489853 230.492310 1.320800
v 148.575439 230.496140 1.320800
v 148.663177 230.508194 1.320800
v 148.751938 230.529068 1.320800
v 148.840469 230.559174 1.320800
v 148.927338 230.598709 1.320800
v 149.011063 230.647568 1.320800
v 149.090210 230.705307 1.320800
v 149.163376 230.771286 1.320800
v 149.229324 230.844437 1.320800
v 149.287094 230.923569 1.320800
v 149.335938 231.007309 1.320800
v 149.375473 231.094193 1.320800
v 149.405594 231.182709 1.320800
v 149.426453 231.271484 1.320800
v 149.438507 231.359207 1.320800
v 149.438507 231.359207 1.371600
v 149.426453 231.271484 1.371600
v 149.405594 231.182709 1.371600
v 149.375473 231.094193 1.371600
v 149.335938 231.007309 1.371600
v 149.287094 230.923569 1.371600
v 149.229324 230.844437 1.371600
v 149.163376 230.771286 1.371600
v 149.090210 230.705307 1.371600
v 149.011063 230.647568 1.371600
v 148.927338 230.598709 1.371600
v 148.840469 230.559174 1.371600
v 148.751938 230.529068 1.371600
v 148.663177 230.508194 1.371600
v 148.575439 230.496140 1.371600
v 148.489853 230.492310 1.371600
v 148.404266 230.496140 1.371600
v 148.316528 230.508194 1.371600
v 148.227768 230.529068 1.371600
v 148.139236 230.559174 1.371600
v 148.052368 230.598709 1.371600
v 147.968643 230.647568 1.371600
v 147.889496 230.705307 1.371600
v 147.816330 230.771286 1.371600
v 147.750381 230.844437 1.371600
v 147.692612 230.923569 1.371600
v 147.643768 231.007309 1.371600
v 147.604233 231.094193 1.371600
v 147.574127 231.182709 1.371600
v 147.553253 231.271484 1.371600
v 147.541199 231.359207 1.371600
v 147.548935 231.296692 1.346200
v 147.540161 231.371597 1.346200
v 147.564056 231.220810 1.346200
v 147.585876 231.144669 1.346200
v 147.614563 231.069122 1.346200
v 147.650177 230.995117 1.346200
v 147.692612 230.923569 1.346200
v 147.741592 230.855408 1.346200
v 147.796707 230.791489 1.346200
v 147.857330 230.732635 1.346200
v 147.922760 230.679520 1.346200
v 147.992157 230.632660 1.346200
v 148.064621 230.592499 1.346200
v 148.139236 230.559174 1.346200
v 148.215073 230.532791 1.346200
v 148.291229 230.513229 1.346200
v 148.391846 230.497360 1.346200
v 148.489853 230.492310 1.346200
v 148.587860 230.497360 1.346200
v 148.688477 230.513229 1.346200
v 148.789978 230.540833 1.346200
v 148.890396 230.580612 1.346200
v 148.987549 230.632660 1.346200
v 149.079239 230.696548 1.346200
v 149.163376 230.771286 1.346200
v 149.238098 230.855408 1.346200
v 149.301987 230.947098 1.346200
v 149.354034 231.044250 1.346200
v 149.393829 231.144669 1.346200
v 149.421417 231.246170 1.346200
v 149.437302 231.346786 1.346200
v 148.489853 231.444809 1.371600
v 148.489853 231.444809 1.320800
f 14451 14452 14516
f 14516 14452 14517
f 14516 14517 14515
f 14515 14517 14518
f 14515 14518 14514
f 14514 14518 14519
f 14514 14519 14513
f 14513 14519 14520
f 14513 14520 14512
f 14512 14520 14521
f 14512 14521 14511
f 14511 14521 14522
f 14511 14522 14510
f 14510 14522 14523
f 14510 14523 14509
f 14509 14523 14508
f 14508 14523 14524
f 14508 14524 14507
f 14507 14524 14525
f 14507 14525 14506
f 14506 14525 14526
f 14506 14526 14505
f 14505 14526 14527
f 14505 14527 14504
f 14504 14527 14528
f 14504 14528 14503
f 14503 14528 14529
f 14503 14529 14502
f 14502 14529 14530
f 14502 14530 14501
f 14501 14530 14500
f 14500 14530 14531
f 14500 14531 14499
f 14499 14531 14532
f 14499 14532 14498
f 14498 14532 14533
f 14498 14533 14497
f 14497 14533 14534
f 14497 14534 14535
f 14535 14534 14472
f 14535 14472 14473
f 14452 14453 14517
f 14517 14453 14454
f 14517 14454 14518
f 14518 14454 14455
f 14518 14455 14519
f 14519 14455 14456
f 14519 14456 14520
f 14520 14456 14457
f 14520 14457 14521
f 14521 14457 14458
f 14521 14458 14522
f 14522 14458 14459
f 14522 14459 14523
f 14523 14459 14460
f 14523 14460 14461
f 14523 14461 14524
f 14524 14461 14462
f 14524 14462 14525
f 14525 14462 14463
f 14525 14463 14526
f 14526 14463 14464
f 14526 14464 14527
f 14527 14464 14465
f 14527 14465 14528
f 14528 14465 14466
f 14528 14466 14529
f 14529 14466 14467
f 14529 14467 14530
f 14530 14467 14468
f 14530 14468 14469
f 14530 14469 14531
f 14531 14469 14470
f 14531 14470 14532
f 14532 14470 14471
f 14532 14471 14533
f 14533 14471 14472
f 14533 14472 14534
f 14535 14473 14536
f 14536 14473 14474
f 14536 14474 14537
f 14537 14474 14475
f 14537 14475 14538
f 14538 14475 14476
f 14538 14476 14539
f 14539 14476 14477
f 14539 14477 14540
f 14540 14477 14478
f 14540 14478 14541
f 14541 14478 14542
f 14541 14542 14491
f 14491 14542 14490
f 14490 14542 14543
f 14490 14543 14489
f 14489 14543 14544
f 14489 14544 14488
f 14488 14544 14545
f 14488 14545 14487
f 14487 14545 14546
f 14487 14546 14486
f 14486 14546 14547
f 14486 14547 14485
f 14485 14547 14484
f 14484 14547 14483
f 14483 14547 14546
f 14483 14546 14482
f 14482 14546 14545
f 14482 14545 14481
f 14481 14545 14544
f 14481 14544 14480
f 14480 14544 14543
f 14480 14543 14479
f 14479 14543 14542
f 14479 14542 14478
f 14541 14491 14540
f 14540 14491 14492
f 14540 14492 14539
f 14539 14492 14493
f 14539 14493 14538
f 14538 14493 14494
f 14538 14494 14537
f 14537 14494 14495
f 14537 14495 14536
f 14536 14495 14496
f 14536 14496 14535
f 14535 14496 14497
f 14609 14452 14611
f 14611 14452 14451
f 14611 14451 14548
f 14611 14548 14610
f 14610 14548 14549
f 14610 14549 14612
f 14612 14549 14550
f 14612 14550 14613
f 14613 14550 14551
f 14613 14551 14614
f 14614 14551 14552
f 14614 14552 14615
f 14615 14552 14553
f 14615 14553 14616
f 14616 14553 14617
f 14616 14617 14604
f 14604 14617 14603
f 14603 14617 14618
f 14603 14618 14602
f 14602 14618 14619
f 14602 14619 14601
f 14601 14619 14620
f 14601 14620 14600
f 14600 14620 14621
f 14600 14621 14599
f 14599 14621 14622
f 14599 14622 14598
f 14598 14622 14623
f 14598 14623 14624
f 14624 14623 14559
f 14624 14559 14560
f 14553 14554 14617
f 14617 14554 14618
f 14554 14555 14618
f 14618 14555 14619
f 14555 14556 14619
f 14619 14556 14620
f 14556 14557 14620
f 14620 14557 14621
f 14557 14558 14621
f 14621 14558 14622
f 14558 14559 14622
f 14622 14559 14623
f 14624 14560 14625
f 14625 14560 14561
f 14625 14561 14626
f 14626 14561 14562
f 14626 14562 14627
f 14627 14562 14563
f 14627 14563 14564
f 14627 14564 14628
f 14628 14564 14565
f 14628 14565 14629
f 14629 14565 14566
f 14629 14566 14630
f 14630 14566 14567
f 14630 14567 14631
f 14631 14567 14568
f 14631 14568 14632
f 14632 14568 14569
f 14632 14569 14633
f 14633 14569 14570
f 14633 14570 14634
f 14634 14570 14571
f 14634 14571 14572
f 14634 14572 14635
f 14635 14572 14573
f 14635 14573 14636
f 14636 14573 14574
f 14636 14574 14637
f 14637 14574 14575
f 14637 14575 14638
f 14638 14575 14576
f 14638 14576 14639
f 14639 14576 14577
f 14639 14577 14640
f 14640 14577 14578
f 14640 14578 14484
f 14484 14578 14485
f 14484 14579 14640
f 14640 14579 14580
f 14640 14580 14639
f 14639 14580 14581
f 14639 14581 14638
f 14638 14581 14582
f 14638 14582 14637
f 14637 14582 14583
f 14637 14583 14636
f 14636 14583 14584
f 14636 14584 14635
f 14635 14584 14585
f 14635 14585 14634
f 14634 14585 14586
f 14634 14586 14587
f 14634 14587 14633
f 14633 14587 14588
f 14633 14588 14632
f 14632 14588 14589
f 14632 14589 14631
f 14631 14589 14590
f 14631 14590 14630
f 14630 14590 14591
f 14630 14591 14629
f 14629 14591 14592
f 14629 14592 14628
f 14628 14592 14593
f 14628 14593 14627
f 14627 14593 14594
f 14627 14594 14595
f 14627 14595 14626
f 14626 14595 14596
f 14626 14596 14625
f 14625 14596 14597
f 14625 14597 14624
f 14624 14597 14598
f 14616 14604 14615
f 14615 14604 14605
f 14615 14605 14614
f 14614 14605 14606
f 14614 14606 14613
f 14613 14606 14607
f 14613 14607 14612
f 14612 14607 14608
f 14612 14608 14610
f 14610 14608 14609
f 14610 14609 14611
f 14579 14484 14641
f 14641 14484 14483
f 14641 14483 14482
f 14482 14481 14641
f 14641 14481 14480
f 14641 14480 14479
f 14479 14478 14641
f 14641 14478 14477
f 14641 14477 14476
f 14476 14475 14641
f 14641 14475 14474
f 14641 14474 14473
f 14473 14472 14641
f 14641 14472 14471
f 14641 14471 14470
f 14470 14469 14641
f 14641 14469 14468
f 14641 14468 14467
f 14467 14466 14641
f 14641 14466 14465
f 14641 14465 14464
f 14464 14463 14641
f 14641 14463 14462
f 14641 14462 14461
f 14461 14460 14641
f 14641 14460 14459
f 14641 14459 14458
f 14458 14457 14641
f 14641 14457 14456
f 14641 14456 14455
f 14455 14454 14641
f 14641 14454 14453
f 14641 14453 14452
f 14452 14609 14641
f 14641 14609 14608
f 14641 14608 14607
f 14607 14606 14641
f 14641 14606 14605
f 14641 14605 14604
f 14604 14603 14641
f 14641 14603 14602
f 14641 14602 14601
f 14601 14600 14641
f 14641 14600 14599
f 14641 14599 14598
f 14598 14597 14641
f 14641 14597 14596
f 14641 14596 14595
f 14595 14594 14641
f 14641 14594 14593
f 14641 14593 14592
f 14592 14591 14641
f 14641 14591 14590
f 14641 14590 14589
f 14589 14588 14641
f 14641 14588 14587
f 14641 14587 14586
f 14586 14585 14641
f 14641 14585 14584
f 14641 14584 14583
f 14583 14582 14641
f 14641 14582 14581
f 14641 14581 14580
f 14580 14579 14641
f 14548 14451 14642
f 14642 14451 14516
f 14642 14516 14515
f 14515 14514 14642
f 14642 14514 14513
f 14642 14513 14512
f 14512 14511 14642
f 14642 14511 14510
f 14642 14510 14509
f 14509 14508 14642
f 14642 14508 14507
f 14642 14507 14506
f 14506 14505 14642
f 14642 14505 14504
f 14642 14504 14503
f 14503 14502 14642
f 14642 14502 14501
f 14642 14501 14500
f 14500 14499 14642
f 14642 14499 14498
f 14642 14498 14497
f 14497 14496 14642
f 14642 14496 14495
f 14642 14495 14494
f 14494 14493 14642
f 14642 14493 14492
f 14642 14492 14491
f 14491 14490 14642
f 14642 14490 14489
f 14642 14489 14488
f 14488 14487 14642
f 14642 14487 14486
f 14642 14486 14485
f 14485 14578 14642
f 14642 14578 14577
f 14642 14577 14576
f 14576 14575 14642
f 14642 14575 14574
f 14642 14574 14573
f 14573 14572 14642
f 14642 14572 14571
f 14642 14571 14570
f 14570 14569 14642
f 14642 14569 14568
f 14642 14568 14567
f 14567 14566 14642
f 14642 14566 14565
f 14642 14565 14564
f 14564 14563 14642
f 14642 14563 14562
f 14642 14562 14561
f 14561 14560 14642
f 14642 14560 14559
f 14642 14559 14558
f 14558 14557 14642
f 14642 14557 14556
f 14642 14556 14555
f 14555 14554 14642
f 14642 14554 14553
f 14642 14553 14552
f 14552 14551 14642
f 14642 14551 14550
f 14642 14550 14549
f 14549 14548 14642
# 14642 vertices
# 0 texture params
# 0 normals
# 29180 facets

# 75 groups
